id,title,release_date,release_year,month_label,season,budget,revenue,profit,revenue_multiple,is_profitable,valid_financial_flag,budget_group,rating_group,vote_average,vote_count,popularity
19995,Avatar,2009-12-10,2009,12 Dec,2) Holiday (Nov-Dec),237000000.0,2787965087.0,2550965087.0,11.763565767932489,1.0,1,Q4 (highest),4) 7.0 and above,7.2,11800,150.437577
285,Pirates of the Caribbean: At World's End,2007-05-19,2007,05 May,1) Summer (May-Jul),300000000.0,961000000.0,661000000.0,3.203333333333333,1.0,1,Q4 (highest),3) 6.0-6.9,6.9,4500,139.082615
206647,Spectre,2015-10-26,2015,10 Oct,3) Other months,245000000.0,880674609.0,635674609.0,3.5945902408163266,1.0,1,Q4 (highest),3) 6.0-6.9,6.3,4466,107.376788
49026,The Dark Knight Rises,2012-07-16,2012,07 Jul,1) Summer (May-Jul),250000000.0,1084939099.0,834939099.0,4.339756396,1.0,1,Q4 (highest),4) 7.0 and above,7.6,9106,112.31295
49529,John Carter,2012-03-07,2012,03 Mar,3) Other months,260000000.0,284139100.0,24139100.0,1.0928426923076924,1.0,1,Q4 (highest),3) 6.0-6.9,6.1,2124,43.926995
559,Spider-Man 3,2007-05-01,2007,05 May,1) Summer (May-Jul),258000000.0,890871626.0,632871626.0,3.4529907984496124,1.0,1,Q4 (highest),2) 5.0-5.9,5.9,3576,115.699814
38757,Tangled,2010-11-24,2010,11 Nov,2) Holiday (Nov-Dec),260000000.0,591794936.0,331794936.0,2.2761343692307694,1.0,1,Q4 (highest),4) 7.0 and above,7.4,3330,48.681969
99861,Avengers: Age of Ultron,2015-04-22,2015,04 Apr,3) Other months,280000000.0,1405403694.0,1125403694.0,5.019298907142857,1.0,1,Q4 (highest),4) 7.0 and above,7.3,6767,134.279229
767,Harry Potter and the Half-Blood Prince,2009-07-07,2009,07 Jul,1) Summer (May-Jul),250000000.0,933959197.0,683959197.0,3.735836788,1.0,1,Q4 (highest),4) 7.0 and above,7.4,5293,98.885637
209112,Batman v Superman: Dawn of Justice,2016-03-23,2016,03 Mar,3) Other months,250000000.0,873260194.0,623260194.0,3.493040776,1.0,1,Q4 (highest),2) 5.0-5.9,5.7,7004,155.790452
1452,Superman Returns,2006-06-28,2006,06 Jun,1) Summer (May-Jul),270000000.0,391081192.0,121081192.0,1.4484488592592593,1.0,1,Q4 (highest),2) 5.0-5.9,5.4,1400,57.925623
10764,Quantum of Solace,2008-10-30,2008,10 Oct,3) Other months,200000000.0,586090727.0,386090727.0,2.930453635,1.0,1,Q4 (highest),3) 6.0-6.9,6.1,2965,107.928811
58,Pirates of the Caribbean: Dead Man's Chest,2006-06-20,2006,06 Jun,1) Summer (May-Jul),200000000.0,1065659812.0,865659812.0,5.32829906,1.0,1,Q4 (highest),4) 7.0 and above,7.0,5246,145.847379
57201,The Lone Ranger,2013-07-03,2013,07 Jul,1) Summer (May-Jul),255000000.0,89289910.0,-165710090.0,0.35015650980392155,0.0,1,Q4 (highest),2) 5.0-5.9,5.9,2311,49.046956
49521,Man of Steel,2013-06-12,2013,06 Jun,1) Summer (May-Jul),225000000.0,662845518.0,437845518.0,2.94598008,1.0,1,Q4 (highest),3) 6.0-6.9,6.5,6359,99.398009
2454,The Chronicles of Narnia: Prince Caspian,2008-05-15,2008,05 May,1) Summer (May-Jul),225000000.0,419651413.0,194651413.0,1.8651173911111112,1.0,1,Q4 (highest),3) 6.0-6.9,6.3,1630,53.978602
24428,The Avengers,2012-04-25,2012,04 Apr,3) Other months,220000000.0,1519557910.0,1299557910.0,6.907081409090909,1.0,1,Q4 (highest),4) 7.0 and above,7.4,11776,144.448633
1865,Pirates of the Caribbean: On Stranger Tides,2011-05-14,2011,05 May,1) Summer (May-Jul),380000000.0,1045713802.0,665713802.0,2.7518784263157894,1.0,1,Q4 (highest),3) 6.0-6.9,6.4,4948,135.413856
41154,Men in Black 3,2012-05-23,2012,05 May,1) Summer (May-Jul),225000000.0,624026776.0,399026776.0,2.773452337777778,1.0,1,Q4 (highest),3) 6.0-6.9,6.2,4160,52.035179
122917,The Hobbit: The Battle of the Five Armies,2014-12-10,2014,12 Dec,2) Holiday (Nov-Dec),250000000.0,956019788.0,706019788.0,3.824079152,1.0,1,Q4 (highest),4) 7.0 and above,7.1,4760,120.965743
1930,The Amazing Spider-Man,2012-06-27,2012,06 Jun,1) Summer (May-Jul),215000000.0,752215857.0,537215857.0,3.4986784046511628,1.0,1,Q4 (highest),3) 6.0-6.9,6.5,6586,89.866276
20662,Robin Hood,2010-05-12,2010,05 May,1) Summer (May-Jul),200000000.0,310669540.0,110669540.0,1.5533477,1.0,1,Q4 (highest),3) 6.0-6.9,6.2,1398,37.668301
57158,The Hobbit: The Desolation of Smaug,2013-12-11,2013,12 Dec,2) Holiday (Nov-Dec),250000000.0,958400000.0,708400000.0,3.8336,1.0,1,Q4 (highest),4) 7.0 and above,7.6,4524,94.370564
2268,The Golden Compass,2007-12-04,2007,12 Dec,2) Holiday (Nov-Dec),180000000.0,372234864.0,192234864.0,2.0679714666666666,1.0,1,Q4 (highest),2) 5.0-5.9,5.8,1303,42.990906
254,King Kong,2005-12-14,2005,12 Dec,2) Holiday (Nov-Dec),207000000.0,550000000.0,343000000.0,2.657004830917874,1.0,1,Q4 (highest),3) 6.0-6.9,6.6,2337,61.22601
597,Titanic,1997-11-18,1997,11 Nov,2) Holiday (Nov-Dec),200000000.0,1845034188.0,1645034188.0,9.22517094,1.0,1,Q4 (highest),4) 7.0 and above,7.5,7562,100.025899
271110,Captain America: Civil War,2016-04-27,2016,04 Apr,3) Other months,250000000.0,1153304495.0,903304495.0,4.61321798,1.0,1,Q4 (highest),4) 7.0 and above,7.1,7241,198.372395
44833,Battleship,2012-04-11,2012,04 Apr,3) Other months,209000000.0,303025485.0,94025485.0,1.4498827033492823,1.0,1,Q4 (highest),2) 5.0-5.9,5.5,2114,64.928382
135397,Jurassic World,2015-06-09,2015,06 Jun,1) Summer (May-Jul),150000000.0,1513528810.0,1363528810.0,10.090192066666667,1.0,1,Q4 (highest),3) 6.0-6.9,6.5,8662,418.708552
37724,Skyfall,2012-10-25,2012,10 Oct,3) Other months,200000000.0,1108561013.0,908561013.0,5.542805065,1.0,1,Q4 (highest),3) 6.0-6.9,6.9,7604,93.004993
558,Spider-Man 2,2004-06-25,2004,06 Jun,1) Summer (May-Jul),200000000.0,783766341.0,583766341.0,3.918831705,1.0,1,Q4 (highest),3) 6.0-6.9,6.7,4321,35.149586
68721,Iron Man 3,2013-04-18,2013,04 Apr,3) Other months,200000000.0,1215439994.0,1015439994.0,6.07719997,1.0,1,Q4 (highest),3) 6.0-6.9,6.8,8806,77.68208
12155,Alice in Wonderland,2010-03-03,2010,03 Mar,3) Other months,200000000.0,1025491110.0,825491110.0,5.12745555,1.0,1,Q4 (highest),3) 6.0-6.9,6.4,4645,78.530105
36668,X-Men: The Last Stand,2006-05-24,2006,05 May,1) Summer (May-Jul),210000000.0,459359555.0,249359555.0,2.1874264523809526,1.0,1,Q4 (highest),3) 6.0-6.9,6.3,3525,3.857526
62211,Monsters University,2013-06-20,2013,06 Jun,1) Summer (May-Jul),200000000.0,743559607.0,543559607.0,3.717798035,1.0,1,Q4 (highest),4) 7.0 and above,7.0,3528,89.186492
8373,Transformers: Revenge of the Fallen,2009-06-19,2009,06 Jun,1) Summer (May-Jul),150000000.0,836297228.0,686297228.0,5.575314853333333,1.0,1,Q4 (highest),3) 6.0-6.9,6.0,3138,21.939663
91314,Transformers: Age of Extinction,2014-06-25,2014,06 Jun,1) Summer (May-Jul),210000000.0,1091405097.0,881405097.0,5.1971671285714285,1.0,1,Q4 (highest),2) 5.0-5.9,5.8,3095,116.840296
68728,Oz: The Great and Powerful,2013-03-07,2013,03 Mar,3) Other months,200000000.0,491868548.0,291868548.0,2.45934274,1.0,1,Q4 (highest),2) 5.0-5.9,5.7,3530,46.985445
102382,The Amazing Spider-Man 2,2014-04-16,2014,04 Apr,3) Other months,200000000.0,705717432.0,505717432.0,3.52858716,1.0,1,Q4 (highest),3) 6.0-6.9,6.5,4179,89.270217
20526,TRON: Legacy,2010-12-10,2010,12 Dec,2) Holiday (Nov-Dec),170000000.0,400062763.0,230062763.0,2.3533103705882352,1.0,1,Q4 (highest),3) 6.0-6.9,6.3,2841,73.79505
49013,Cars 2,2011-06-11,2011,06 Jun,1) Summer (May-Jul),200000000.0,559852396.0,359852396.0,2.79926198,1.0,1,Q4 (highest),2) 5.0-5.9,5.8,2033,49.98659
44912,Green Lantern,2011-06-16,2011,06 Jun,1) Summer (May-Jul),200000000.0,219851172.0,19851172.0,1.09925586,1.0,1,Q4 (highest),2) 5.0-5.9,5.1,2487,51.872839
10193,Toy Story 3,2010-06-16,2010,06 Jun,1) Summer (May-Jul),200000000.0,1066969703.0,866969703.0,5.334848515,1.0,1,Q4 (highest),4) 7.0 and above,7.6,4597,59.995418
534,Terminator Salvation,2009-05-20,2009,05 May,1) Summer (May-Jul),200000000.0,371353001.0,171353001.0,1.856765005,1.0,1,Q4 (highest),2) 5.0-5.9,5.9,2463,71.862892
168259,Furious 7,2015-04-01,2015,04 Apr,3) Other months,190000000.0,1506249360.0,1316249360.0,7.927628210526316,1.0,1,Q4 (highest),4) 7.0 and above,7.3,4176,102.322217
72190,World War Z,2013-06-20,2013,06 Jun,1) Summer (May-Jul),200000000.0,531865000.0,331865000.0,2.659325,1.0,1,Q4 (highest),3) 6.0-6.9,6.7,5560,81.834855
127585,X-Men: Days of Future Past,2014-05-15,2014,05 May,1) Summer (May-Jul),250000000.0,747862775.0,497862775.0,2.9914511,1.0,1,Q4 (highest),4) 7.0 and above,7.5,6032,118.078691
54138,Star Trek Into Darkness,2013-05-05,2013,05 May,1) Summer (May-Jul),190000000.0,467365246.0,277365246.0,2.4598170842105263,1.0,1,Q4 (highest),4) 7.0 and above,7.4,4418,78.291018
81005,Jack the Giant Slayer,2013-02-27,2013,02 Feb,3) Other months,195000000.0,197687603.0,2687603.0,1.0137825794871795,1.0,1,Q4 (highest),2) 5.0-5.9,5.5,2598,43.349855
64682,The Great Gatsby,2013-05-10,2013,05 May,1) Summer (May-Jul),105000000.0,351040419.0,246040419.0,3.3432420857142855,1.0,1,Q4 (highest),4) 7.0 and above,7.3,3769,61.196071
9543,Prince of Persia: The Sands of Time,2010-05-19,2010,05 May,1) Summer (May-Jul),150000000.0,335154643.0,185154643.0,2.2343642866666666,1.0,1,Q4 (highest),3) 6.0-6.9,6.2,2317,62.169881
68726,Pacific Rim,2013-07-11,2013,07 Jul,1) Summer (May-Jul),180000000.0,407602906.0,227602906.0,2.264460588888889,1.0,1,Q4 (highest),3) 6.0-6.9,6.7,4794,56.523205
38356,Transformers: Dark of the Moon,2011-06-28,2011,06 Jun,1) Summer (May-Jul),195000000.0,1123746996.0,928746996.0,5.762805107692308,1.0,1,Q4 (highest),3) 6.0-6.9,6.1,3299,28.529607
217,Indiana Jones and the Kingdom of the Crystal Skull,2008-05-21,2008,05 May,1) Summer (May-Jul),185000000.0,786636033.0,601636033.0,4.252086664864865,1.0,1,Q4 (highest),2) 5.0-5.9,5.7,2495,75.674458
105864,The Good Dinosaur,2015-11-14,2015,11 Nov,2) Holiday (Nov-Dec),175000000.0,331926147.0,156926147.0,1.89672084,1.0,1,Q4 (highest),3) 6.0-6.9,6.6,1736,51.692953
62177,Brave,2012-06-21,2012,06 Jun,1) Summer (May-Jul),185000000.0,538983207.0,353983207.0,2.9134227405405406,1.0,1,Q4 (highest),3) 6.0-6.9,6.7,4641,125.114374
188927,Star Trek Beyond,2016-07-07,2016,07 Jul,1) Summer (May-Jul),185000000.0,343471816.0,158471816.0,1.8566044108108108,1.0,1,Q4 (highest),3) 6.0-6.9,6.6,2568,65.352913
10681,WALL·E,2008-06-22,2008,06 Jun,1) Summer (May-Jul),180000000.0,521311860.0,341311860.0,2.896177,1.0,1,Q4 (highest),4) 7.0 and above,7.8,6296,66.390712
5174,Rush Hour 3,2007-08-08,2007,08 Aug,3) Other months,140000000.0,258022233.0,118022233.0,1.84301595,1.0,1,Q4 (highest),3) 6.0-6.9,6.1,783,22.57178
14161,2012,2009-10-10,2009,10 Oct,3) Other months,200000000.0,769653595.0,569653595.0,3.848267975,1.0,1,Q4 (highest),2) 5.0-5.9,5.6,4903,45.274225
17979,A Christmas Carol,2009-11-04,2009,11 Nov,2) Holiday (Nov-Dec),200000000.0,325233863.0,125233863.0,1.626169315,1.0,1,Q4 (highest),3) 6.0-6.9,6.6,1095,39.744242
76757,Jupiter Ascending,2015-02-04,2015,02 Feb,3) Other months,176000003.0,183987723.0,7987720.0,1.0453847719536686,1.0,1,Q4 (highest),2) 5.0-5.9,5.2,2768,85.36908
258489,The Legend of Tarzan,2016-06-29,2016,06 Jun,1) Summer (May-Jul),180000000.0,356743061.0,176743061.0,1.9819058944444445,1.0,1,Q4 (highest),2) 5.0-5.9,5.5,2430,42.741719
411,"The Chronicles of Narnia: The Lion, the Witch and the Wardrobe",2005-12-07,2005,12 Dec,2) Holiday (Nov-Dec),180000000.0,748806957.0,568806957.0,4.16003865,1.0,1,Q4 (highest),3) 6.0-6.9,6.7,2629,67.391328
246655,X-Men: Apocalypse,2016-05-18,2016,05 May,1) Summer (May-Jul),178000000.0,543934787.0,365934787.0,3.0558134101123597,1.0,1,Q4 (highest),3) 6.0-6.9,6.4,4721,139.272042
155,The Dark Knight,2008-07-16,2008,07 Jul,1) Summer (May-Jul),185000000.0,1004558444.0,819558444.0,5.430045643243243,1.0,1,Q4 (highest),4) 7.0 and above,8.2,12002,187.322927
14160,Up,2009-05-13,2009,05 May,1) Summer (May-Jul),175000000.0,735099082.0,560099082.0,4.200566182857143,1.0,1,Q4 (highest),4) 7.0 and above,7.7,6870,92.201962
15512,Monsters vs Aliens,2009-03-19,2009,03 Mar,3) Other months,175000000.0,381509870.0,206509870.0,2.1800564,1.0,1,Q4 (highest),3) 6.0-6.9,6.0,1423,36.167578
1726,Iron Man,2008-04-30,2008,04 Apr,3) Other months,140000000.0,585174222.0,445174222.0,4.179815871428572,1.0,1,Q4 (highest),4) 7.0 and above,7.4,8776,120.725053
44826,Hugo,2011-11-22,2011,11 Nov,2) Holiday (Nov-Dec),170000000.0,185770160.0,15770160.0,1.0927656470588236,1.0,1,Q4 (highest),4) 7.0 and above,7.0,2141,32.319043
8487,Wild Wild West,1999-06-29,1999,06 Jun,1) Summer (May-Jul),170000000.0,222104681.0,52104681.0,1.3064981235294117,1.0,1,Q4 (highest),2) 5.0-5.9,5.1,1020,40.748915
1735,The Mummy: Tomb of the Dragon Emperor,2008-07-01,2008,07 Jul,1) Summer (May-Jul),145000000.0,401128639.0,256128639.0,2.7664044068965516,1.0,1,Q4 (highest),2) 5.0-5.9,5.2,1387,60.034162
297761,Suicide Squad,2016-08-02,2016,08 Aug,3) Other months,175000000.0,745000000.0,570000000.0,4.257142857142857,1.0,1,Q4 (highest),2) 5.0-5.9,5.9,7458,90.23792
2698,Evan Almighty,2007-06-09,2007,06 Jun,1) Summer (May-Jul),175000000.0,173000000.0,-2000000.0,0.9885714285714285,0.0,1,Q4 (highest),2) 5.0-5.9,5.3,1151,27.082182
137113,Edge of Tomorrow,2014-05-27,2014,05 May,1) Summer (May-Jul),178000000.0,370541256.0,192541256.0,2.081692449438202,1.0,1,Q4 (highest),4) 7.0 and above,7.6,4858,79.456485
9804,Waterworld,1995-07-28,1995,07 Jul,1) Summer (May-Jul),175000000.0,264218220.0,89218220.0,1.5098184,1.0,1,Q4 (highest),2) 5.0-5.9,5.9,992,44.640292
14869,G.I. Joe: The Rise of Cobra,2009-08-04,2009,08 Aug,3) Other months,175000000.0,302469017.0,127469017.0,1.7283943828571429,1.0,1,Q4 (highest),2) 5.0-5.9,5.6,1962,32.852443
150540,Inside Out,2015-06-09,2015,06 Jun,1) Summer (May-Jul),175000000.0,857611174.0,682611174.0,4.90063528,1.0,1,Q4 (highest),4) 7.0 and above,8.0,6560,128.655964
278927,The Jungle Book,2016-04-07,2016,04 Apr,3) Other months,175000000.0,966550600.0,791550600.0,5.523146285714286,1.0,1,Q4 (highest),3) 6.0-6.9,6.7,2892,94.199316
10138,Iron Man 2,2010-04-28,2010,04 Apr,3) Other months,200000000.0,623933331.0,423933331.0,3.119666655,1.0,1,Q4 (highest),3) 6.0-6.9,6.6,6849,77.300194
58595,Snow White and the Huntsman,2012-05-30,2012,05 May,1) Summer (May-Jul),170000000.0,396600000.0,226600000.0,2.3329411764705883,1.0,1,Q4 (highest),2) 5.0-5.9,5.8,3118,77.178973
102651,Maleficent,2014-05-28,2014,05 May,1) Summer (May-Jul),180000000.0,758539785.0,578539785.0,4.214109916666667,1.0,1,Q4 (highest),4) 7.0 and above,7.0,4496,110.620647
119450,Dawn of the Planet of the Apes,2014-06-26,2014,06 Jun,1) Summer (May-Jul),170000000.0,710644566.0,540644566.0,4.180262152941176,1.0,1,Q4 (highest),4) 7.0 and above,7.3,4410,243.791743
79698,The Lovers,2015-02-13,2015,02 Feb,3) Other months,27000000.0,,,,,0,,1) Below 5.0,4.8,34,2.418535
64686,47 Ronin,2013-12-06,2013,12 Dec,2) Holiday (Nov-Dec),175000000.0,150962475.0,-24037525.0,0.8626427142857143,0.0,1,Q4 (highest),2) 5.0-5.9,5.9,1326,41.796339
100402,Captain America: The Winter Soldier,2014-03-20,2014,03 Mar,3) Other months,170000000.0,714766572.0,544766572.0,4.204509247058824,1.0,1,Q4 (highest),4) 7.0 and above,7.6,5764,72.225265
10192,Shrek Forever After,2010-05-16,2010,05 May,1) Summer (May-Jul),165000000.0,752600867.0,587600867.0,4.561217375757575,1.0,1,Q4 (highest),3) 6.0-6.9,6.0,1959,44.041186
158852,Tomorrowland,2015-05-19,2015,05 May,1) Summer (May-Jul),190000000.0,209154322.0,19154322.0,1.1008122210526317,1.0,1,Q4 (highest),3) 6.0-6.9,6.2,2846,130.311355
177572,Big Hero 6,2014-10-24,2014,10 Oct,3) Other months,165000000.0,652105443.0,487105443.0,3.9521542,1.0,1,Q4 (highest),4) 7.0 and above,7.8,6135,203.73459
82690,Wreck-It Ralph,2012-11-01,2012,11 Nov,2) Holiday (Nov-Dec),165000000.0,471222889.0,306222889.0,2.855896296969697,1.0,1,Q4 (highest),4) 7.0 and above,7.1,4570,62.341073
5255,The Polar Express,2004-11-10,2004,11 Nov,2) Holiday (Nov-Dec),165000000.0,305875730.0,140875730.0,1.853792303030303,1.0,1,Q4 (highest),3) 6.0-6.9,6.4,1474,47.323228
47933,Independence Day: Resurgence,2016-06-22,2016,06 Jun,1) Summer (May-Jul),165000000.0,389681935.0,224681935.0,2.3617086969696968,1.0,1,Q4 (highest),1) Below 5.0,4.9,2491,48.775723
10191,How to Train Your Dragon,2010-03-05,2010,03 Mar,3) Other months,165000000.0,494878759.0,329878759.0,2.999265206060606,1.0,1,Q4 (highest),4) 7.0 and above,7.5,4227,67.263269
296,Terminator 3: Rise of the Machines,2003-07-02,2003,07 Jul,1) Summer (May-Jul),200000000.0,435000000.0,235000000.0,2.175,1.0,1,Q4 (highest),2) 5.0-5.9,5.9,2143,69.405188
118340,Guardians of the Galaxy,2014-07-30,2014,07 Jul,1) Summer (May-Jul),170000000.0,773328629.0,603328629.0,4.548991935294118,1.0,1,Q4 (highest),4) 7.0 and above,7.9,9742,481.098624
157336,Interstellar,2014-11-05,2014,11 Nov,2) Holiday (Nov-Dec),165000000.0,675120017.0,510120017.0,4.0916364666666665,1.0,1,Q4 (highest),4) 7.0 and above,8.1,10867,724.247784
27205,Inception,2010-07-14,2010,07 Jul,1) Summer (May-Jul),160000000.0,825532764.0,665532764.0,5.159579775,1.0,1,Q4 (highest),4) 7.0 and above,8.1,13752,167.58371
315011,Shin Godzilla,2016-07-29,2016,07 Jul,1) Summer (May-Jul),15000000.0,77000000.0,62000000.0,5.133333333333334,1.0,1,Q2,3) 6.0-6.9,6.5,143,9.476999
49051,The Hobbit: An Unexpected Journey,2012-11-26,2012,11 Nov,2) Holiday (Nov-Dec),250000000.0,1021103568.0,771103568.0,4.084414272,1.0,1,Q4 (highest),4) 7.0 and above,7.0,8297,108.849621
9799,The Fast and the Furious,2001-06-22,2001,06 Jun,1) Summer (May-Jul),38000000.0,207283925.0,169283925.0,5.454840131578948,1.0,1,Q3,3) 6.0-6.9,6.6,3428,6.909942
4922,The Curious Case of Benjamin Button,2008-11-24,2008,11 Nov,2) Holiday (Nov-Dec),150000000.0,333932083.0,183932083.0,2.2262138866666668,1.0,1,Q4 (highest),4) 7.0 and above,7.3,3292,60.269279
49538,X-Men: First Class,2011-05-24,2011,05 May,1) Summer (May-Jul),160000000.0,353624124.0,193624124.0,2.210150775,1.0,1,Q4 (highest),4) 7.0 and above,7.1,5181,3.195174
131634,The Hunger Games: Mockingjay - Part 2,2015-11-18,2015,11 Nov,2) Holiday (Nov-Dec),160000000.0,653428261.0,493428261.0,4.08392663125,1.0,1,Q4 (highest),3) 6.0-6.9,6.6,3984,127.284427
27022,The Sorcerer's Apprentice,2010-07-13,2010,07 Jul,1) Summer (May-Jul),150000000.0,215283742.0,65283742.0,1.4352249466666667,1.0,1,Q4 (highest),2) 5.0-5.9,5.8,1470,35.580815
503,Poseidon,2006-05-12,2006,05 May,1) Summer (May-Jul),160000000.0,181674817.0,21674817.0,1.13546760625,1.0,1,Q4 (highest),2) 5.0-5.9,5.5,583,21.133748
241259,Alice Through the Looking Glass,2016-05-25,2016,05 May,1) Summer (May-Jul),170000000.0,299370084.0,129370084.0,1.7610004941176471,1.0,1,Q4 (highest),3) 6.0-6.9,6.5,1725,56.268916
810,Shrek the Third,2007-05-17,2007,05 May,1) Summer (May-Jul),160000000.0,798958165.0,638958165.0,4.99348853125,1.0,1,Q4 (highest),3) 6.0-6.9,6.0,2278,42.986467
68735,Warcraft,2016-05-25,2016,05 May,1) Summer (May-Jul),160000000.0,433677183.0,273677183.0,2.71048239375,1.0,1,Q4 (highest),3) 6.0-6.9,6.3,2268,63.148529
87101,Terminator Genisys,2015-06-23,2015,06 Jun,1) Summer (May-Jul),155000000.0,440603537.0,285603537.0,2.842603464516129,1.0,1,Q4 (highest),2) 5.0-5.9,5.8,3631,202.042635
10140,The Chronicles of Narnia: The Voyage of the Dawn Treader,2010-08-13,2010,08 Aug,3) Other months,155000000.0,415686217.0,260686217.0,2.6818465612903224,1.0,1,Q4 (highest),3) 6.0-6.9,6.2,1514,49.661984
676,Pearl Harbor,2001-05-21,2001,05 May,1) Summer (May-Jul),140000000.0,449220945.0,309220945.0,3.208721035714286,1.0,1,Q4 (highest),3) 6.0-6.9,6.6,1791,34.20669
1858,Transformers,2007-06-27,2007,06 Jun,1) Summer (May-Jul),150000000.0,709709780.0,559709780.0,4.7313985333333335,1.0,1,Q4 (highest),3) 6.0-6.9,6.6,4040,25.468493
1966,Alexander,2004-11-21,2004,11 Nov,2) Holiday (Nov-Dec),155000000.0,167298192.0,12298192.0,1.0793431741935484,1.0,1,Q4 (highest),2) 5.0-5.9,5.6,927,39.019229
675,Harry Potter and the Order of the Phoenix,2007-06-28,2007,06 Jun,1) Summer (May-Jul),150000000.0,938212738.0,788212738.0,6.254751586666667,1.0,1,Q4 (highest),4) 7.0 and above,7.4,5494,78.144395
674,Harry Potter and the Goblet of Fire,2005-11-05,2005,11 Nov,2) Holiday (Nov-Dec),150000000.0,895921036.0,745921036.0,5.9728069066666665,1.0,1,Q4 (highest),4) 7.0 and above,7.5,5608,101.250416
8960,Hancock,2008-07-01,2008,07 Jul,1) Summer (May-Jul),150000000.0,624029371.0,474029371.0,4.160195806666667,1.0,1,Q4 (highest),3) 6.0-6.9,6.2,2961,56.758411
6479,I Am Legend,2007-12-14,2007,12 Dec,2) Holiday (Nov-Dec),150000000.0,585349010.0,435349010.0,3.902326733333333,1.0,1,Q4 (highest),3) 6.0-6.9,6.9,4853,70.867401
118,Charlie and the Chocolate Factory,2005-07-13,2005,07 Jul,1) Summer (May-Jul),150000000.0,474968763.0,324968763.0,3.16645842,1.0,1,Q4 (highest),3) 6.0-6.9,6.7,3624,53.905592
2062,Ratatouille,2007-06-22,2007,06 Jun,1) Summer (May-Jul),150000000.0,623722818.0,473722818.0,4.15815212,1.0,1,Q4 (highest),4) 7.0 and above,7.5,4369,65.677399
272,Batman Begins,2005-06-10,2005,06 Jun,1) Summer (May-Jul),150000000.0,374218673.0,224218673.0,2.4947911533333333,1.0,1,Q4 (highest),4) 7.0 and above,7.5,7359,115.040024
10527,Madagascar: Escape 2 Africa,2008-10-30,2008,10 Oct,3) Other months,150000000.0,603900354.0,453900354.0,4.02600236,1.0,1,Q4 (highest),3) 6.0-6.9,6.2,1810,44.141021
18360,Night at the Museum: Battle of the Smithsonian,2009-05-20,2009,05 May,1) Summer (May-Jul),150000000.0,413106170.0,263106170.0,2.7540411333333332,1.0,1,Q4 (highest),2) 5.0-5.9,5.9,1971,81.781591
2080,X-Men Origins: Wolverine,2009-04-28,2009,04 Apr,3) Other months,150000000.0,373062864.0,223062864.0,2.48708576,1.0,1,Q4 (highest),3) 6.0-6.9,6.2,4021,5.954334
605,The Matrix Revolutions,2003-11-05,2003,11 Nov,2) Holiday (Nov-Dec),150000000.0,424988211.0,274988211.0,2.83325474,1.0,1,Q4 (highest),3) 6.0-6.9,6.4,3096,73.313918
109445,Frozen,2013-11-27,2013,11 Nov,2) Holiday (Nov-Dec),150000000.0,1274219009.0,1124219009.0,8.494793393333333,1.0,1,Q4 (highest),4) 7.0 and above,7.3,5295,165.125366
604,The Matrix Reloaded,2003-05-15,2003,05 May,1) Summer (May-Jul),150000000.0,738599701.0,588599701.0,4.923998006666666,1.0,1,Q4 (highest),3) 6.0-6.9,6.7,3443,70.78591
76338,Thor: The Dark World,2013-10-29,2013,10 Oct,3) Other months,170000000.0,644571402.0,474571402.0,3.7915964823529413,1.0,1,Q4 (highest),3) 6.0-6.9,6.8,4755,99.499595
76341,Mad Max: Fury Road,2015-05-13,2015,05 May,1) Summer (May-Jul),150000000.0,378858340.0,228858340.0,2.5257222666666665,1.0,1,Q4 (highest),4) 7.0 and above,7.2,9427,434.278564
13448,Angels & Demons,2009-05-13,2009,05 May,1) Summer (May-Jul),150000000.0,356613439.0,206613439.0,2.3774229266666667,1.0,1,Q4 (highest),3) 6.0-6.9,6.5,2129,67.447636
10195,Thor,2011-04-21,2011,04 Apr,3) Other months,150000000.0,449326618.0,299326618.0,2.995510786666667,1.0,1,Q4 (highest),3) 6.0-6.9,6.6,6525,86.493424
13053,Bolt,2008-11-21,2008,11 Nov,2) Holiday (Nov-Dec),150000000.0,309979994.0,159979994.0,2.0665332933333334,1.0,1,Q4 (highest),3) 6.0-6.9,6.3,1750,41.845878
19585,G-Force,2009-07-21,2009,07 Jul,1) Summer (May-Jul),150000000.0,292817841.0,142817841.0,1.95211894,1.0,1,Q4 (highest),2) 5.0-5.9,5.1,510,26.710398
57165,Wrath of the Titans,2012-03-27,2012,03 Mar,3) Other months,150000000.0,301000000.0,151000000.0,2.006666666666667,1.0,1,Q4 (highest),2) 5.0-5.9,5.5,1431,44.927635
62213,Dark Shadows,2012-05-08,2012,05 May,1) Summer (May-Jul),150000000.0,245527149.0,95527149.0,1.63684766,1.0,1,Q4 (highest),2) 5.0-5.9,5.7,2320,50.306728
177677,Mission: Impossible - Rogue Nation,2015-07-23,2015,07 Jul,1) Summer (May-Jul),150000000.0,682330139.0,532330139.0,4.548867593333333,1.0,1,Q4 (highest),4) 7.0 and above,7.1,3224,114.522237
7978,The Wolfman,2010-02-11,2010,02 Feb,3) Other months,150000000.0,,,,,0,,2) 5.0-5.9,5.5,549,21.214571
5559,Bee Movie,2007-10-28,2007,10 Oct,3) Other months,150000000.0,287594577.0,137594577.0,1.91729718,1.0,1,Q4 (highest),2) 5.0-5.9,5.7,1171,29.332905
49444,Kung Fu Panda 2,2011-05-25,2011,05 May,1) Summer (May-Jul),150000000.0,665692281.0,515692281.0,4.43794854,1.0,1,Q4 (highest),3) 6.0-6.9,6.7,1880,51.247321
10196,The Last Airbender,2010-06-30,2010,06 Jun,1) Summer (May-Jul),150000000.0,318502923.0,168502923.0,2.12335282,1.0,1,Q4 (highest),1) Below 5.0,4.7,1151,33.769336
956,Mission: Impossible III,2006-05-03,2006,05 May,1) Summer (May-Jul),150000000.0,397850012.0,247850012.0,2.6523334133333334,1.0,1,Q4 (highest),3) 6.0-6.9,6.5,2028,63.079003
117251,White House Down,2013-06-27,2013,06 Jun,1) Summer (May-Jul),150000000.0,205366737.0,55366737.0,1.36911158,1.0,1,Q4 (highest),3) 6.0-6.9,6.4,1891,39.004588
50321,Mars Needs Moms,2011-03-09,2011,03 Mar,3) Other months,150000000.0,38992758.0,-111007242.0,0.25995172,0.0,1,Q4 (highest),2) 5.0-5.9,5.5,199,12.362599
11619,Flushed Away,2006-10-22,2006,10 Oct,3) Other months,149000000.0,64459316.0,-84540684.0,0.4326128590604027,0.0,1,Q4 (highest),3) 6.0-6.9,6.0,874,22.550135
266647,Pan,2015-09-24,2015,09 Sep,3) Other months,150000000.0,128388320.0,-21611680.0,0.8559221333333333,0.0,1,Q4 (highest),2) 5.0-5.9,5.9,954,48.03528
82703,Mr. Peabody & Sherman,2014-02-07,2014,02 Feb,3) Other months,145000000.0,272912430.0,127912430.0,1.8821546896551724,1.0,1,Q4 (highest),3) 6.0-6.9,6.7,843,38.73494
652,Troy,2004-05-13,2004,05 May,1) Summer (May-Jul),175000000.0,497409852.0,322409852.0,2.8423420114285713,1.0,1,Q4 (highest),3) 6.0-6.9,6.9,2759,66.803149
80321,Madagascar 3: Europe's Most Wanted,2012-06-06,2012,06 Jun,1) Summer (May-Jul),145000000.0,746921274.0,601921274.0,5.1511812,1.0,1,Q4 (highest),3) 6.0-6.9,6.4,1808,44.989192
36669,Die Another Day,2002-11-17,2002,11 Nov,2) Holiday (Nov-Dec),140000000.0,431971116.0,291971116.0,3.0855079714285716,1.0,1,Q4 (highest),2) 5.0-5.9,5.8,1092,54.159392
43074,Ghostbusters,2016-07-14,2016,07 Jul,1) Summer (May-Jul),144000000.0,229147509.0,85147509.0,1.5913021458333334,1.0,1,Q4 (highest),2) 5.0-5.9,5.3,2142,66.21806
95,Armageddon,1998-07-01,1998,07 Jul,1) Summer (May-Jul),140000000.0,553799566.0,413799566.0,3.9557111857142857,1.0,1,Q4 (highest),3) 6.0-6.9,6.4,2482,58.485967
608,Men in Black II,2002-07-03,2002,07 Jul,1) Summer (May-Jul),140000000.0,441818803.0,301818803.0,3.1558485928571427,1.0,1,Q4 (highest),3) 6.0-6.9,6.0,3114,91.332849
2310,Beowulf,2007-11-05,2007,11 Nov,2) Holiday (Nov-Dec),70000000.0,195735876.0,125735876.0,2.7962268,1.0,1,Q4 (highest),2) 5.0-5.9,5.5,841,35.601665
140300,Kung Fu Panda 3,2016-01-23,2016,01 Jan,3) Other months,145000000.0,521170825.0,376170825.0,3.594281551724138,1.0,1,Q4 (highest),3) 6.0-6.9,6.7,1603,56.747978
56292,Mission: Impossible - Ghost Protocol,2011-12-07,2011,12 Dec,2) Holiday (Nov-Dec),145000000.0,694713380.0,549713380.0,4.79112675862069,1.0,1,Q4 (highest),3) 6.0-6.9,6.8,3972,77.77477
81188,Rise of the Guardians,2012-11-21,2012,11 Nov,2) Holiday (Nov-Dec),145000000.0,306941670.0,161941670.0,2.116839103448276,1.0,1,Q4 (highest),4) 7.0 and above,7.1,1922,61.788035
7552,Fun with Dick and Jane,2005-12-21,2005,12 Dec,2) Holiday (Nov-Dec),100000000.0,202026112.0,102026112.0,2.02026112,1.0,1,Q4 (highest),2) 5.0-5.9,5.9,627,25.159168
616,The Last Samurai,2003-12-05,2003,12 Dec,2) Holiday (Nov-Dec),140000000.0,456758981.0,316758981.0,3.26256415,1.0,1,Q4 (highest),4) 7.0 and above,7.3,1895,52.341226
147441,Exodus: Gods and Kings,2014-12-03,2014,12 Dec,2) Holiday (Nov-Dec),140000000.0,268031828.0,128031828.0,1.9145130571428572,1.0,1,Q4 (highest),2) 5.0-5.9,5.6,1921,101.599427
13475,Star Trek,2009-05-06,2009,05 May,1) Summer (May-Jul),150000000.0,385680446.0,235680446.0,2.5712029733333335,1.0,1,Q4 (highest),4) 7.0 and above,7.4,4518,73.616808
557,Spider-Man,2002-05-01,2002,05 May,1) Summer (May-Jul),139000000.0,821708551.0,682708551.0,5.911572309352518,1.0,1,Q4 (highest),3) 6.0-6.9,6.8,5265,82.502566
82702,How to Train Your Dragon 2,2014-06-12,2014,06 Jun,1) Summer (May-Jul),145000000.0,609123048.0,464123048.0,4.200848606896551,1.0,1,Q4 (highest),4) 7.0 and above,7.6,3106,100.21391
205584,Gods of Egypt,2016-02-25,2016,02 Feb,3) Other months,140000000.0,150680864.0,10680864.0,1.0762918857142858,1.0,1,Q4 (highest),2) 5.0-5.9,5.3,1277,56.257249
10048,Stealth,2005-07-28,2005,07 Jul,1) Summer (May-Jul),135000000.0,76932943.0,-58067057.0,0.5698736518518519,0.0,1,Q4 (highest),1) Below 5.0,4.9,331,17.88953
13183,Watchmen,2009-03-05,2009,03 Mar,3) Other months,130000000.0,185258983.0,55258983.0,1.4250691,1.0,1,Q4 (highest),4) 7.0 and above,7.0,2811,64.798873
944,Lethal Weapon 4,1998-07-10,1998,07 Jul,1) Summer (May-Jul),140000000.0,285444603.0,145444603.0,2.0388900214285712,1.0,1,Q4 (highest),3) 6.0-6.9,6.3,767,24.855701
1927,Hulk,2003-06-19,2003,06 Jun,1) Summer (May-Jul),137000000.0,245360480.0,108360480.0,1.790952408759124,1.0,1,Q4 (highest),2) 5.0-5.9,5.3,1533,34.981698
72559,G.I. Joe: Retaliation,2013-03-26,2013,03 Mar,3) Other months,130000000.0,371876278.0,241876278.0,2.860586753846154,1.0,1,Q4 (highest),2) 5.0-5.9,5.4,3025,59.325589
7364,Sahara,2005-04-06,2005,04 Apr,3) Other months,130000000.0,119269486.0,-10730514.0,0.9174575846153846,0.0,1,Q4 (highest),2) 5.0-5.9,5.7,434,21.605568
2114,Final Fantasy: The Spirits Within,2001-07-02,2001,07 Jul,1) Summer (May-Jul),137000000.0,85131830.0,-51868170.0,0.6214002189781022,0.0,1,Q4 (highest),2) 5.0-5.9,5.9,433,26.074908
1771,Captain America: The First Avenger,2011-07-22,2011,07 Jul,1) Summer (May-Jul),140000000.0,370569774.0,230569774.0,2.646926957142857,1.0,1,Q4 (highest),3) 6.0-6.9,6.6,7047,74.506246
36643,The World Is Not Enough,1999-11-08,1999,11 Nov,2) Holiday (Nov-Dec),135000000.0,361832400.0,226832400.0,2.68024,1.0,1,Q4 (highest),3) 6.0-6.9,6.0,862,39.604363
8619,Master and Commander: The Far Side of the World,2003-11-14,2003,11 Nov,2) Holiday (Nov-Dec),150000000.0,212011111.0,62011111.0,1.4134074066666666,1.0,1,Q4 (highest),3) 6.0-6.9,6.9,790,36.973031
50620,The Twilight Saga: Breaking Dawn - Part 2,2012-11-13,2012,11 Nov,2) Holiday (Nov-Dec),120000000.0,829000000.0,709000000.0,6.908333333333333,1.0,1,Q4 (highest),3) 6.0-6.9,6.1,2553,99.687084
65759,Happy Feet Two,2011-11-17,2011,11 Nov,2) Holiday (Nov-Dec),130000000.0,150406466.0,20406466.0,1.1569728153846155,1.0,1,Q4 (highest),2) 5.0-5.9,5.8,373,17.7735
1724,The Incredible Hulk,2008-06-12,2008,06 Jun,1) Summer (May-Jul),150000000.0,163712074.0,13712074.0,1.0914138266666666,1.0,1,Q4 (highest),3) 6.0-6.9,6.1,3021,62.898336
267935,The BFG,2016-06-01,2016,06 Jun,1) Summer (May-Jul),140000000.0,183345589.0,43345589.0,1.30961135,1.0,1,Q4 (highest),3) 6.0-6.9,6.0,1000,44.19092
281957,The Revenant,2015-12-25,2015,12 Dec,2) Holiday (Nov-Dec),135000000.0,532950503.0,397950503.0,3.9477815037037036,1.0,1,Q4 (highest),4) 7.0 and above,7.3,6396,100.635882
77950,Turbo,2013-07-11,2013,07 Jul,1) Summer (May-Jul),135000000.0,282570682.0,147570682.0,2.093116162962963,1.0,1,Q4 (highest),3) 6.0-6.9,6.1,1074,44.765377
44896,Rango,2011-03-02,2011,03 Mar,3) Other months,135000000.0,245724603.0,110724603.0,1.8201822444444444,1.0,1,Q4 (highest),3) 6.0-6.9,6.6,2051,29.91353
270946,Penguins of Madagascar,2014-11-22,2014,11 Nov,2) Holiday (Nov-Dec),132000000.0,373552094.0,241552094.0,2.829940106060606,1.0,1,Q4 (highest),3) 6.0-6.9,6.5,1346,84.366984
2503,The Bourne Ultimatum,2007-08-03,2007,08 Aug,3) Other months,70000000.0,442824138.0,372824138.0,6.326059114285714,1.0,1,Q4 (highest),4) 7.0 and above,7.3,2888,45.381501
9502,Kung Fu Panda,2008-06-04,2008,06 Jun,1) Summer (May-Jul),130000000.0,631744560.0,501744560.0,4.859573538461539,1.0,1,Q4 (highest),3) 6.0-6.9,6.9,3145,84.689648
102899,Ant-Man,2015-07-14,2015,07 Jul,1) Summer (May-Jul),130000000.0,519311965.0,389311965.0,3.9947074230769233,1.0,1,Q4 (highest),4) 7.0 and above,7.0,5880,120.09361
101299,The Hunger Games: Catching Fire,2013-11-15,2013,11 Nov,2) Holiday (Nov-Dec),130000000.0,847423452.0,717423452.0,6.518641938461538,1.0,1,Q4 (highest),4) 7.0 and above,7.4,6495,76.310119
228161,Home,2015-03-18,2015,03 Mar,3) Other months,135000000.0,368871007.0,233871007.0,2.7323778296296295,1.0,1,Q4 (highest),3) 6.0-6.9,6.8,1519,63.473086
74,War of the Worlds,2005-06-28,2005,06 Jun,1) Summer (May-Jul),132000000.0,591739379.0,459739379.0,4.482874083333333,1.0,1,Q4 (highest),3) 6.0-6.9,6.2,2322,48.572726
8961,Bad Boys II,2003-07-18,2003,07 Jul,1) Summer (May-Jul),130000000.0,273339556.0,143339556.0,2.1026119692307694,1.0,1,Q4 (highest),3) 6.0-6.9,6.3,1564,38.068736
417859,Puss in Boots,2011-10-28,2011,10 Oct,3) Other months,130000000.0,554987477.0,424987477.0,4.269134438461538,1.0,1,Q4 (highest),3) 6.0-6.9,6.4,451,20.678787
27576,Salt,2010-07-21,2010,07 Jul,1) Summer (May-Jul),110000000.0,293329073.0,183329073.0,2.6666279363636365,1.0,1,Q4 (highest),3) 6.0-6.9,6.2,2093,48.829437
86834,Noah,2014-03-20,2014,03 Mar,3) Other months,125000000.0,362637473.0,237637473.0,2.901099784,1.0,1,Q4 (highest),2) 5.0-5.9,5.6,2350,46.115758
17578,The Adventures of Tintin,2011-10-25,2011,10 Oct,3) Other months,130000000.0,371940071.0,241940071.0,2.861077469230769,1.0,1,Q4 (highest),3) 6.0-6.9,6.7,2061,89.938296
673,Harry Potter and the Prisoner of Azkaban,2004-05-31,2004,05 May,1) Summer (May-Jul),130000000.0,789804554.0,659804554.0,6.075419646153846,1.0,1,Q4 (highest),4) 7.0 and above,7.7,5877,79.679601
6972,Australia,2008-11-18,2008,11 Nov,2) Holiday (Nov-Dec),130000000.0,49554002.0,-80445998.0,0.38118463076923076,0.0,1,Q4 (highest),3) 6.0-6.9,6.3,694,28.840997
82700,After Earth,2013-05-30,2013,05 May,1) Summer (May-Jul),130000000.0,243843127.0,113843127.0,1.8757163615384616,1.0,1,Q4 (highest),2) 5.0-5.9,5.0,2532,42.840582
10567,Dinosaur,2000-05-19,2000,05 May,1) Summer (May-Jul),127500000.0,354248063.0,226748063.0,2.7784161803921568,1.0,1,Q4 (highest),3) 6.0-6.9,6.2,542,26.548594
181533,Night at the Museum: Secret of the Tomb,2014-12-17,2014,12 Dec,2) Holiday (Nov-Dec),127000000.0,349424282.0,222424282.0,2.7513722992125986,1.0,1,Q4 (highest),3) 6.0-6.9,6.1,1851,115.597753
38055,Megamind,2010-10-28,2010,10 Oct,3) Other months,130000000.0,321887208.0,191887208.0,2.476055446153846,1.0,1,Q4 (highest),3) 6.0-6.9,6.7,1918,68.757242
671,Harry Potter and the Philosopher's Stone,2001-11-16,2001,11 Nov,2) Holiday (Nov-Dec),125000000.0,976475550.0,851475550.0,7.8118044,1.0,1,Q4 (highest),4) 7.0 and above,7.5,7006,109.984351
49524,R.I.P.D.,2013-07-18,2013,07 Jul,1) Summer (May-Jul),130000000.0,61648500.0,-68351500.0,0.4742192307692308,0.0,1,Q4 (highest),2) 5.0-5.9,5.4,1260,39.448066
22,Pirates of the Caribbean: The Curse of the Black Pearl,2003-07-09,2003,07 Jul,1) Summer (May-Jul),140000000.0,655011224.0,515011224.0,4.6786516,1.0,1,Q4 (highest),4) 7.0 and above,7.5,6985,271.972889
131631,The Hunger Games: Mockingjay - Part 1,2014-11-18,2014,11 Nov,2) Holiday (Nov-Dec),125000000.0,752100229.0,627100229.0,6.016801832,1.0,1,Q4 (highest),3) 6.0-6.9,6.6,5584,206.227151
591,The Da Vinci Code,2006-05-17,2006,05 May,1) Summer (May-Jul),125000000.0,767820459.0,642820459.0,6.142563672,1.0,1,Q4 (highest),3) 6.0-6.9,6.5,2704,45.313197
172385,Rio 2,2014-03-19,2014,03 Mar,3) Other months,103000000.0,500188435.0,397188435.0,4.856198398058252,1.0,1,Q4 (highest),3) 6.0-6.9,6.3,978,42.40024
36658,X2,2003-04-24,2003,04 Apr,3) Other months,110000000.0,407711549.0,297711549.0,3.706468627272727,1.0,1,Q4 (highest),3) 6.0-6.9,6.8,3506,2.871739
51497,Fast Five,2011-04-20,2011,04 Apr,3) Other months,125000000.0,626137675.0,501137675.0,5.0091014,1.0,1,Q4 (highest),4) 7.0 and above,7.1,2438,7.255718
58574,Sherlock Holmes: A Game of Shadows,2011-11-22,2011,11 Nov,2) Holiday (Nov-Dec),125000000.0,334615000.0,209615000.0,2.67692,1.0,1,Q4 (highest),4) 7.0 and above,7.0,3886,81.499621
18823,Clash of the Titans,2010-04-01,2010,04 Apr,3) Other months,125000000.0,232713139.0,107713139.0,1.861705112,1.0,1,Q4 (highest),2) 5.0-5.9,5.6,2233,47.686442
861,Total Recall,1990-06-01,1990,06 Jun,1) Summer (May-Jul),65000000.0,261317921.0,196317921.0,4.020275707692308,1.0,1,Q4 (highest),4) 7.0 and above,7.1,1710,43.129703
1911,The 13th Warrior,1999-08-27,1999,08 Aug,3) Other months,160000000.0,61698899.0,-98301101.0,0.38561811875,0.0,1,Q4 (highest),3) 6.0-6.9,6.4,510,27.220157
49040,The Bourne Legacy,2012-08-08,2012,08 Aug,3) Other months,130000000.0,276572938.0,146572938.0,2.1274841384615386,1.0,1,Q4 (highest),3) 6.0-6.9,6.0,2651,90.33681
415,Batman & Robin,1997-06-20,1997,06 Jun,1) Summer (May-Jul),125000000.0,238207122.0,113207122.0,1.905656976,1.0,1,Q4 (highest),1) Below 5.0,4.2,1418,50.073575
8871,How the Grinch Stole Christmas,2000-11-17,2000,11 Nov,2) Holiday (Nov-Dec),123000000.0,345141403.0,222141403.0,2.8060276666666666,1.0,1,Q4 (highest),3) 6.0-6.9,6.2,1386,45.419668
435,The Day After Tomorrow,2004-05-26,2004,05 May,1) Summer (May-Jul),125000000.0,544272402.0,419272402.0,4.354179216,1.0,1,Q4 (highest),3) 6.0-6.9,6.2,2392,41.380094
955,Mission: Impossible II,2000-05-24,2000,05 May,1) Summer (May-Jul),125000000.0,546388105.0,421388105.0,4.37110484,1.0,1,Q4 (highest),2) 5.0-5.9,5.9,1928,54.931334
2133,The Perfect Storm,2000-03-15,2000,03 Mar,3) Other months,120000000.0,325756637.0,205756637.0,2.714638641666667,1.0,1,Q4 (highest),3) 6.0-6.9,6.2,597,25.752118
1979,Fantastic 4: Rise of the Silver Surfer,2007-06-13,2007,06 Jun,1) Summer (May-Jul),130000000.0,289047763.0,159047763.0,2.223444330769231,1.0,1,Q4 (highest),2) 5.0-5.9,5.4,2589,60.810723
87827,Life of Pi,2012-11-20,2012,11 Nov,2) Holiday (Nov-Dec),120000000.0,609016565.0,489016565.0,5.0751380416666665,1.0,1,Q4 (highest),4) 7.0 and above,7.2,5797,51.328145
1250,Ghost Rider,2007-02-16,2007,02 Feb,3) Other months,110000000.0,228738393.0,118738393.0,2.079439936363636,1.0,1,Q4 (highest),2) 5.0-5.9,5.2,1712,46.834704
324668,Jason Bourne,2016-07-27,2016,07 Jul,1) Summer (May-Jul),120000000.0,415484914.0,295484914.0,3.4623742833333333,1.0,1,Q4 (highest),2) 5.0-5.9,5.9,2341,62.641286
9471,Charlie's Angels: Full Throttle,2003-06-27,2003,06 Jun,1) Summer (May-Jul),120000000.0,259175788.0,139175788.0,2.1597982333333334,1.0,1,Q4 (highest),2) 5.0-5.9,5.2,914,33.616115
70981,Prometheus,2012-05-30,2012,05 May,1) Summer (May-Jul),130000000.0,403170142.0,273170142.0,3.1013087846153846,1.0,1,Q4 (highest),3) 6.0-6.9,6.3,5080,68.889395
10996,Stuart Little 2,2002-07-19,2002,07 Jul,1) Summer (May-Jul),120000000.0,169956806.0,49956806.0,1.4163067166666667,1.0,1,Q4 (highest),2) 5.0-5.9,5.4,613,27.990284
68724,Elysium,2013-08-07,2013,08 Aug,3) Other months,115000000.0,286140700.0,171140700.0,2.48818,1.0,1,Q4 (highest),3) 6.0-6.9,6.4,3439,67.33767
2789,The Chronicles of Riddick,2004-06-11,2004,06 Jun,1) Summer (May-Jul),105000000.0,115772733.0,10772733.0,1.1025974571428572,1.0,1,Q4 (highest),3) 6.0-6.9,6.3,1570,27.835436
97020,RoboCop,2014-01-30,2014,01 Jan,3) Other months,120000000.0,242688965.0,122688965.0,2.0224080416666665,1.0,1,Q4 (highest),2) 5.0-5.9,5.7,2342,66.757869
7459,Speed Racer,2008-05-09,2008,05 May,1) Summer (May-Jul),120000000.0,93945766.0,-26054234.0,0.7828813833333333,0.0,1,Q4 (highest),2) 5.0-5.9,5.7,354,17.060695
42888,How Do You Know,2010-12-17,2010,12 Dec,2) Holiday (Nov-Dec),120000000.0,48668907.0,-71331093.0,0.405574225,0.0,1,Q4 (highest),1) Below 5.0,4.9,223,11.137655
37834,Knight and Day,2010-06-15,2010,06 Jun,1) Summer (May-Jul),117000000.0,261930431.0,144930431.0,2.2387216324786325,1.0,1,Q4 (highest),2) 5.0-5.9,5.9,1547,44.906918
75612,Oblivion,2013-04-10,2013,04 Apr,3) Other months,120000000.0,286168572.0,166168572.0,2.3847381,1.0,1,Q4 (highest),3) 6.0-6.9,6.4,4800,67.698004
1895,Star Wars: Episode III - Revenge of the Sith,2005-05-17,2005,05 May,1) Summer (May-Jul),113000000.0,850000000.0,737000000.0,7.522123893805309,1.0,1,Q4 (highest),4) 7.0 and above,7.1,4116,44.108427
1894,Star Wars: Episode II - Attack of the Clones,2002-05-15,2002,05 May,1) Summer (May-Jul),120000000.0,649398328.0,529398328.0,5.411652733333334,1.0,1,Q4 (highest),3) 6.0-6.9,6.4,3992,43.987061
585,"Monsters, Inc.",2001-11-01,2001,11 Nov,2) Holiday (Nov-Dec),115000000.0,562816256.0,447816256.0,4.8940544,1.0,1,Q4 (highest),4) 7.0 and above,7.5,5996,106.815545
76170,The Wolverine,2013-07-23,2013,07 Jul,1) Summer (May-Jul),120000000.0,415440673.0,295440673.0,3.4620056083333335,1.0,1,Q4 (highest),3) 6.0-6.9,6.3,4053,15.953444
1893,Star Wars: Episode I - The Phantom Menace,1999-05-19,1999,05 May,1) Summer (May-Jul),115000000.0,924317558.0,809317558.0,8.037543982608696,1.0,1,Q4 (highest),3) 6.0-6.9,6.3,4432,54.035265
49519,The Croods,2013-03-20,2013,03 Mar,3) Other months,135000000.0,585178928.0,450178928.0,4.334658725925926,1.0,1,Q4 (highest),3) 6.0-6.9,6.8,2399,64.183321
2395,Asterix at the Olympic Games,2008-01-13,2008,01 Jan,3) Other months,97250400.0,132900000.0,35649600.0,1.366575355988253,1.0,1,Q4 (highest),2) 5.0-5.9,5.0,471,20.344364
12100,Windtalkers,2002-06-14,2002,06 Jun,1) Summer (May-Jul),115000000.0,77628265.0,-37371735.0,0.6750283913043478,0.0,1,Q4 (highest),2) 5.0-5.9,5.8,341,18.714197
290595,The Huntsman: Winter's War,2016-04-06,2016,04 Apr,3) Other months,115000000.0,164602163.0,49602163.0,1.431323156521739,1.0,1,Q4 (highest),3) 6.0-6.9,6.0,1523,60.467984
98566,Teenage Mutant Ninja Turtles,2014-08-07,2014,08 Aug,3) Other months,125000000.0,477200000.0,352200000.0,3.8176,1.0,1,Q4 (highest),2) 5.0-5.9,5.8,2636,143.350376
49047,Gravity,2013-09-27,2013,09 Sep,3) Other months,105000000.0,716392705.0,611392705.0,6.822787666666667,1.0,1,Q4 (highest),4) 7.0 and above,7.3,5751,110.153618
9619,Dante's Peak,1997-02-07,1997,02 Feb,3) Other months,116000000.0,178127760.0,62127760.0,1.5355841379310344,1.0,1,Q4 (highest),2) 5.0-5.9,5.7,428,16.90444
308531,Teenage Mutant Ninja Turtles: Out of the Shadows,2016-06-01,2016,06 Jun,1) Summer (May-Jul),135000000.0,245623848.0,110623848.0,1.8194359111111111,1.0,1,Q4 (highest),2) 5.0-5.9,5.8,963,39.873791
166424,Fantastic Four,2015-08-05,2015,08 Aug,3) Other months,120000000.0,167977596.0,47977596.0,1.3998133,1.0,1,Q4 (highest),1) Below 5.0,4.4,2278,38.126095
1593,Night at the Museum,2006-10-20,2006,10 Oct,3) Other months,110000000.0,574480841.0,464480841.0,5.2225531,1.0,1,Q4 (highest),3) 6.0-6.9,6.3,2862,48.780039
254128,San Andreas,2015-05-27,2015,05 May,1) Summer (May-Jul),110000000.0,470490832.0,360490832.0,4.277189381818181,1.0,1,Q4 (highest),3) 6.0-6.9,6.0,2968,100.412364
714,Tomorrow Never Dies,1997-12-11,1997,12 Dec,2) Holiday (Nov-Dec),110000000.0,333011068.0,223011068.0,3.0273733454545453,1.0,1,Q4 (highest),3) 6.0-6.9,6.0,925,42.887121
2024,The Patriot,2000-06-28,2000,06 Jun,1) Summer (May-Jul),110000000.0,215294342.0,105294342.0,1.957221290909091,1.0,1,Q4 (highest),3) 6.0-6.9,6.8,1099,23.657284
163,Ocean's Twelve,2004-12-09,2004,12 Dec,2) Holiday (Nov-Dec),110000000.0,362744280.0,252744280.0,3.2976752727272727,1.0,1,Q4 (highest),3) 6.0-6.9,6.4,2124,76.840712
787,Mr. & Mrs. Smith,2005-06-07,2005,06 Jun,1) Summer (May-Jul),110000000.0,478207520.0,368207520.0,4.347341090909091,1.0,1,Q4 (highest),3) 6.0-6.9,6.5,2965,44.635452
262500,Insurgent,2015-03-18,2015,03 Mar,3) Other months,110000000.0,295238201.0,185238201.0,2.6839836454545454,1.0,1,Q4 (highest),3) 6.0-6.9,6.2,3829,103.718387
2567,The Aviator,2004-12-17,2004,12 Dec,2) Holiday (Nov-Dec),116000000.0,102000000.0,-14000000.0,0.8793103448275862,0.0,1,Q4 (highest),4) 7.0 and above,7.0,1489,45.616098
38745,Gulliver's Travels,2010-12-25,2010,12 Dec,2) Holiday (Nov-Dec),112000000.0,237382724.0,125382724.0,2.1194886071428574,1.0,1,Q4 (highest),1) Below 5.0,4.9,621,22.845143
40805,The Green Hornet,2011-01-12,2011,01 Jan,3) Other months,120000000.0,227817248.0,107817248.0,1.8984770666666666,1.0,1,Q4 (highest),2) 5.0-5.9,5.5,1251,31.703608
53182,300: Rise of an Empire,2014-03-05,2014,03 Mar,3) Other months,110000000.0,337580051.0,227580051.0,3.0689095545454546,1.0,1,Q4 (highest),3) 6.0-6.9,6.1,2397,71.510596
41513,The Smurfs,2011-07-29,2011,07 Jul,1) Summer (May-Jul),110000000.0,563749323.0,453749323.0,5.124993845454545,1.0,1,Q4 (highest),2) 5.0-5.9,5.5,1179,36.65422
13700,Home on the Range,2004-04-02,2004,04 Apr,3) Other months,110000000.0,103951461.0,-6048539.0,0.9450132818181818,0.0,1,Q4 (highest),2) 5.0-5.9,5.7,389,19.625972
262504,Allegiant,2016-03-09,2016,03 Mar,3) Other months,110000000.0,179246868.0,69246868.0,1.6295169818181818,1.0,1,Q4 (highest),2) 5.0-5.9,5.9,1998,86.105615
39254,Real Steel,2011-09-28,2011,09 Sep,3) Other months,110000000.0,299268508.0,189268508.0,2.7206228,1.0,1,Q4 (highest),3) 6.0-6.9,6.6,2692,37.195046
77931,The Smurfs 2,2013-07-30,2013,07 Jul,1) Summer (May-Jul),105000000.0,347434178.0,242434178.0,3.308896933333333,1.0,1,Q4 (highest),2) 5.0-5.9,5.5,695,32.473628
1639,Speed 2: Cruise Control,1997-06-13,1997,06 Jun,1) Summer (May-Jul),160000000.0,164508066.0,4508066.0,1.0281754125,1.0,1,Q4 (highest),1) Below 5.0,4.1,434,23.336875
80274,Ender's Game,2013-10-23,2013,10 Oct,3) Other months,110000000.0,125537191.0,15537191.0,1.1412471909090909,1.0,1,Q4 (highest),3) 6.0-6.9,6.6,2303,45.94834
1571,Live Free or Die Hard,2007-06-20,2007,06 Jun,1) Summer (May-Jul),110000000.0,383531464.0,273531464.0,3.486649672727273,1.0,1,Q4 (highest),3) 6.0-6.9,6.4,2089,48.93337
120,The Lord of the Rings: The Fellowship of the Ring,2001-12-18,2001,12 Dec,2) Holiday (Nov-Dec),93000000.0,871368364.0,778368364.0,9.369552301075268,1.0,1,Q4 (highest),4) 7.0 and above,8.0,8705,138.049577
10204,Around the World in 80 Days,2004-06-16,2004,06 Jun,1) Summer (May-Jul),110000000.0,72178895.0,-37821105.0,0.6561717727272727,0.0,1,Q4 (highest),2) 5.0-5.9,5.7,672,22.643776
8489,Ali,2001-12-11,2001,12 Dec,2) Holiday (Nov-Dec),107000000.0,87713825.0,-19286175.0,0.8197553738317757,0.0,1,Q4 (highest),3) 6.0-6.9,6.7,447,18.866672
10588,The Cat in the Hat,2003-11-21,2003,11 Nov,2) Holiday (Nov-Dec),,,,,,0,,1) Below 5.0,4.9,366,18.251129
2048,"I, Robot",2004-07-15,2004,07 Jul,1) Summer (May-Jul),120000000.0,347234916.0,227234916.0,2.8936243,1.0,1,Q4 (highest),3) 6.0-6.9,6.7,3793,95.914473
1495,Kingdom of Heaven,2005-05-03,2005,05 May,1) Summer (May-Jul),130000000.0,211643158.0,81643158.0,1.6280242923076924,1.0,1,Q4 (highest),3) 6.0-6.9,6.6,1157,44.490453
10137,Stuart Little,1999-12-17,1999,12 Dec,2) Holiday (Nov-Dec),133000000.0,300135367.0,167135367.0,2.256656894736842,1.0,1,Q4 (highest),2) 5.0-5.9,5.8,959,30.475297
10198,The Princess and the Frog,2009-12-08,2009,12 Dec,2) Holiday (Nov-Dec),105000000.0,267045765.0,162045765.0,2.543293,1.0,1,Q4 (highest),3) 6.0-6.9,6.7,1247,62.479574
286217,The Martian,2015-09-30,2015,09 Sep,3) Other months,108000000.0,630161890.0,522161890.0,5.834832314814815,1.0,1,Q4 (highest),4) 7.0 and above,7.6,7268,167.93287
1635,The Island,2005-07-20,2005,07 Jul,1) Summer (May-Jul),126000000.0,162949164.0,36949164.0,1.2932473333333334,1.0,1,Q4 (highest),3) 6.0-6.9,6.5,1770,37.68056
24113,Town & Country,2001-04-27,2001,04 Apr,3) Other months,90000000.0,10372291.0,-79627709.0,0.11524767777777778,0.0,1,Q4 (highest),1) Below 5.0,3.7,16,1.004579
9679,Gone in Sixty Seconds,2000-06-09,2000,06 Jun,1) Summer (May-Jul),90000000.0,237202299.0,147202299.0,2.6355811,1.0,1,Q4 (highest),3) 6.0-6.9,6.1,1485,52.995628
98,Gladiator,2000-05-01,2000,05 May,1) Summer (May-Jul),103000000.0,457640427.0,354640427.0,4.443110941747573,1.0,1,Q4 (highest),4) 7.0 and above,7.9,5439,95.301296
180,Minority Report,2002-06-20,2002,06 Jun,1) Summer (May-Jul),102000000.0,358372926.0,256372926.0,3.5134600588235294,1.0,1,Q4 (highest),4) 7.0 and above,7.1,2608,65.948959
672,Harry Potter and the Chamber of Secrets,2002-11-13,2002,11 Nov,2) Holiday (Nov-Dec),100000000.0,876688482.0,776688482.0,8.76688482,1.0,1,Q4 (highest),4) 7.0 and above,7.4,5815,132.397737
36557,Casino Royale,2006-11-14,2006,11 Nov,2) Holiday (Nov-Dec),150000000.0,599045960.0,449045960.0,3.9936397333333336,1.0,1,Q4 (highest),4) 7.0 and above,7.3,3855,88.935165
869,Planet of the Apes,2001-07-25,2001,07 Jul,1) Summer (May-Jul),100000000.0,362211740.0,262211740.0,3.6221174,1.0,1,Q4 (highest),2) 5.0-5.9,5.6,1243,51.188633
280,Terminator 2: Judgment Day,1991-07-01,1991,07 Jul,1) Summer (May-Jul),100000000.0,520000000.0,420000000.0,5.2,1.0,1,Q4 (highest),4) 7.0 and above,7.7,4185,101.74155
11322,Public Enemies,2009-07-01,2009,07 Jul,1) Summer (May-Jul),80000000.0,214104620.0,134104620.0,2.67630775,1.0,1,Q4 (highest),3) 6.0-6.9,6.5,1344,33.691694
4982,American Gangster,2007-11-02,2007,11 Nov,2) Holiday (Nov-Dec),100000000.0,266465037.0,166465037.0,2.66465037,1.0,1,Q4 (highest),4) 7.0 and above,7.4,1502,42.361215
36955,True Lies,1994-07-14,1994,07 Jul,1) Summer (May-Jul),115000000.0,378882411.0,263882411.0,3.2946296608695653,1.0,1,Q4 (highest),3) 6.0-6.9,6.8,1116,38.729418
18487,The Taking of Pelham 1 2 3,2009-06-11,2009,06 Jun,1) Summer (May-Jul),100000000.0,150166126.0,50166126.0,1.50166126,1.0,1,Q4 (highest),3) 6.0-6.9,6.2,954,40.597856
39451,Little Fockers,2010-12-21,2010,12 Dec,2) Holiday (Nov-Dec),100000000.0,310650585.0,210650585.0,3.10650585,1.0,1,Q4 (highest),2) 5.0-5.9,5.4,1060,32.389353
27581,The Other Guys,2010-08-06,2010,08 Aug,3) Other months,100000000.0,170432927.0,70432927.0,1.70432927,1.0,1,Q4 (highest),3) 6.0-6.9,6.1,1383,24.399642
9268,Eraser,1996-06-21,1996,06 Jun,1) Summer (May-Jul),100000000.0,242295562.0,142295562.0,2.42295562,1.0,1,Q4 (highest),2) 5.0-5.9,5.6,543,24.507987
68718,Django Unchained,2012-12-25,2012,12 Dec,2) Holiday (Nov-Dec),100000000.0,425368238.0,325368238.0,4.25368238,1.0,1,Q4 (highest),4) 7.0 and above,7.8,10099,82.121691
10545,The Hunchback of Notre Dame,1996-06-21,1996,06 Jun,1) Summer (May-Jul),100000000.0,100138851.0,138851.0,1.00138851,1.0,1,Q4 (highest),3) 6.0-6.9,6.8,1129,46.727941
11688,The Emperor's New Groove,2000-12-09,2000,12 Dec,2) Holiday (Nov-Dec),100000000.0,169327687.0,69327687.0,1.69327687,1.0,1,Q4 (highest),4) 7.0 and above,7.2,1490,51.113717
76163,The Expendables 2,2012-08-08,2012,08 Aug,3) Other months,100000000.0,312573423.0,212573423.0,3.12573423,1.0,1,Q4 (highest),3) 6.0-6.9,6.1,2896,53.732892
2059,National Treasure,2004-11-19,2004,11 Nov,2) Holiday (Nov-Dec),100000000.0,347451894.0,247451894.0,3.47451894,1.0,1,Q4 (highest),3) 6.0-6.9,6.4,1926,58.849256
2486,Eragon,2006-12-14,2006,12 Dec,2) Holiday (Nov-Dec),100000000.0,249288105.0,149288105.0,2.49288105,1.0,1,Q4 (highest),1) Below 5.0,4.9,967,30.863434
16523,Where the Wild Things Are,2009-10-16,2009,10 Oct,3) Other months,100000000.0,100086793.0,86793.0,1.00086793,1.0,1,Q4 (highest),3) 6.0-6.9,6.4,572,31.586215
116711,Epic,2013-05-15,2013,05 May,1) Summer (May-Jul),100000000.0,268426634.0,168426634.0,2.68426634,1.0,1,Q4 (highest),3) 6.0-6.9,6.4,1121,36.711378
37710,The Tourist,2010-12-08,2010,12 Dec,2) Holiday (Nov-Dec),100000000.0,278731369.0,178731369.0,2.78731369,1.0,1,Q4 (highest),3) 6.0-6.9,6.0,1699,41.426678
9946,End of Days,1999-11-24,1999,11 Nov,2) Holiday (Nov-Dec),100000000.0,211989043.0,111989043.0,2.11989043,1.0,1,Q4 (highest),2) 5.0-5.9,5.5,482,20.652943
1372,Blood Diamond,2006-12-07,2006,12 Dec,2) Holiday (Nov-Dec),100000000.0,170877916.0,70877916.0,1.70877916,1.0,1,Q4 (highest),4) 7.0 and above,7.3,2281,52.792678
106646,The Wolf of Wall Street,2013-12-25,2013,12 Dec,2) Holiday (Nov-Dec),100000000.0,392000694.0,292000694.0,3.92000694,1.0,1,Q4 (highest),4) 7.0 and above,7.9,6571,95.007934
414,Batman Forever,1995-05-31,1995,05 May,1) Summer (May-Jul),100000000.0,336529144.0,236529144.0,3.36529144,1.0,1,Q4 (highest),2) 5.0-5.9,5.2,1498,48.205606
563,Starship Troopers,1997-11-06,1997,11 Nov,2) Holiday (Nov-Dec),105000000.0,121214377.0,16214377.0,1.154422638095238,1.0,1,Q4 (highest),3) 6.0-6.9,6.7,1560,58.782359
83542,Cloud Atlas,2012-10-26,2012,10 Oct,3) Other months,102000000.0,130482868.0,28482868.0,1.2792438039215686,1.0,1,Q4 (highest),3) 6.0-6.9,6.6,2977,73.872343
41216,Legend of the Guardians: The Owls of Ga'Hoole,2010-07-10,2010,07 Jul,1) Summer (May-Jul),80000000.0,140073390.0,60073390.0,1.750917375,1.0,1,Q4 (highest),3) 6.0-6.9,6.5,703,37.321848
314,Catwoman,2004-07-22,2004,07 Jul,1) Summer (May-Jul),100000000.0,82102379.0,-17897621.0,0.82102379,0.0,1,Q4 (highest),1) Below 5.0,4.2,808,32.271938
184315,Hercules,2014-07-23,2014,07 Jul,1) Summer (May-Jul),100000000.0,243400000.0,143400000.0,2.434,1.0,1,Q4 (highest),2) 5.0-5.9,5.6,1680,76.842247
9016,Treasure Planet,2002-11-26,2002,11 Nov,2) Holiday (Nov-Dec),140000000.0,109578115.0,-30421885.0,0.7827008214285714,0.0,1,Q4 (highest),4) 7.0 and above,7.2,948,38.924136
18162,Land of the Lost,2009-06-05,2009,06 Jun,1) Summer (May-Jul),100000000.0,68688831.0,-31311169.0,0.68688831,0.0,1,Q4 (highest),2) 5.0-5.9,5.3,381,19.38841
138103,The Expendables 3,2014-08-04,2014,08 Aug,3) Other months,90000000.0,206172544.0,116172544.0,2.2908060444444445,1.0,1,Q4 (highest),3) 6.0-6.9,6.1,1795,61.025639
257088,Point Break,2015-12-03,2015,12 Dec,2) Holiday (Nov-Dec),105000000.0,133718711.0,28718711.0,1.2735115333333333,1.0,1,Q4 (highest),2) 5.0-5.9,5.5,783,33.507289
10214,Son of the Mask,2005-02-18,2005,02 Feb,3) Other months,84000000.0,,,,,0,,1) Below 5.0,3.6,338,17.815595
205775,In the Heart of the Sea,2015-11-20,2015,11 Nov,2) Holiday (Nov-Dec),100000000.0,93820758.0,-6179242.0,0.93820758,0.0,1,Q4 (highest),3) 6.0-6.9,6.5,1276,50.767332
11692,The Adventures of Pluto Nash,2002-08-15,2002,08 Aug,3) Other months,100000000.0,7103973.0,-92896027.0,0.07103973,0.0,1,Q4 (highest),1) Below 5.0,4.4,142,12.092241
22972,Green Zone,2010-03-11,2010,03 Mar,3) Other months,100000000.0,94882889.0,-5117111.0,0.94882889,0.0,1,Q4 (highest),3) 6.0-6.9,6.4,717,30.254021
227973,The Peanuts Movie,2015-11-05,2015,11 Nov,2) Holiday (Nov-Dec),99000000.0,246233113.0,147233113.0,2.4872031616161614,1.0,1,Q4 (highest),3) 6.0-6.9,6.5,604,34.308098
29193,The Spanish Prisoner,1997-09-08,1997,09 Sep,3) Other months,10000000.0,13835130.0,3835130.0,1.383513,1.0,1,Q1 (lowest),4) 7.0 and above,7.1,73,3.091077
1734,The Mummy Returns,2001-04-28,2001,04 Apr,3) Other months,98000000.0,433013274.0,335013274.0,4.418502795918367,1.0,1,Q4 (highest),3) 6.0-6.9,6.0,2206,41.862983
3131,Gangs of New York,2002-12-14,2002,12 Dec,2) Holiday (Nov-Dec),100000000.0,193772504.0,93772504.0,1.93772504,1.0,1,Q4 (highest),4) 7.0 and above,7.1,1910,46.160048
76758,The Flowers of War,2011-12-15,2011,12 Dec,2) Holiday (Nov-Dec),94000000.0,95311434.0,1311434.0,1.0139514255319149,1.0,1,Q4 (highest),4) 7.0 and above,7.1,187,12.516546
9408,Surf's Up,2007-06-08,2007,06 Jun,1) Summer (May-Jul),85000000.0,149044513.0,64044513.0,1.7534648588235293,1.0,1,Q4 (highest),2) 5.0-5.9,5.9,601,23.230851
9890,The Stepford Wives,2004-06-10,2004,06 Jun,1) Summer (May-Jul),90000000.0,102000000.0,12000000.0,1.1333333333333333,1.0,1,Q4 (highest),2) 5.0-5.9,5.4,334,19.224754
855,Black Hawk Down,2001-12-28,2001,12 Dec,2) Holiday (Nov-Dec),92000000.0,172989651.0,80989651.0,1.8803222934782609,1.0,1,Q4 (highest),4) 7.0 and above,7.2,1811,44.455166
77953,The Campaign,2012-08-09,2012,08 Aug,3) Other months,,104907746.0,,,,0,,2) 5.0-5.9,5.6,578,16.460356
18,The Fifth Element,1997-05-07,1997,05 May,1) Summer (May-Jul),90000000.0,263920180.0,173920180.0,2.9324464444444445,1.0,1,Q4 (highest),4) 7.0 and above,7.3,3885,109.528572
37786,Sex and the City 2,2010-05-26,2010,05 May,1) Summer (May-Jul),100000000.0,288347692.0,188347692.0,2.88347692,1.0,1,Q4 (highest),2) 5.0-5.9,5.4,426,18.325897
10501,The Road to El Dorado,2000-03-31,2000,03 Mar,3) Other months,95000000.0,76432727.0,-18567273.0,0.8045550210526315,0.0,1,Q4 (highest),4) 7.0 and above,7.0,858,37.054554
57800,Ice Age: Continental Drift,2012-06-26,2012,06 Jun,1) Summer (May-Jul),95000000.0,877244782.0,782244782.0,9.2341556,1.0,1,Q4 (highest),3) 6.0-6.9,6.2,2672,65.229868
150689,Cinderella,2015-03-12,2015,03 Mar,3) Other months,95000000.0,543514353.0,448514353.0,5.721203715789474,1.0,1,Q4 (highest),3) 6.0-6.9,6.7,2374,101.187052
7980,The Lovely Bones,2009-12-26,2009,12 Dec,2) Holiday (Nov-Dec),65000000.0,93525586.0,28525586.0,1.4388551692307692,1.0,1,Q4 (highest),3) 6.0-6.9,6.6,1065,29.257137
12,Finding Nemo,2003-05-30,2003,05 May,1) Summer (May-Jul),94000000.0,940335536.0,846335536.0,10.003569531914893,1.0,1,Q4 (highest),4) 7.0 and above,7.6,6122,85.688789
122,The Lord of the Rings: The Return of the King,2003-12-01,2003,12 Dec,2) Holiday (Nov-Dec),94000000.0,1118888979.0,1024888979.0,11.903074244680852,1.0,1,Q4 (highest),4) 7.0 and above,8.1,8064,123.630332
121,The Lord of the Rings: The Two Towers,2002-12-18,2002,12 Dec,2) Holiday (Nov-Dec),79000000.0,926287400.0,847287400.0,11.725156962025316,1.0,1,Q4 (highest),4) 7.0 and above,8.0,7487,106.914973
68737,Seventh Son,2014-12-12,2014,12 Dec,2) Holiday (Nov-Dec),95000000.0,114178613.0,19178613.0,1.2018801368421053,1.0,1,Q4 (highest),2) 5.0-5.9,5.2,957,63.628459
1995,Lara Croft: Tomb Raider,2001-06-11,2001,06 Jun,1) Summer (May-Jul),115000000.0,274703340.0,159703340.0,2.388724695652174,1.0,1,Q4 (highest),2) 5.0-5.9,5.7,2192,41.498631
157353,Transcendence,2014-04-16,2014,04 Apr,3) Other months,100000000.0,103039258.0,3039258.0,1.03039258,1.0,1,Q4 (highest),2) 5.0-5.9,5.9,2295,58.991388
331,Jurassic Park III,2001-07-18,2001,07 Jul,1) Summer (May-Jul),93000000.0,368780809.0,275780809.0,3.9653850430107527,1.0,1,Q4 (highest),2) 5.0-5.9,5.7,2077,1.859364
61791,Rise of the Planet of the Apes,2011-08-03,2011,08 Aug,3) Other months,93000000.0,482860185.0,389860185.0,5.192045,1.0,1,Q4 (highest),4) 7.0 and above,7.0,4347,138.433168
8204,The Spiderwick Chronicles,2008-02-14,2008,02 Feb,3) Other months,90000000.0,162839667.0,72839667.0,1.8093296333333333,1.0,1,Q4 (highest),3) 6.0-6.9,6.3,572,21.436682
47964,A Good Day to Die Hard,2013-02-06,2013,02 Feb,3) Other months,92000000.0,304654182.0,212654182.0,3.3114585,1.0,1,Q4 (highest),2) 5.0-5.9,5.2,3493,65.402595
10733,The Alamo,2004-04-07,2004,04 Apr,3) Other months,145000000.0,25819961.0,-119180039.0,0.17806869655172414,0.0,1,Q4 (highest),2) 5.0-5.9,5.8,106,10.660441
9806,The Incredibles,2004-11-05,2004,11 Nov,2) Holiday (Nov-Dec),92000000.0,631442092.0,539442092.0,6.863501,1.0,1,Q4 (highest),4) 7.0 and above,7.4,5152,77.817571
1408,Cutthroat Island,1995-12-22,1995,12 Dec,2) Holiday (Nov-Dec),98000000.0,10017322.0,-87982678.0,0.10221757142857144,0.0,1,Q4 (highest),2) 5.0-5.9,5.7,136,7.029308
32657,Percy Jackson & the Olympians: The Lightning Thief,2010-02-01,2010,02 Feb,3) Other months,95000000.0,226497209.0,131497209.0,2.384181147368421,1.0,1,Q4 (highest),3) 6.0-6.9,6.0,2010,61.121717
607,Men in Black,1997-07-02,1997,07 Jul,1) Summer (May-Jul),90000000.0,589390539.0,499390539.0,6.548783766666666,1.0,1,Q4 (highest),3) 6.0-6.9,6.9,4412,104.121555
863,Toy Story 2,1999-10-30,1999,10 Oct,3) Other months,90000000.0,497366869.0,407366869.0,5.526298544444445,1.0,1,Q4 (highest),4) 7.0 and above,7.3,3806,73.575118
44048,Unstoppable,2010-11-04,2010,11 Nov,2) Holiday (Nov-Dec),100000000.0,167805466.0,67805466.0,1.67805466,1.0,1,Q4 (highest),3) 6.0-6.9,6.3,1165,37.698465
5175,Rush Hour 2,2001-08-03,2001,08 Aug,3) Other months,90000000.0,347325802.0,257325802.0,3.8591755777777776,1.0,1,Q4 (highest),3) 6.0-6.9,6.4,1054,35.814765
2655,What Lies Beneath,2000-07-21,2000,07 Jul,1) Summer (May-Jul),100000000.0,155464351.0,55464351.0,1.55464351,1.0,1,Q4 (highest),3) 6.0-6.9,6.3,488,15.835672
22794,Cloudy with a Chance of Meatballs,2009-09-17,2009,09 Sep,3) Other months,100000000.0,242988466.0,142988466.0,2.42988466,1.0,1,Q4 (highest),3) 6.0-6.9,6.5,1747,46.781182
8355,Ice Age: Dawn of the Dinosaurs,2009-06-29,2009,06 Jun,1) Summer (May-Jul),90000000.0,886686817.0,796686817.0,9.852075744444445,1.0,1,Q4 (highest),3) 6.0-6.9,6.5,2271,69.457898
116745,The Secret Life of Walter Mitty,2013-12-18,2013,12 Dec,2) Holiday (Nov-Dec),90000000.0,188133322.0,98133322.0,2.0903702444444443,1.0,1,Q4 (highest),4) 7.0 and above,7.0,3144,43.348022
4327,Charlie's Angels,2000-11-02,2000,11 Nov,2) Holiday (Nov-Dec),92000000.0,264105545.0,172105545.0,2.870712445652174,1.0,1,Q4 (highest),2) 5.0-5.9,5.6,1232,40.20395
1422,The Departed,2006-10-05,2006,10 Oct,3) Other months,90000000.0,289847354.0,199847354.0,3.2205261555555555,1.0,1,Q4 (highest),4) 7.0 and above,7.9,4339,63.429157
10674,Mulan,1998-06-18,1998,06 Jun,1) Summer (May-Jul),90000000.0,304320254.0,214320254.0,3.3813361555555557,1.0,1,Q4 (highest),4) 7.0 and above,7.6,2008,67.427755
7446,Tropic Thunder,2008-08-09,2008,08 Aug,3) Other months,92000000.0,188072649.0,96072649.0,2.0442679239130435,1.0,1,Q4 (highest),3) 6.0-6.9,6.5,1667,43.192048
65754,The Girl with the Dragon Tattoo,2011-12-14,2011,12 Dec,2) Holiday (Nov-Dec),90000000.0,232617430.0,142617430.0,2.584638111111111,1.0,1,Q4 (highest),4) 7.0 and above,7.2,2434,47.651083
1572,Die Hard: With a Vengeance,1995-05-19,1995,05 May,1) Summer (May-Jul),90000000.0,366101666.0,276101666.0,4.067796288888889,1.0,1,Q4 (highest),3) 6.0-6.9,6.9,2066,51.881077
10528,Sherlock Holmes,2009-12-23,2009,12 Dec,2) Holiday (Nov-Dec),90000000.0,524028679.0,434028679.0,5.822540877777778,1.0,1,Q4 (highest),4) 7.0 and above,7.0,5766,57.834787
271969,Ben-Hur,2016-08-17,2016,08 Aug,3) Other months,100000000.0,94061311.0,-5938689.0,0.94061311,0.0,1,Q4 (highest),2) 5.0-5.9,5.3,621,29.608322
10865,Atlantis: The Lost Empire,2001-06-02,2001,06 Jun,1) Summer (May-Jul),120000000.0,186053725.0,66053725.0,1.5504477083333332,1.0,1,Q4 (highest),3) 6.0-6.9,6.7,1224,51.548589
258509,Alvin and the Chipmunks: The Road Chip,2015-12-17,2015,12 Dec,2) Holiday (Nov-Dec),,233755553.0,,,,0,,2) 5.0-5.9,5.8,428,27.867368
2253,Valkyrie,2008-12-25,2008,12 Dec,2) Holiday (Nov-Dec),75000000.0,200276000.0,125276000.0,2.6703466666666666,1.0,1,Q4 (highest),3) 6.0-6.9,6.7,1173,38.832842
10661,You Don't Mess with the Zohan,2008-06-05,2008,06 Jun,1) Summer (May-Jul),90000000.0,201596308.0,111596308.0,2.239958977777778,1.0,1,Q4 (highest),2) 5.0-5.9,5.5,1048,40.597344
257344,Pixels,2015-07-16,2015,07 Jul,1) Summer (May-Jul),88000000.0,243637091.0,155637091.0,2.7686033068181817,1.0,1,Q4 (highest),2) 5.0-5.9,5.6,2513,140.849495
644,A.I. Artificial Intelligence,2001-06-29,2001,06 Jun,1) Summer (May-Jul),100000000.0,235926552.0,135926552.0,2.35926552,1.0,1,Q4 (highest),3) 6.0-6.9,6.8,1974,34.035114
10756,The Haunted Mansion,2003-11-25,2003,11 Nov,2) Holiday (Nov-Dec),90000000.0,182290266.0,92290266.0,2.0254474,1.0,1,Q4 (highest),2) 5.0-5.9,5.2,466,16.302378
686,Contact,1997-07-11,1997,07 Jul,1) Summer (May-Jul),90000000.0,171120329.0,81120329.0,1.901336988888889,1.0,1,Q4 (highest),4) 7.0 and above,7.2,1308,55.249434
9383,Hollow Man,2000-08-04,2000,08 Aug,3) Other months,95000000.0,190213455.0,95213455.0,2.002246894736842,1.0,1,Q4 (highest),2) 5.0-5.9,5.6,634,28.200874
179,The Interpreter,2005-04-08,2005,04 Apr,3) Other months,80000000.0,162944923.0,82944923.0,2.0368115375,1.0,1,Q4 (highest),3) 6.0-6.9,6.2,392,18.69984
76285,Percy Jackson: Sea of Monsters,2013-08-07,2013,08 Aug,3) Other months,90000000.0,174578751.0,84578751.0,1.9397639,1.0,1,Q4 (highest),2) 5.0-5.9,5.9,1648,40.262261
1996,Lara Croft Tomb Raider: The Cradle of Life,2003-07-21,2003,07 Jul,1) Summer (May-Jul),95000000.0,156505388.0,61505388.0,1.6474251368421053,1.0,1,Q4 (highest),2) 5.0-5.9,5.5,1418,56.811056
291805,Now You See Me 2,2016-06-02,2016,06 Jun,1) Summer (May-Jul),90000000.0,334901337.0,244901337.0,3.7211259666666665,1.0,1,Q4 (highest),3) 6.0-6.9,6.7,3235,51.535701
10003,The Saint,1997-04-03,1997,04 Apr,3) Other months,68000000.0,118063304.0,50063304.0,1.7362250588235295,1.0,1,Q4 (highest),2) 5.0-5.9,5.9,302,20.913852
1535,Spy Game,2001-11-18,2001,11 Nov,2) Holiday (Nov-Dec),92000000.0,143049560.0,51049560.0,1.5548865217391303,1.0,1,Q4 (highest),3) 6.0-6.9,6.8,579,27.166757
2067,Mission to Mars,2000-03-10,2000,03 Mar,3) Other months,90000000.0,60874615.0,-29125385.0,0.6763846111111111,0.0,1,Q4 (highest),2) 5.0-5.9,5.7,369,16.058284
46195,Rio,2011-04-03,2011,04 Apr,3) Other months,90000000.0,484635760.0,394635760.0,5.384841777777778,1.0,1,Q4 (highest),3) 6.0-6.9,6.5,2166,46.200042
2277,Bicentennial Man,1999-12-17,1999,12 Dec,2) Holiday (Nov-Dec),100000000.0,93700000.0,-6300000.0,0.937,0.0,1,Q4 (highest),3) 6.0-6.9,6.9,963,24.939295
10357,Volcano,1997-04-25,1997,04 Apr,3) Other months,90000000.0,,,,,0,,2) 5.0-5.9,5.2,376,19.836124
4477,The Devil's Own,1997-03-12,1997,03 Mar,3) Other months,90000000.0,140807547.0,50807547.0,1.5645283,1.0,1,Q4 (highest),2) 5.0-5.9,5.9,290,15.350451
8665,K-19: The Widowmaker,2002-07-19,2002,07 Jul,1) Summer (May-Jul),100000000.0,35168966.0,-64831034.0,0.35168966,0.0,1,Q4 (highest),3) 6.0-6.9,6.1,264,15.625949
9387,Conan the Barbarian,1982-04-02,1982,04 Apr,3) Other months,20000000.0,79114085.0,59114085.0,3.95570425,1.0,1,Q2,3) 6.0-6.9,6.6,650,31.802807
921,Cinderella Man,2005-06-02,2005,06 Jun,1) Summer (May-Jul),88000000.0,108539911.0,20539911.0,1.2334080795454545,1.0,1,Q4 (highest),4) 7.0 and above,7.3,616,24.100863
49852,The Nutcracker: The Untold Story,2010-11-24,2010,11 Nov,2) Holiday (Nov-Dec),90000000.0,16178959.0,-73821041.0,0.1797662111111111,0.0,1,Q4 (highest),2) 5.0-5.9,5.4,50,3.593349
4464,Seabiscuit,2003-07-22,2003,07 Jul,1) Summer (May-Jul),87000000.0,148336445.0,61336445.0,1.7050166091954022,1.0,1,Q4 (highest),3) 6.0-6.9,6.7,216,14.824166
664,Twister,1996-05-10,1996,05 May,1) Summer (May-Jul),92000000.0,494471524.0,402471524.0,5.374690478260869,1.0,1,Q4 (highest),3) 6.0-6.9,6.1,950,32.079995
8358,Cast Away,2000-12-22,2000,12 Dec,2) Holiday (Nov-Dec),90000000.0,429632142.0,339632142.0,4.773690466666666,1.0,1,Q4 (highest),4) 7.0 and above,7.5,3218,57.739713
9836,Happy Feet,2006-11-16,2006,11 Nov,2) Holiday (Nov-Dec),100000000.0,384335608.0,284335608.0,3.84335608,1.0,1,Q4 (highest),2) 5.0-5.9,5.9,1410,37.272385
2502,The Bourne Supremacy,2004-07-23,2004,07 Jul,1) Summer (May-Jul),75000000.0,288500217.0,213500217.0,3.84666956,1.0,1,Q4 (highest),4) 7.0 and above,7.2,2825,53.213931
9772,Air Force One,1997-07-25,1997,07 Jul,1) Summer (May-Jul),85000000.0,315156409.0,230156409.0,3.7077224588235294,1.0,1,Q4 (highest),3) 6.0-6.9,6.2,840,36.38795
161,Ocean's Eleven,2001-12-07,2001,12 Dec,2) Holiday (Nov-Dec),85000000.0,450717150.0,365717150.0,5.302554705882353,1.0,1,Q4 (highest),4) 7.0 and above,7.2,3783,60.929352
52451,The Three Musketeers,2011-08-31,2011,08 Aug,3) Other months,75000000.0,132274484.0,57274484.0,1.7636597866666666,1.0,1,Q4 (highest),2) 5.0-5.9,5.6,924,36.605246
76492,Hotel Transylvania,2012-09-20,2012,09 Sep,3) Other months,85000000.0,358375603.0,273375603.0,4.216183564705882,1.0,1,Q4 (highest),3) 6.0-6.9,6.8,2566,56.257411
4523,Enchanted,2007-11-20,2007,11 Nov,2) Holiday (Nov-Dec),85000000.0,340487652.0,255487652.0,4.005737082352941,1.0,1,Q4 (highest),3) 6.0-6.9,6.6,1449,29.21998
59961,Safe House,2012-02-09,2012,02 Feb,3) Other months,85000000.0,208076205.0,123076205.0,2.4479553529411766,1.0,1,Q4 (highest),3) 6.0-6.9,6.3,1345,34.773106
10481,102 Dalmatians,2000-10-07,2000,10 Oct,3) Other months,85000000.0,183611771.0,98611771.0,2.160138482352941,1.0,1,Q4 (highest),2) 5.0-5.9,5.1,313,9.895061
59108,Tower Heist,2011-11-02,2011,11 Nov,2) Holiday (Nov-Dec),75000000.0,152930623.0,77930623.0,2.0390749733333333,1.0,1,Q4 (highest),2) 5.0-5.9,5.8,932,36.743324
1581,The Holiday,2006-12-08,2006,12 Dec,2) Holiday (Nov-Dec),85000000.0,194168700.0,109168700.0,2.2843376470588237,1.0,1,Q4 (highest),3) 6.0-6.9,6.7,1225,44.967453
9798,Enemy of the State,1998-11-20,1998,11 Nov,2) Holiday (Nov-Dec),90000000.0,250649836.0,160649836.0,2.7849981777777777,1.0,1,Q4 (highest),3) 6.0-6.9,6.7,1240,41.207568
22897,It's Complicated,2009-12-23,2009,12 Dec,2) Holiday (Nov-Dec),85000000.0,219103655.0,134103655.0,2.577690058823529,1.0,1,Q4 (highest),3) 6.0-6.9,6.2,360,16.479851
298,Ocean's Thirteen,2007-06-07,2007,06 Jun,1) Summer (May-Jul),85000000.0,311312624.0,226312624.0,3.6625014588235296,1.0,1,Q4 (highest),3) 6.0-6.9,6.5,1999,42.069993
7484,Open Season,2006-09-29,2006,09 Sep,3) Other months,85000000.0,197309027.0,112309027.0,2.3212826705882352,1.0,1,Q4 (highest),3) 6.0-6.9,6.1,656,26.61951
157350,Divergent,2014-03-14,2014,03 Mar,3) Other months,85000000.0,288747895.0,203747895.0,3.3970340588235293,1.0,1,Q4 (highest),3) 6.0-6.9,6.9,4663,80.316463
853,Enemy at the Gates,2001-03-13,2001,03 Mar,3) Other months,68000000.0,96976270.0,28976270.0,1.4261216176470588,1.0,1,Q4 (highest),4) 7.0 and above,7.2,999,41.273567
10159,The Rundown,2003-09-26,2003,09 Sep,3) Other months,85000000.0,80916492.0,-4083508.0,0.9519587294117647,0.0,1,Q4 (highest),3) 6.0-6.9,6.4,514,24.107835
9593,Last Action Hero,1993-06-18,1993,06 Jun,1) Summer (May-Jul),85000000.0,137298489.0,52298489.0,1.6152763411764706,1.0,1,Q4 (highest),3) 6.0-6.9,6.1,712,32.044191
1904,Memoirs of a Geisha,2005-12-06,2005,12 Dec,2) Holiday (Nov-Dec),85000000.0,162242962.0,77242962.0,1.9087407294117646,1.0,1,Q4 (highest),4) 7.0 and above,7.3,652,16.595874
9615,The Fast and the Furious: Tokyo Drift,2006-06-03,2006,06 Jun,1) Summer (May-Jul),85000000.0,158468292.0,73468292.0,1.8643328470588236,1.0,1,Q4 (highest),3) 6.0-6.9,6.1,1705,8.282876
51052,Arthur Christmas,2011-02-22,2011,02 Feb,3) Other months,,,,,,0,,3) 6.0-6.9,6.7,333,19.83683
297,Meet Joe Black,1998-11-12,1998,11 Nov,2) Holiday (Nov-Dec),90000000.0,142940100.0,52940100.0,1.5882233333333333,1.0,1,Q4 (highest),3) 6.0-6.9,6.9,1147,36.069611
9884,Collateral Damage,2002-02-06,2002,02 Feb,3) Other months,85000000.0,78382433.0,-6617567.0,0.9221462705882353,0.0,1,Q4 (highest),2) 5.0-5.9,5.5,427,18.827753
16858,All That Jazz,1979-12-20,1979,12 Dec,2) Holiday (Nov-Dec),,37823676.0,,,,0,,4) 7.0 and above,7.3,85,5.159407
62764,Mirror Mirror,2012-03-15,2012,03 Mar,3) Other months,85000000.0,183018522.0,98018522.0,2.153159082352941,1.0,1,Q4 (highest),2) 5.0-5.9,5.5,1114,48.126297
22538,Scott Pilgrim vs. the World,2010-07-27,2010,07 Jul,1) Summer (May-Jul),60000000.0,47664559.0,-12335441.0,0.7944093166666667,0.0,1,Q4 (highest),4) 7.0 and above,7.2,2126,38.885195
9341,The Core,2003-03-28,2003,03 Mar,3) Other months,60000000.0,74208267.0,14208267.0,1.23680445,1.0,1,Q4 (highest),2) 5.0-5.9,5.4,516,29.211255
12107,Nutty Professor II: The Klumps,2000-07-27,2000,07 Jul,1) Summer (May-Jul),84000000.0,123307945.0,39307945.0,1.4679517261904762,1.0,1,Q4 (highest),1) Below 5.0,4.7,332,17.783361
9637,Scooby-Doo,2002-06-14,2002,06 Jun,1) Summer (May-Jul),84000000.0,275650703.0,191650703.0,3.281555988095238,1.0,1,Q4 (highest),2) 5.0-5.9,5.4,820,31.435539
49049,Dredd,2012-09-07,2012,09 Sep,3) Other months,50000000.0,41037742.0,-8962258.0,0.82075484,0.0,1,Q3,3) 6.0-6.9,6.6,1940,57.673932
9339,Click,2006-06-22,2006,06 Jun,1) Summer (May-Jul),82500000.0,237681299.0,155181299.0,2.8809854424242425,1.0,1,Q4 (highest),3) 6.0-6.9,6.0,2104,41.176631
16281,Creepshow,1982-11-12,1982,11 Nov,2) Holiday (Nov-Dec),8000000.0,21028755.0,13028755.0,2.628594375,1.0,1,Q1 (lowest),3) 6.0-6.9,6.7,226,13.661289
39691,Cats & Dogs 2 : The Revenge of Kitty Galore,2010-07-30,2010,07 Jul,1) Summer (May-Jul),85000000.0,112483764.0,27483764.0,1.3233384,1.0,1,Q4 (highest),1) Below 5.0,4.9,119,11.77398
8247,Jumper,2008-02-10,2008,02 Feb,3) Other months,85000000.0,222231186.0,137231186.0,2.6144845411764708,1.0,1,Q4 (highest),2) 5.0-5.9,5.9,1799,21.218
11253,Hellboy II: The Golden Army,2008-07-11,2008,07 Jul,1) Summer (May-Jul),85000000.0,160388063.0,75388063.0,1.886918388235294,1.0,1,Q4 (highest),3) 6.0-6.9,6.5,1527,58.57976
1949,Zodiac,2007-03-02,2007,03 Mar,3) Other months,65000000.0,84785914.0,19785914.0,1.3043986769230769,1.0,1,Q4 (highest),4) 7.0 and above,7.3,2023,51.970905
8452,The 6th Day,2000-11-17,2000,11 Nov,2) Holiday (Nov-Dec),82000000.0,96085477.0,14085477.0,1.1717741097560976,1.0,1,Q4 (highest),2) 5.0-5.9,5.7,595,18.447479
310,Bruce Almighty,2003-05-23,2003,05 May,1) Summer (May-Jul),80000000.0,484572835.0,404572835.0,6.0571604375,1.0,1,Q4 (highest),3) 6.0-6.9,6.4,3012,109.684788
27578,The Expendables,2010-08-03,2010,08 Aug,3) Other months,80000000.0,274470394.0,194470394.0,3.430879925,1.0,1,Q4 (highest),3) 6.0-6.9,6.0,2926,77.580661
954,Mission: Impossible,1996-05-22,1996,05 May,1) Summer (May-Jul),80000000.0,457696359.0,377696359.0,5.7212044875,1.0,1,Q4 (highest),3) 6.0-6.9,6.7,2631,75.290998
70160,The Hunger Games,2012-03-12,2012,03 Mar,3) Other months,75000000.0,691210692.0,616210692.0,9.21614256,1.0,1,Q4 (highest),3) 6.0-6.9,6.9,9455,68.550698
45243,The Hangover Part II,2011-05-25,2011,05 May,1) Summer (May-Jul),80000000.0,254455986.0,174455986.0,3.180699825,1.0,1,Q4 (highest),3) 6.0-6.9,6.2,3739,58.040149
364,Batman Returns,1992-06-19,1992,06 Jun,1) Summer (May-Jul),80000000.0,280000000.0,200000000.0,3.5,1.0,1,Q4 (highest),3) 6.0-6.9,6.6,1673,59.113174
7518,Over the Hedge,2006-04-22,2006,04 Apr,3) Other months,80000000.0,343397247.0,263397247.0,4.2924655875,1.0,1,Q4 (highest),3) 6.0-6.9,6.3,1074,36.32705
11544,Lilo & Stitch,2002-06-21,2002,06 Jun,1) Summer (May-Jul),80000000.0,145771527.0,65771527.0,1.8221440875,1.0,1,Q4 (highest),4) 7.0 and above,7.1,1314,55.659988
9986,Charlotte's Web,2006-12-15,2006,12 Dec,2) Holiday (Nov-Dec),85000000.0,144000000.0,59000000.0,1.6941176470588235,1.0,1,Q4 (highest),2) 5.0-5.9,5.8,288,14.132583
8656,Deep Impact,1998-05-08,1998,05 May,1) Summer (May-Jul),75000000.0,140464664.0,65464664.0,1.8728621866666666,1.0,1,Q4 (highest),2) 5.0-5.9,5.9,855,34.070054
146216,RED 2,2013-07-18,2013,07 Jul,1) Summer (May-Jul),84000000.0,,,,,0,,3) 6.0-6.9,6.4,1526,44.34333
9291,The Longest Yard,2005-05-19,2005,05 May,1) Summer (May-Jul),82000000.0,190320568.0,108320568.0,2.320982536585366,1.0,1,Q4 (highest),3) 6.0-6.9,6.2,785,26.065735
55301,Alvin and the Chipmunks: Chipwrecked,2011-12-14,2011,12 Dec,2) Holiday (Nov-Dec),75000000.0,342695435.0,267695435.0,4.569272466666667,1.0,1,Q4 (highest),2) 5.0-5.9,5.4,484,23.473004
109418,Grown Ups 2,2013-07-11,2013,07 Jul,1) Summer (May-Jul),80000000.0,246984278.0,166984278.0,3.087303475,1.0,1,Q4 (highest),2) 5.0-5.9,5.8,1155,45.589568
11665,Get Smart,2008-06-19,2008,06 Jun,1) Summer (May-Jul),80000000.0,230685453.0,150685453.0,2.8835681625,1.0,1,Q4 (highest),3) 6.0-6.9,6.0,1051,23.496054
6964,Something's Gotta Give,2003-12-12,2003,12 Dec,2) Holiday (Nov-Dec),80000000.0,266728738.0,186728738.0,3.334109225,1.0,1,Q4 (highest),3) 6.0-6.9,6.3,410,16.939441
11324,Shutter Island,2010-02-18,2010,02 Feb,3) Other months,80000000.0,294804195.0,214804195.0,3.6850524375,1.0,1,Q4 (highest),4) 7.0 and above,7.8,6336,81.914696
12193,Four Christmases,2008-11-26,2008,11 Nov,2) Holiday (Nov-Dec),80000000.0,163733697.0,83733697.0,2.0466712125,1.0,1,Q4 (highest),2) 5.0-5.9,5.3,331,19.500893
9928,Robots,2005-03-10,2005,03 Mar,3) Other months,75000000.0,260696994.0,185696994.0,3.47595992,1.0,1,Q4 (highest),3) 6.0-6.9,6.0,1333,29.558157
754,Face/Off,1997-06-27,1997,06 Jun,1) Summer (May-Jul),80000000.0,245676146.0,165676146.0,3.070951825,1.0,1,Q4 (highest),3) 6.0-6.9,6.8,1583,46.075037
10202,Bedtime Stories,2008-12-24,2008,12 Dec,2) Holiday (Nov-Dec),80000000.0,212874442.0,132874442.0,2.660930525,1.0,1,Q4 (highest),2) 5.0-5.9,5.9,901,23.531721
4147,Road to Perdition,2002-07-12,2002,07 Jul,1) Summer (May-Jul),80000000.0,181001478.0,101001478.0,2.262518475,1.0,1,Q4 (highest),4) 7.0 and above,7.3,1077,49.078546
50546,Just Go with It,2011-02-10,2011,02 Feb,3) Other months,80000000.0,214918407.0,134918407.0,2.6864800875,1.0,1,Q4 (highest),3) 6.0-6.9,6.3,1543,37.02665
1701,Con Air,1997-06-01,1997,06 Jun,1) Summer (May-Jul),75000000.0,224012234.0,149012234.0,2.9868297866666667,1.0,1,Q4 (highest),3) 6.0-6.9,6.5,1270,45.154631
13027,Eagle Eye,2008-09-25,2008,09 Sep,3) Other months,80000000.0,178066569.0,98066569.0,2.2258321125,1.0,1,Q4 (highest),3) 6.0-6.9,6.3,1018,46.887983
2289,Cold Mountain,2003-12-24,2003,12 Dec,2) Holiday (Nov-Dec),79000000.0,173013509.0,94013509.0,2.190044417721519,1.0,1,Q4 (highest),3) 6.0-6.9,6.7,533,24.598479
20504,The Book of Eli,2010-01-14,2010,01 Jan,3) Other months,80000000.0,157107755.0,77107755.0,1.9638469375,1.0,1,Q4 (highest),3) 6.0-6.9,6.6,2164,32.363538
9574,Flubber,1997-11-26,1997,11 Nov,2) Holiday (Nov-Dec),80000000.0,177977226.0,97977226.0,2.224715325,1.0,1,Q4 (highest),2) 5.0-5.9,5.3,695,11.50396
11618,The Haunting,1999-07-23,1999,07 Jul,1) Summer (May-Jul),80000000.0,91188905.0,11188905.0,1.1398613125,1.0,1,Q4 (highest),2) 5.0-5.9,5.2,369,19.375768
2300,Space Jam,1996-11-15,1996,11 Nov,2) Holiday (Nov-Dec),80000000.0,250200000.0,170200000.0,3.1275,1.0,1,Q4 (highest),3) 6.0-6.9,6.5,1288,36.125715
12096,The Pink Panther,2006-01-18,2006,01 Jan,3) Other months,,,,,,0,,2) 5.0-5.9,5.6,550,25.450534
10200,The Day the Earth Stood Still,2008-12-10,2008,12 Dec,2) Holiday (Nov-Dec),80000000.0,233093859.0,153093859.0,2.9136732375,1.0,1,Q4 (highest),2) 5.0-5.9,5.2,1043,41.890722
8834,Conspiracy Theory,1997-08-07,1997,08 Aug,3) Other months,75000000.0,136982834.0,61982834.0,1.8264377866666666,1.0,1,Q4 (highest),3) 6.0-6.9,6.5,431,22.179658
228150,Fury,2014-10-15,2014,10 Oct,3) Other months,68000000.0,211817906.0,143817906.0,3.114969205882353,1.0,1,Q4 (highest),4) 7.0 and above,7.4,3946,139.575085
6068,Six Days Seven Nights,1998-06-12,1998,06 Jun,1) Summer (May-Jul),70000000.0,164000000.0,94000000.0,2.342857142857143,1.0,1,Q4 (highest),2) 5.0-5.9,5.6,332,18.264635
41515,Yogi Bear,2010-12-11,2010,12 Dec,2) Holiday (Nov-Dec),80000000.0,201584141.0,121584141.0,2.5198017625,1.0,1,Q4 (highest),2) 5.0-5.9,5.2,220,11.187696
9023,Spirit: Stallion of the Cimarron,2002-05-24,2002,05 May,1) Summer (May-Jul),80000000.0,122563539.0,42563539.0,1.5320442375,1.0,1,Q4 (highest),4) 7.0 and above,7.4,831,41.670544
38317,Zookeeper,2011-07-06,2011,07 Jul,1) Summer (May-Jul),80000000.0,169852759.0,89852759.0,2.1231594875,1.0,1,Q4 (highest),2) 5.0-5.9,5.3,498,27.46264
2157,Lost in Space,1998-04-03,1998,04 Apr,3) Other months,80000000.0,136159423.0,56159423.0,1.7019927875,1.0,1,Q4 (highest),2) 5.0-5.9,5.0,388,17.455024
14462,The Manchurian Candidate,2004-07-30,2004,07 Jul,1) Summer (May-Jul),80000000.0,96105964.0,16105964.0,1.20132455,1.0,1,Q4 (highest),3) 6.0-6.9,6.2,393,21.394281
161795,Déjà Vu,1998-04-22,1998,04 Apr,3) Other months,,,,,,0,,,8.0,1,0.605645
159824,Hotel Transylvania 2,2015-09-21,2015,09 Sep,3) Other months,80000000.0,473226958.0,393226958.0,5.915336975,1.0,1,Q4 (highest),3) 6.0-6.9,6.7,1497,61.692197
49948,Fantasia 2000,1999-12-17,1999,12 Dec,2) Holiday (Nov-Dec),80000000.0,90874570.0,10874570.0,1.135932125,1.0,1,Q4 (highest),4) 7.0 and above,7.0,292,14.530946
2135,The Time Machine,2002-03-04,2002,03 Mar,3) Other months,80000000.0,123729176.0,43729176.0,1.5466147,1.0,1,Q4 (highest),2) 5.0-5.9,5.8,631,25.978555
9822,Mighty Joe Young,1998-12-25,1998,12 Dec,2) Holiday (Nov-Dec),90000000.0,,,,,0,,2) 5.0-5.9,5.9,208,6.643778
9705,Swordfish,2001-06-07,2001,06 Jun,1) Summer (May-Jul),102000000.0,147080413.0,45080413.0,1.4419648333333333,1.0,1,Q4 (highest),3) 6.0-6.9,6.1,932,36.788745
1656,The Legend of Zorro,2005-10-24,2005,10 Oct,3) Other months,75000000.0,142400065.0,67400065.0,1.8986675333333334,1.0,1,Q4 (highest),2) 5.0-5.9,5.9,893,31.054334
12159,What Dreams May Come,1998-10-02,1998,10 Oct,3) Other months,85000000.0,71485043.0,-13514957.0,0.841000505882353,0.0,1,Q4 (highest),3) 6.0-6.9,6.8,577,21.891078
9678,Little Nicky,2000-11-10,2000,11 Nov,2) Holiday (Nov-Dec),85000000.0,,,,,0,,2) 5.0-5.9,5.2,438,18.335992
4442,The Brothers Grimm,2005-08-26,2005,08 Aug,3) Other months,88000000.0,105316267.0,17316267.0,1.1967757613636363,1.0,1,Q4 (highest),2) 5.0-5.9,5.6,818,40.138009
75,Mars Attacks!,1996-12-12,1996,12 Dec,2) Holiday (Nov-Dec),70000000.0,101371017.0,31371017.0,1.4481573857142858,1.0,1,Q4 (highest),3) 6.0-6.9,6.1,1509,44.090535
330770,Evolution,2015-09-14,2015,09 Sep,3) Other months,,,,,,0,,3) 6.0-6.9,6.4,47,3.300061
9433,The Edge,1997-09-06,1997,09 Sep,3) Other months,,43312294.0,,,,0,,3) 6.0-6.9,6.7,349,20.632673
19959,Surrogates,2009-09-24,2009,09 Sep,3) Other months,80000000.0,122444772.0,42444772.0,1.53055965,1.0,1,Q4 (highest),2) 5.0-5.9,5.9,1195,36.664991
11973,Thirteen Days,2000-12-24,2000,12 Dec,2) Holiday (Nov-Dec),80000000.0,34566746.0,-45433254.0,0.432084325,0.0,1,Q4 (highest),3) 6.0-6.9,6.9,189,18.26121
11228,Daylight,1996-12-06,1996,12 Dec,2) Holiday (Nov-Dec),80000000.0,159212469.0,79212469.0,1.9901558625,1.0,1,Q4 (highest),2) 5.0-5.9,5.8,378,16.681269
77951,Walking With Dinosaurs,2013-12-18,2013,12 Dec,2) Holiday (Nov-Dec),80000000.0,126546518.0,46546518.0,1.581831475,1.0,1,Q4 (highest),2) 5.0-5.9,5.2,133,10.088006
5491,Battlefield Earth,2000-05-10,2000,05 May,1) Summer (May-Jul),44000000.0,21400000.0,-22600000.0,0.4863636363636364,0.0,1,Q3,1) Below 5.0,3.0,255,7.89147
10715,Looney Tunes: Back in Action,2003-11-14,2003,11 Nov,2) Holiday (Nov-Dec),80000000.0,68514844.0,-11485156.0,0.85643555,0.0,1,Q4 (highest),2) 5.0-5.9,5.6,297,16.715631
10197,Nine,2009-12-03,2009,12 Dec,2) Holiday (Nov-Dec),80000000.0,53825515.0,-26174485.0,0.6728189375,0.0,1,Q4 (highest),2) 5.0-5.9,5.1,165,9.357734
9562,Timeline,2003-11-26,2003,11 Nov,2) Holiday (Nov-Dec),80000000.0,19480739.0,-60519261.0,0.2435092375,0.0,1,Q4 (highest),2) 5.0-5.9,5.4,318,11.22268
9922,The Postman,1997-12-25,1997,12 Dec,2) Holiday (Nov-Dec),80000000.0,17626234.0,-62373766.0,0.220327925,0.0,1,Q4 (highest),3) 6.0-6.9,6.1,299,14.564667
9447,Babe: Pig in the City,1998-11-25,1998,11 Nov,2) Holiday (Nov-Dec),90000000.0,69131860.0,-20868140.0,0.7681317777777777,0.0,1,Q4 (highest),2) 5.0-5.9,5.2,305,11.356079
274854,The Last Witch Hunter,2015-10-21,2015,10 Oct,3) Other months,90000000.0,146936910.0,56936910.0,1.6326323333333332,1.0,1,Q4 (highest),2) 5.0-5.9,5.7,1316,52.612025
8870,Red Planet,2000-11-10,2000,11 Nov,2) Holiday (Nov-Dec),80000000.0,33463969.0,-46536031.0,0.4182996125,0.0,1,Q4 (highest),2) 5.0-5.9,5.4,267,13.800656
9992,Arthur and the Invisibles,2006-12-13,2006,12 Dec,2) Holiday (Nov-Dec),86000000.0,107944236.0,21944236.0,1.255165534883721,1.0,1,Q4 (highest),3) 6.0-6.9,6.0,639,27.097932
36970,Oceans,2009-10-17,2009,10 Oct,3) Other months,,19406406.0,,,,0,,4) 7.0 and above,7.3,111,10.706613
10077,A Sound of Thunder,2005-05-15,2005,05 May,1) Summer (May-Jul),80000000.0,5989640.0,-74010360.0,0.0748705,0.0,1,Q4 (highest),1) Below 5.0,4.8,111,7.342892
76649,Pompeii,2014-02-18,2014,02 Feb,3) Other months,130000000.0,117831631.0,-12168369.0,0.9063971615384615,0.0,1,Q4 (highest),2) 5.0-5.9,5.2,1267,50.561849
293644,Top Cat Begins,2015-10-30,2015,10 Oct,3) Other months,8000000.0,,,,,0,,,5.3,9,0.719996
453,A Beautiful Mind,2001-12-11,2001,12 Dec,2) Holiday (Nov-Dec),60000000.0,313542341.0,253542341.0,5.2257056833333335,1.0,1,Q4 (highest),4) 7.0 and above,7.7,3009,59.248437
8587,The Lion King,1994-06-23,1994,06 Jun,1) Summer (May-Jul),45000000.0,788241776.0,743241776.0,17.516483911111113,1.0,1,Q3,4) 7.0 and above,8.0,5376,90.457886
72545,Journey 2: The Mysterious Island,2012-01-19,2012,01 Jan,3) Other months,79000000.0,355692760.0,276692760.0,4.50244,1.0,1,Q4 (highest),2) 5.0-5.9,5.8,1030,40.723459
109451,Cloudy with a Chance of Meatballs 2,2013-09-26,2013,09 Sep,3) Other months,78000000.0,248384621.0,170384621.0,3.184418217948718,1.0,1,Q4 (highest),3) 6.0-6.9,6.4,915,41.247402
9533,Red Dragon,2002-09-29,2002,09 Sep,3) Other months,78000000.0,209196298.0,131196298.0,2.6820038205128207,1.0,1,Q4 (highest),3) 6.0-6.9,6.7,1115,10.083905
2023,Hidalgo,2004-03-05,2004,03 Mar,3) Other months,100000000.0,108103450.0,8103450.0,1.0810345,1.0,1,Q4 (highest),3) 6.0-6.9,6.5,318,16.759252
71880,Jack and Jill,2011-11-11,2011,11 Nov,2) Holiday (Nov-Dec),79000000.0,149673788.0,70673788.0,1.894604911392405,1.0,1,Q4 (highest),1) Below 5.0,4.1,604,22.132418
584,2 Fast 2 Furious,2003-06-05,2003,06 Jun,1) Summer (May-Jul),76000000.0,236350661.0,160350661.0,3.1098771184210525,1.0,1,Q4 (highest),3) 6.0-6.9,6.2,2028,10.520961
309809,The Little Prince,2015-07-29,2015,07 Jul,1) Summer (May-Jul),64000000.0,97571250.0,33571250.0,1.52455078125,1.0,1,Q4 (highest),4) 7.0 and above,7.6,756,35.384423
4858,The Invasion,2007-08-17,2007,08 Aug,3) Other months,80000000.0,15071514.0,-64928486.0,0.188393925,0.0,1,Q4 (highest),2) 5.0-5.9,5.7,359,15.673154
17711,The Adventures of Rocky & Bullwinkle,2000-06-30,2000,06 Jun,1) Summer (May-Jul),76000000.0,35134820.0,-40865180.0,0.46230026315789474,0.0,1,Q4 (highest),1) Below 5.0,3.9,87,8.981427
328111,The Secret Life of Pets,2016-06-18,2016,06 Jun,1) Summer (May-Jul),75000000.0,875958308.0,800958308.0,11.679444106666667,1.0,1,Q4 (highest),2) 5.0-5.9,5.9,3462,31.482872
8698,The League of Extraordinary Gentlemen,2003-07-11,2003,07 Jul,1) Summer (May-Jul),78000000.0,179265204.0,101265204.0,2.2982718461538463,1.0,1,Q4 (highest),2) 5.0-5.9,5.7,1155,47.436675
93456,Despicable Me 2,2013-06-25,2013,06 Jun,1) Summer (May-Jul),76000000.0,970761885.0,894761885.0,12.773182697368421,1.0,1,Q4 (highest),4) 7.0 and above,7.0,4637,136.886704
602,Independence Day,1996-06-25,1996,06 Jun,1) Summer (May-Jul),75000000.0,816969268.0,741969268.0,10.892923573333332,1.0,1,Q4 (highest),3) 6.0-6.9,6.7,3260,60.442593
330,The Lost World: Jurassic Park,1997-05-23,1997,05 May,1) Summer (May-Jul),73000000.0,229074524.0,156074524.0,3.1380071780821917,1.0,1,Q4 (highest),3) 6.0-6.9,6.2,2487,2.502487
953,Madagascar,2005-05-25,2005,05 May,1) Summer (May-Jul),75000000.0,532680671.0,457680671.0,7.1024089466666664,1.0,1,Q4 (highest),3) 6.0-6.9,6.6,3237,48.110909
9693,Children of Men,2006-09-22,2006,09 Sep,3) Other months,76000000.0,69959751.0,-6040249.0,0.9205230394736842,0.0,1,Q4 (highest),4) 7.0 and above,7.4,2071,35.387874
36657,X-Men,2000-07-13,2000,07 Jul,1) Summer (May-Jul),75000000.0,296339527.0,221339527.0,3.9511936933333334,1.0,1,Q4 (highest),3) 6.0-6.9,6.8,4097,4.66891
8909,Wanted,2008-06-19,2008,06 Jun,1) Summer (May-Jul),75000000.0,258270008.0,183270008.0,3.4436001066666666,1.0,1,Q4 (highest),3) 6.0-6.9,6.4,2528,73.82289
9802,The Rock,1996-06-06,1996,06 Jun,1) Summer (May-Jul),75000000.0,335062621.0,260062621.0,4.467501613333333,1.0,1,Q4 (highest),3) 6.0-6.9,6.9,1456,51.469576
950,Ice Age: The Meltdown,2006-03-23,2006,03 Mar,3) Other months,80000000.0,660940780.0,580940780.0,8.26175975,1.0,1,Q4 (highest),3) 6.0-6.9,6.5,2951,85.115058
1824,50 First Dates,2004-02-13,2004,02 Feb,3) Other months,75000000.0,196482882.0,121482882.0,2.61977176,1.0,1,Q4 (highest),3) 6.0-6.9,6.6,2105,61.437586
2976,Hairspray,2007-07-13,2007,07 Jul,1) Summer (May-Jul),50000000.0,90450008.0,40450008.0,1.80900016,1.0,1,Q3,3) 6.0-6.9,6.5,709,31.160542
11026,Exorcist: The Beginning,2004-08-20,2004,08 Aug,3) Other months,80000000.0,78000586.0,-1999414.0,0.975007325,0.0,1,Q4 (highest),1) Below 5.0,4.7,183,15.761384
332,Inspector Gadget,1999-07-23,1999,07 Jul,1) Summer (May-Jul),75000000.0,,,,,0,,1) Below 5.0,4.3,318,17.561955
75656,Now You See Me,2013-05-29,2013,05 May,1) Summer (May-Jul),75000000.0,117698894.0,42698894.0,1.5693185866666666,1.0,1,Q4 (highest),4) 7.0 and above,7.3,5487,71.124686
38365,Grown Ups,2010-06-24,2010,06 Jun,1) Summer (May-Jul),80000000.0,271430189.0,191430189.0,3.3928773625,1.0,1,Q4 (highest),3) 6.0-6.9,6.0,1705,38.864027
594,The Terminal,2004-06-17,2004,06 Jun,1) Summer (May-Jul),60000000.0,219417255.0,159417255.0,3.65695425,1.0,1,Q4 (highest),4) 7.0 and above,7.0,1910,57.753914
15189,Hotel for Dogs,2009-01-16,2009,01 Jan,3) Other months,35000000.0,73034460.0,38034460.0,2.0866988571428573,1.0,1,Q3,2) 5.0-5.9,5.7,202,13.25753
11678,Vertical Limit,2000-12-08,2000,12 Dec,2) Holiday (Nov-Dec),75000000.0,215663859.0,140663859.0,2.87551812,1.0,1,Q4 (highest),2) 5.0-5.9,5.9,283,13.318744
6538,Charlie Wilson's War,2007-12-19,2007,12 Dec,2) Holiday (Nov-Dec),75000000.0,119000410.0,44000410.0,1.5866721333333333,1.0,1,Q4 (highest),3) 6.0-6.9,6.5,338,18.70031
10555,Shark Tale,2004-09-20,2004,09 Sep,3) Other months,75000000.0,367275019.0,292275019.0,4.897000253333333,1.0,1,Q4 (highest),2) 5.0-5.9,5.8,1557,47.094369
1125,Dreamgirls,2006-12-25,2006,12 Dec,2) Holiday (Nov-Dec),70000000.0,154937680.0,84937680.0,2.213395428571429,1.0,1,Q4 (highest),3) 6.0-6.9,6.6,284,14.486311
4551,Be Cool,2005-03-04,2005,03 Mar,3) Other months,53000000.0,95226116.0,42226116.0,1.7967191698113207,1.0,1,Q3,2) 5.0-5.9,5.4,292,18.61472
612,Munich,2005-12-22,2005,12 Dec,2) Holiday (Nov-Dec),70000000.0,130358911.0,60358911.0,1.862270157142857,1.0,1,Q4 (highest),3) 6.0-6.9,6.9,696,29.035222
9567,Tears of the Sun,2003-03-07,2003,03 Mar,3) Other months,70000000.0,85632458.0,15632458.0,1.2233208285714285,1.0,1,Q4 (highest),3) 6.0-6.9,6.4,573,27.055085
37821,Killers,2010-06-04,2010,06 Jun,1) Summer (May-Jul),75000000.0,98159963.0,23159963.0,1.3087995066666667,1.0,1,Q4 (highest),2) 5.0-5.9,5.7,772,23.004607
203801,The Man from U.N.C.L.E.,2015-08-13,2015,08 Aug,3) Other months,75000000.0,108145109.0,33145109.0,1.4419347866666667,1.0,1,Q4 (highest),4) 7.0 and above,7.1,2265,48.744209
2539,Spanglish,2004-12-17,2004,12 Dec,2) Holiday (Nov-Dec),80000000.0,55041367.0,-24958633.0,0.6880170875,0.0,1,Q4 (highest),2) 5.0-5.9,5.8,369,14.209329
9297,Monster House,2006-07-21,2006,07 Jul,1) Summer (May-Jul),75000000.0,140175006.0,65175006.0,1.86900008,1.0,1,Q4 (highest),3) 6.0-6.9,6.3,874,36.368839
3172,Bandits,2001-10-12,2001,10 Oct,3) Other months,75000000.0,67631903.0,-7368097.0,0.9017587066666667,0.0,1,Q4 (highest),3) 6.0-6.9,6.2,302,24.353302
6520,First Knight,1995-07-07,1995,07 Jul,1) Summer (May-Jul),55000000.0,127600435.0,72600435.0,2.320007909090909,1.0,1,Q3,2) 5.0-5.9,5.9,311,19.143321
1439,Anna and the King,1999-12-16,1999,12 Dec,2) Holiday (Nov-Dec),75000000.0,,,,,0,,3) 6.0-6.9,6.4,197,13.327372
37958,Immortals,2011-11-10,2011,11 Nov,2) Holiday (Nov-Dec),75000000.0,226904017.0,151904017.0,3.025386893333333,1.0,1,Q4 (highest),2) 5.0-5.9,5.7,880,37.917002
2026,Hostage,2005-03-09,2005,03 Mar,3) Other months,52000000.0,77944725.0,25944725.0,1.4989370192307692,1.0,1,Q3,3) 6.0-6.9,6.2,512,23.663713
7450,Titan A.E.,2000-06-16,2000,06 Jun,1) Summer (May-Jul),75000000.0,36754634.0,-38245366.0,0.49006178666666667,0.0,1,Q4 (highest),3) 6.0-6.9,6.3,313,14.44381
11375,Hollywood Homicide,2003-06-09,2003,06 Jun,1) Summer (May-Jul),75000000.0,51142659.0,-23857341.0,0.68190212,0.0,1,Q4 (highest),2) 5.0-5.9,5.0,166,10.605084
9425,Soldier,1998-10-23,1998,10 Oct,3) Other months,75000000.0,14567883.0,-60432117.0,0.19423844,0.0,1,Q4 (highest),3) 6.0-6.9,6.1,221,11.873856
25769,Carriers,2009-09-04,2009,09 Sep,3) Other months,,5802422.0,,,,0,,2) 5.0-5.9,5.8,282,12.708963
23685,Monkeybone,2001-02-23,2001,02 Feb,3) Other months,75000000.0,5409517.0,-69590483.0,0.07212689333333333,0.0,1,Q4 (highest),1) Below 5.0,4.3,78,8.098369
11866,Flight of the Phoenix,2004-12-17,2004,12 Dec,2) Holiday (Nov-Dec),45000000.0,21009180.0,-23990820.0,0.46687066666666666,0.0,1,Q3,2) 5.0-5.9,5.7,276,20.374308
9741,Unbreakable,2000-11-13,2000,11 Nov,2) Holiday (Nov-Dec),75000000.0,248118121.0,173118121.0,3.308241613333333,1.0,1,Q4 (highest),3) 6.0-6.9,6.9,1946,42.006908
211672,Minions,2015-06-17,2015,06 Jun,1) Summer (May-Jul),74000000.0,1156730962.0,1082730962.0,15.631499486486486,1.0,1,Q4 (highest),3) 6.0-6.9,6.4,4571,875.581305
23629,Sucker Punch,2011-03-24,2011,03 Mar,3) Other months,82000000.0,89792502.0,7792502.0,1.095030512195122,1.0,1,Q4 (highest),2) 5.0-5.9,5.9,1623,39.127082
8688,Snake Eyes,1998-08-07,1998,08 Aug,3) Other months,73000000.0,103891409.0,30891409.0,1.4231699863013698,1.0,1,Q4 (highest),2) 5.0-5.9,5.8,327,20.790703
10153,Sphere,1998-02-13,1998,02 Feb,3) Other months,75000000.0,13100000.0,-61900000.0,0.17466666666666666,0.0,1,Q4 (highest),2) 5.0-5.9,5.8,476,18.65988
153518,The Angry Birds Movie,2016-05-11,2016,05 May,1) Summer (May-Jul),73000000.0,349779543.0,276779543.0,4.791500589041096,1.0,1,Q4 (highest),2) 5.0-5.9,5.9,1022,45.720894
8676,Fool's Gold,2008-02-07,2008,02 Feb,3) Other months,70000000.0,111231041.0,41231041.0,1.5890148714285715,1.0,1,Q4 (highest),2) 5.0-5.9,5.4,444,21.789615
20829,Funny People,2009-07-31,2009,07 Jul,1) Summer (May-Jul),75000000.0,61458982.0,-13541018.0,0.8194530933333334,0.0,1,Q4 (highest),2) 5.0-5.9,5.7,390,20.199057
4349,The Kingdom,2007-08-22,2007,08 Aug,3) Other months,70000000.0,86658558.0,16658558.0,1.2379794,1.0,1,Q4 (highest),3) 6.0-6.9,6.5,513,26.123705
9718,Talladega Nights: The Ballad of Ricky Bobby,2006-08-04,2006,08 Aug,3) Other months,72500000.0,162966177.0,90466177.0,2.2478093379310344,1.0,1,Q4 (highest),3) 6.0-6.9,6.2,491,12.599836
10808,Dr. Dolittle 2,2001-06-22,2001,06 Jun,1) Summer (May-Jul),70000000.0,176104344.0,106104344.0,2.515776342857143,1.0,1,Q4 (highest),1) Below 5.0,4.9,410,13.543053
197,Braveheart,1995-05-24,1995,05 May,1) Summer (May-Jul),72000000.0,210000000.0,138000000.0,2.9166666666666665,1.0,1,Q4 (highest),4) 7.0 and above,7.7,3336,60.722162
25,Jarhead,2005-11-04,2005,11 Nov,2) Holiday (Nov-Dec),72000000.0,96889998.0,24889998.0,1.3456944166666667,1.0,1,Q4 (highest),3) 6.0-6.9,6.6,765,32.227223
35,The Simpsons Movie,2007-07-25,2007,07 Jul,1) Summer (May-Jul),75000000.0,527068851.0,452068851.0,7.02758468,1.0,1,Q4 (highest),3) 6.0-6.9,6.9,2264,46.875375
11086,The Majestic,2001-12-21,2001,12 Dec,2) Holiday (Nov-Dec),72000000.0,37317558.0,-34682442.0,0.5182994166666667,0.0,1,Q4 (highest),3) 6.0-6.9,6.6,188,11.215702
10477,Driven,2001-04-27,2001,04 Apr,3) Other months,94000000.0,54744738.0,-39255262.0,0.582390829787234,0.0,1,Q4 (highest),1) Below 5.0,4.5,179,8.468586
1997,Two Brothers,2004-04-07,2004,04 Apr,3) Other months,74500000.0,62172050.0,-12327950.0,0.8345241610738255,0.0,1,Q4 (highest),3) 6.0-6.9,6.9,180,8.884318
6947,The Village,2004-07-30,2004,07 Jul,1) Summer (May-Jul),60000000.0,256697520.0,196697520.0,4.278292,1.0,1,Q4 (highest),3) 6.0-6.9,6.2,1071,27.491891
3050,Doctor Dolittle,1998-06-22,1998,06 Jun,1) Summer (May-Jul),71000000.0,294456605.0,223456605.0,4.147276126760564,1.0,1,Q4 (highest),2) 5.0-5.9,5.4,686,21.462935
2675,Signs,2002-08-02,2002,08 Aug,3) Other months,72000000.0,408247917.0,336247917.0,5.670109958333334,1.0,1,Q4 (highest),3) 6.0-6.9,6.4,1599,28.848187
809,Shrek 2,2004-05-19,2004,05 May,1) Summer (May-Jul),150000000.0,919838758.0,769838758.0,6.132258386666667,1.0,1,Q4 (highest),3) 6.0-6.9,6.7,2988,47.320801
920,Cars,2006-06-08,2006,06 Jun,1) Summer (May-Jul),120000000.0,461983149.0,341983149.0,3.849859575,1.0,1,Q4 (highest),3) 6.0-6.9,6.6,3877,82.643036
4806,Runaway Bride,1999-07-30,1999,07 Jul,1) Summer (May-Jul),70000000.0,309457509.0,239457509.0,4.420821557142857,1.0,1,Q4 (highest),2) 5.0-5.9,5.7,455,20.230535
7451,xXx,2002-08-09,2002,08 Aug,3) Other months,70000000.0,277448382.0,207448382.0,3.963548314285714,1.0,1,Q4 (highest),2) 5.0-5.9,5.8,1424,46.217769
228165,The SpongeBob Movie: Sponge Out of Water,2015-02-05,2015,02 Feb,3) Other months,74000000.0,311594032.0,237594032.0,4.210730162162162,1.0,1,Q4 (highest),2) 5.0-5.9,5.8,719,36.952268
3595,Ransom,1996-11-08,1996,11 Nov,2) Holiday (Nov-Dec),80000000.0,309492681.0,229492681.0,3.8686585125,1.0,1,Q4 (highest),3) 6.0-6.9,6.4,470,16.411345
16869,Inglourious Basterds,2009-08-18,2009,08 Aug,3) Other months,70000000.0,319131050.0,249131050.0,4.559015,1.0,1,Q4 (highest),4) 7.0 and above,7.9,6430,72.595961
879,Hook,1991-12-11,1991,12 Dec,2) Holiday (Nov-Dec),70000000.0,300854823.0,230854823.0,4.297926042857143,1.0,1,Q4 (highest),3) 6.0-6.9,6.6,1532,33.648404
1573,Die Hard 2,1990-07-02,1990,07 Jul,1) Summer (May-Jul),70000000.0,240031094.0,170031094.0,3.4290156285714284,1.0,1,Q4 (highest),3) 6.0-6.9,6.6,1896,57.69847
9257,S.W.A.T.,2003-08-08,2003,08 Aug,3) Other months,80000000.0,116643346.0,36643346.0,1.458041825,1.0,1,Q4 (highest),2) 5.0-5.9,5.8,770,34.052253
1903,Vanilla Sky,2001-12-10,2001,12 Dec,2) Holiday (Nov-Dec),68000000.0,203388341.0,135388341.0,2.991005014705882,1.0,1,Q4 (highest),3) 6.0-6.9,6.5,1078,27.299301
9697,Lady in the Water,2006-07-21,2006,07 Jul,1) Summer (May-Jul),75000000.0,42285169.0,-32714831.0,0.5638022533333333,0.0,1,Q4 (highest),2) 5.0-5.9,5.3,409,20.219385
395,AVP: Alien vs. Predator,2004-08-12,2004,08 Aug,3) Other months,70000000.0,171183863.0,101183863.0,2.445483757142857,1.0,1,Q4 (highest),2) 5.0-5.9,5.5,1217,42.957216
23398,Alvin and the Chipmunks: The Squeakquel,2009-12-21,2009,12 Dec,2) Holiday (Nov-Dec),75000000.0,443140005.0,368140005.0,5.9085334,1.0,1,Q4 (highest),2) 5.0-5.9,5.4,666,29.412262
10590,We Were Soldiers,2002-03-01,2002,03 Mar,3) Other months,75000000.0,114660784.0,39660784.0,1.5288104533333333,1.0,1,Q4 (highest),3) 6.0-6.9,6.7,521,19.708731
117263,Olympus Has Fallen,2013-03-20,2013,03 Mar,3) Other months,70000000.0,161025640.0,91025640.0,2.300366285714286,1.0,1,Q4 (highest),3) 6.0-6.9,6.2,2981,59.428223
200,Star Trek: Insurrection,1998-12-10,1998,12 Dec,2) Holiday (Nov-Dec),70000000.0,118000000.0,48000000.0,1.6857142857142857,1.0,1,Q4 (highest),3) 6.0-6.9,6.3,391,19.711951
44943,Battle: Los Angeles,2011-03-08,2011,03 Mar,3) Other months,70000000.0,202466756.0,132466756.0,2.8923822285714285,1.0,1,Q4 (highest),2) 5.0-5.9,5.5,1448,49.199234
587,Big Fish,2003-12-25,2003,12 Dec,2) Holiday (Nov-Dec),70000000.0,122919055.0,52919055.0,1.7559865,1.0,1,Q4 (highest),4) 7.0 and above,7.6,1994,46.199482
10395,Wolf,1994-06-17,1994,06 Jun,1) Summer (May-Jul),,,,,,0,,3) 6.0-6.9,6.0,216,13.758526
57212,War Horse,2011-12-25,2011,12 Dec,2) Holiday (Nov-Dec),66000000.0,177584879.0,111584879.0,2.690679984848485,1.0,1,Q4 (highest),4) 7.0 and above,7.0,992,29.505574
152760,The Monuments Men,2014-01-24,2014,01 Jan,3) Other months,70000000.0,154984035.0,84984035.0,2.214057642857143,1.0,1,Q4 (highest),2) 5.0-5.9,5.8,1523,43.873266
2756,The Abyss,1989-08-09,1989,08 Aug,3) Other months,70000000.0,90000098.0,20000098.0,1.2857156857142857,1.0,1,Q4 (highest),4) 7.0 and above,7.1,808,24.961625
33909,Wall Street: Money Never Sleeps,2010-09-02,2010,09 Sep,3) Other months,70000000.0,134748021.0,64748021.0,1.9249717285714285,1.0,1,Q4 (highest),2) 5.0-5.9,5.8,493,23.25645
49017,Dracula Untold,2014-10-01,2014,10 Oct,3) Other months,70000000.0,215529201.0,145529201.0,3.078988585714286,1.0,1,Q4 (highest),3) 6.0-6.9,6.2,2389,64.457947
9882,The Siege,1998-11-06,1998,11 Nov,2) Holiday (Nov-Dec),70000000.0,116672912.0,46672912.0,1.6667558857142857,1.0,1,Q4 (highest),3) 6.0-6.9,6.0,352,20.089933
2270,Stardust,2007-08-09,2007,08 Aug,3) Other months,70000000.0,135560026.0,65560026.0,1.9365718,1.0,1,Q4 (highest),4) 7.0 and above,7.1,1184,48.032734
978,Seven Years in Tibet,1997-09-12,1997,09 Sep,3) Other months,70000000.0,131457682.0,61457682.0,1.8779668857142857,1.0,1,Q4 (highest),4) 7.0 and above,7.0,630,16.92991
44564,The Dilemma,2011-01-13,2011,01 Jan,3) Other months,70000000.0,67112664.0,-2887336.0,0.9587523428571428,0.0,1,Q4 (highest),2) 5.0-5.9,5.2,304,14.780634
3132,Bad Company,2002-06-07,2002,06 Jun,1) Summer (May-Jul),70000000.0,65977295.0,-4022705.0,0.9425327857142857,0.0,1,Q4 (highest),2) 5.0-5.9,5.4,228,14.086292
8814,Doom,2005-10-20,2005,10 Oct,3) Other months,60000000.0,55987321.0,-4012679.0,0.9331220166666667,0.0,1,Q4 (highest),2) 5.0-5.9,5.0,609,29.261348
8427,I Spy,2002-10-31,2002,10 Oct,3) Other months,70000000.0,33561137.0,-36438863.0,0.4794448142857143,0.0,1,Q4 (highest),2) 5.0-5.9,5.2,269,13.267631
52520,Underworld: Awakening,2012-01-19,2012,01 Jan,3) Other months,70000000.0,160112671.0,90112671.0,2.2873238714285713,1.0,1,Q4 (highest),3) 6.0-6.9,6.1,1862,58.401204
80585,Rock of Ages,2012-06-13,2012,06 Jun,1) Summer (May-Jul),75000000.0,59418613.0,-15581387.0,0.7922481733333333,0.0,1,Q4 (highest),3) 6.0-6.9,6.0,385,23.515938
10592,Hart's War,2002-02-15,2002,02 Feb,3) Other months,70000000.0,32287044.0,-37712956.0,0.4612434857142857,0.0,1,Q4 (highest),2) 5.0-5.9,5.9,241,14.244518
49021,Killer Elite,2011-09-23,2011,09 Sep,3) Other months,66000000.0,57777106.0,-8222894.0,0.875410696969697,0.0,1,Q4 (highest),3) 6.0-6.9,6.1,695,29.501489
11535,Rollerball,2002-02-08,2002,02 Feb,3) Other months,,,,,,0,,1) Below 5.0,3.4,106,9.306253
10550,Ballistic: Ecks vs. Sever,2002-09-20,2002,09 Sep,3) Other months,70000000.0,19924033.0,-50075967.0,0.28462904285714286,0.0,1,Q4 (highest),1) Below 5.0,4.3,97,8.37378
11258,Hard Rain,1998-01-16,1998,01 Jan,3) Other months,70000000.0,19870567.0,-50129433.0,0.2838652428571429,0.0,1,Q4 (highest),2) 5.0-5.9,5.5,179,10.930537
12610,Osmosis Jones,2001-08-07,2001,08 Aug,3) Other months,75000000.0,13596911.0,-61403089.0,0.18129214666666665,0.0,1,Q4 (highest),2) 5.0-5.9,5.9,228,10.54544
59981,Legends of Oz: Dorothy's Return,2013-06-13,2013,06 Jun,1) Summer (May-Jul),70000000.0,18662027.0,-51337973.0,0.26660038571428574,0.0,1,Q4 (highest),2) 5.0-5.9,5.9,43,6.682006
201088,Blackhat,2015-01-13,2015,01 Jan,3) Other months,70000000.0,17752940.0,-52247060.0,0.25361342857142855,0.0,1,Q4 (highest),2) 5.0-5.9,5.1,826,46.832372
5137,Sky Captain and the World of Tomorrow,2004-09-17,2004,09 Sep,3) Other months,70000000.0,57958696.0,-12041304.0,0.8279813714285714,0.0,1,Q4 (highest),2) 5.0-5.9,5.7,439,24.664776
3093,Basic Instinct 2,2006-03-29,2006,03 Mar,3) Other months,70000000.0,38629478.0,-31370522.0,0.5518496857142857,0.0,1,Q4 (highest),1) Below 5.0,4.6,180,13.483387
107846,Escape Plan,2013-10-09,2013,10 Oct,3) Other months,50000000.0,122915111.0,72915111.0,2.45830222,1.0,1,Q3,3) 6.0-6.9,6.7,1659,44.478043
188207,The Legend of Hercules,2014-01-10,2014,01 Jan,3) Other months,70000000.0,61279452.0,-8720548.0,0.8754207428571429,0.0,1,Q4 (highest),1) Below 5.0,4.4,533,25.020428
4614,The Sum of All Fears,2002-05-31,2002,05 May,1) Summer (May-Jul),68000000.0,193000000.0,125000000.0,2.838235294117647,1.0,1,Q4 (highest),2) 5.0-5.9,5.9,437,22.392544
24021,The Twilight Saga: Eclipse,2010-06-23,2010,06 Jun,1) Summer (May-Jul),68000000.0,698491347.0,630491347.0,10.271931573529411,1.0,1,Q4 (highest),2) 5.0-5.9,5.8,2301,107.069763
11371,The Score,2001-07-13,2001,07 Jul,1) Summer (May-Jul),68000000.0,71069884.0,3069884.0,1.0451453529411765,1.0,1,Q4 (highest),3) 6.0-6.9,6.7,423,22.572323
20352,Despicable Me,2010-07-08,2010,07 Jul,1) Summer (May-Jul),69000000.0,543513985.0,474513985.0,7.877014275362319,1.0,1,Q4 (highest),4) 7.0 and above,7.1,6478,113.858273
11517,Money Train,1995-11-21,1995,11 Nov,2) Holiday (Nov-Dec),60000000.0,35431113.0,-24568887.0,0.59051855,0.0,1,Q4 (highest),2) 5.0-5.9,5.4,222,10.004564
214756,Ted 2,2015-06-25,2015,06 Jun,1) Summer (May-Jul),68000000.0,217022588.0,149022588.0,3.1915086470588236,1.0,1,Q4 (highest),3) 6.0-6.9,6.2,2463,68.734513
26428,Agora,2009-05-17,2009,05 May,1) Summer (May-Jul),70000000.0,39041505.0,-30958495.0,0.5577357857142857,0.0,1,Q4 (highest),3) 6.0-6.9,6.9,395,18.888806
9824,Mystery Men,1999-08-06,1999,08 Aug,3) Other months,68000000.0,29762011.0,-38237989.0,0.4376766323529412,0.0,1,Q4 (highest),2) 5.0-5.9,5.7,250,12.948627
48988,Hall Pass,2011-02-25,2011,02 Feb,3) Other months,36000000.0,83160734.0,47160734.0,2.310020388888889,1.0,1,Q3,2) 5.0-5.9,5.4,611,27.11589
9008,The Insider,1999-10-28,1999,10 Oct,3) Other months,90000000.0,60289912.0,-29710088.0,0.6698879111111111,0.0,1,Q4 (highest),4) 7.0 and above,7.3,481,26.153669
300673,The Finest Hours,2016-01-25,2016,01 Jan,3) Other months,80000000.0,52099090.0,-27900910.0,0.651238625,0.0,1,Q4 (highest),3) 6.0-6.9,6.3,588,28.223664
12113,Body of Lies,2008-10-10,2008,10 Oct,3) Other months,70000000.0,113280098.0,43280098.0,1.6182871142857143,1.0,1,Q4 (highest),3) 6.0-6.9,6.5,895,37.507136
38778,Dinner for Schmucks,2010-07-30,2010,07 Jul,1) Summer (May-Jul),69000000.0,86387857.0,17387857.0,1.2519979275362318,1.0,1,Q4 (highest),2) 5.0-5.9,5.5,531,11.023691
72331,Abraham Lincoln: Vampire Hunter,2012-06-20,2012,06 Jun,1) Summer (May-Jul),69000000.0,112265139.0,43265139.0,1.627031,1.0,1,Q4 (highest),2) 5.0-5.9,5.5,1269,38.634767
1844,Entrapment,1999-04-29,1999,04 Apr,3) Other months,66000000.0,212404396.0,146404396.0,3.2182484242424243,1.0,1,Q4 (highest),3) 6.0-6.9,6.0,602,25.877794
846,The X Files,1998-06-19,1998,06 Jun,1) Summer (May-Jul),66000000.0,189198313.0,123198313.0,2.866641106060606,1.0,1,Q4 (highest),3) 6.0-6.9,6.6,488,18.59991
9703,The Last Legion,2007-04-19,2007,04 Apr,3) Other months,67000000.0,25303038.0,-41696962.0,0.37765728358208955,0.0,1,Q4 (highest),2) 5.0-5.9,5.0,207,12.282911
857,Saving Private Ryan,1998-07-24,1998,07 Jul,1) Summer (May-Jul),70000000.0,481840909.0,411840909.0,6.8834415571428575,1.0,1,Q4 (highest),4) 7.0 and above,7.9,5048,76.041867
136797,Need for Speed,2014-03-13,2014,03 Mar,3) Other months,66000000.0,203277636.0,137277636.0,3.0799641818181818,1.0,1,Q4 (highest),3) 6.0-6.9,6.1,1520,54.81489
3981,What Women Want,2000-12-15,2000,12 Dec,2) Holiday (Nov-Dec),70000000.0,374111707.0,304111707.0,5.344452957142857,1.0,1,Q4 (highest),3) 6.0-6.9,6.1,992,31.39165
425,Ice Age,2002-03-10,2002,03 Mar,3) Other months,59000000.0,383257136.0,324257136.0,6.495883661016949,1.0,1,Q4 (highest),4) 7.0 and above,7.1,3857,99.561972
6171,Dreamcatcher,2003-03-21,2003,03 Mar,3) Other months,68000000.0,75715436.0,7715436.0,1.113462294117647,1.0,1,Q4 (highest),2) 5.0-5.9,5.3,567,26.792794
72976,Lincoln,2012-11-09,2012,11 Nov,2) Holiday (Nov-Dec),65000000.0,275293450.0,210293450.0,4.2352838461538465,1.0,1,Q4 (highest),3) 6.0-6.9,6.7,1429,36.307296
603,The Matrix,1999-03-30,1999,03 Mar,3) Other months,63000000.0,463517383.0,400517383.0,7.357418777777778,1.0,1,Q4 (highest),4) 7.0 and above,7.9,8907,104.309993
568,Apollo 13,1995-06-30,1995,06 Jun,1) Summer (May-Jul),52000000.0,355237933.0,303237933.0,6.831498711538462,1.0,1,Q3,4) 7.0 and above,7.3,1599,68.140214
9021,The Santa Clause 2,2002-10-31,2002,10 Oct,3) Other months,65000000.0,172855065.0,107855065.0,2.6593086923076923,1.0,1,Q4 (highest),2) 5.0-5.9,5.5,297,14.646884
82695,Les Misérables,2012-12-18,2012,12 Dec,2) Holiday (Nov-Dec),61000000.0,441809770.0,380809770.0,7.242783114754098,1.0,1,Q4 (highest),4) 7.0 and above,7.1,1884,48.356214
9489,You've Got Mail,1998-12-17,1998,12 Dec,2) Holiday (Nov-Dec),65000000.0,250821495.0,185821495.0,3.8587922307692306,1.0,1,Q4 (highest),3) 6.0-6.9,6.3,838,28.540267
12133,Step Brothers,2008-07-25,2008,07 Jul,1) Summer (May-Jul),65000000.0,128107642.0,63107642.0,1.9708868,1.0,1,Q4 (highest),3) 6.0-6.9,6.5,1062,22.977983
9342,The Mask of Zorro,1998-07-16,1998,07 Jul,1) Summer (May-Jul),95000000.0,250288523.0,155288523.0,2.6346160315789473,1.0,1,Q4 (highest),3) 6.0-6.9,6.3,1183,31.086791
41733,Due Date,2010-11-04,2010,11 Nov,2) Holiday (Nov-Dec),65000000.0,211780824.0,146780824.0,3.2581665230769232,1.0,1,Q4 (highest),3) 6.0-6.9,6.2,1685,43.865294
227306,Unbroken,2014-12-25,2014,12 Dec,2) Holiday (Nov-Dec),65000000.0,163442937.0,98442937.0,2.514506723076923,1.0,1,Q4 (highest),4) 7.0 and above,7.3,1400,43.055253
5551,Space Cowboys,2000-07-31,2000,07 Jul,1) Summer (May-Jul),65000000.0,128884132.0,63884132.0,1.9828328,1.0,1,Q4 (highest),3) 6.0-6.9,6.3,403,15.772081
9350,Cliffhanger,1993-05-28,1993,05 May,1) Summer (May-Jul),70000000.0,255000211.0,185000211.0,3.642860157142857,1.0,1,Q4 (highest),3) 6.0-6.9,6.1,588,26.19909
9208,Broken Arrow,1996-02-09,1996,02 Feb,3) Other months,50000000.0,150270147.0,100270147.0,3.00540294,1.0,1,Q3,2) 5.0-5.9,5.7,453,22.769108
4244,The Kid,2000-07-07,2000,07 Jul,1) Summer (May-Jul),65000000.0,69700000.0,4700000.0,1.0723076923076924,1.0,1,Q4 (highest),3) 6.0-6.9,6.0,238,18.281798
1852,World Trade Center,2006-08-09,2006,08 Aug,3) Other months,63000000.0,162945894.0,99945894.0,2.586442761904762,1.0,1,Q4 (highest),2) 5.0-5.9,5.9,447,24.697533
11820,Mona Lisa Smile,2003-12-19,2003,12 Dec,2) Holiday (Nov-Dec),65000000.0,,,,,0,,3) 6.0-6.9,6.5,393,19.718544
76493,The Dictator,2012-05-15,2012,05 May,1) Summer (May-Jul),65000000.0,179379533.0,114379533.0,2.759685123076923,1.0,1,Q4 (highest),2) 5.0-5.9,5.9,1743,31.349143
345,Eyes Wide Shut,1999-07-14,1999,07 Jul,1) Summer (May-Jul),65000000.0,162091208.0,97091208.0,2.4937108923076923,1.0,1,Q4 (highest),4) 7.0 and above,7.1,1234,27.870312
196867,Annie,2014-12-19,2014,12 Dec,2) Holiday (Nov-Dec),65000000.0,133821816.0,68821816.0,2.058797169230769,1.0,1,Q4 (highest),3) 6.0-6.9,6.0,466,33.439187
256591,Focus,2015-02-25,2015,02 Feb,3) Other months,50100000.0,153962963.0,103862963.0,3.0731130339321355,1.0,1,Q3,3) 6.0-6.9,6.7,2542,59.634029
59962,This Means War,2012-02-14,2012,02 Feb,3) Other months,65000000.0,156974557.0,91974557.0,2.4149931846153847,1.0,1,Q4 (highest),2) 5.0-5.9,5.9,1389,38.994297
36648,Blade: Trinity,2004-12-08,2004,12 Dec,2) Holiday (Nov-Dec),65000000.0,128905366.0,63905366.0,1.983159476923077,1.0,1,Q4 (highest),2) 5.0-5.9,5.7,1252,49.660055
1880,Red Dawn,1984-08-10,1984,08 Aug,3) Other months,4200000.0,38376497.0,34176497.0,9.13726119047619,1.0,1,Q1 (lowest),3) 6.0-6.9,6.4,215,11.743085
9440,Primary Colors,1998-03-20,1998,03 Mar,3) Other months,65000000.0,,,,,0,,3) 6.0-6.9,6.1,94,9.110247
71679,Resident Evil: Retribution,2012-09-12,2012,09 Sep,3) Other months,65000000.0,240159255.0,175159255.0,3.6947577692307694,1.0,1,Q4 (highest),2) 5.0-5.9,5.6,1600,6.227675
10483,Death Race,2008-08-22,2008,08 Aug,3) Other months,45000000.0,73762516.0,28762516.0,1.6391670222222223,1.0,1,Q3,3) 6.0-6.9,6.0,1175,42.57877
11412,The Long Kiss Goodnight,1996-10-11,1996,10 Oct,3) Other months,65000000.0,89456761.0,24456761.0,1.3762578615384615,1.0,1,Q4 (highest),3) 6.0-6.9,6.5,314,15.858629
11983,Proof of Life,2000-12-08,2000,12 Dec,2) Holiday (Nov-Dec),65000000.0,,,,,0,,3) 6.0-6.9,6.0,208,14.866901
6795,Zathura: A Space Adventure,2005-11-06,2005,11 Nov,2) Holiday (Nov-Dec),65000000.0,64321501.0,-678499.0,0.9895615538461539,0.0,1,Q4 (highest),3) 6.0-6.9,6.1,779,15.194239
550,Fight Club,1999-10-15,1999,10 Oct,3) Other months,63000000.0,100853753.0,37853753.0,1.6008532222222223,1.0,1,Q4 (highest),4) 7.0 and above,8.3,9413,146.757391
11170,We Are Marshall,2006-12-12,2006,12 Dec,2) Holiday (Nov-Dec),65000000.0,43545364.0,-21454636.0,0.6699286769230769,0.0,1,Q4 (highest),3) 6.0-6.9,6.7,186,8.629665
9292,Hudson Hawk,1991-05-23,1991,05 May,1) Summer (May-Jul),65000000.0,17218080.0,-47781920.0,0.26489353846153846,0.0,1,Q4 (highest),2) 5.0-5.9,5.4,269,16.803457
10783,Lucky Numbers,2000-10-27,2000,10 Oct,3) Other months,65000000.0,,,,,0,,1) Below 5.0,4.9,52,2.952595
100241,"I, Frankenstein",2014-01-22,2014,01 Jan,3) Other months,65000000.0,71154592.0,6154592.0,1.0946860307692308,1.0,1,Q4 (highest),2) 5.0-5.9,5.0,687,31.324734
257,Oliver Twist,2005-09-23,2005,09 Sep,3) Other months,50000000.0,42093706.0,-7906294.0,0.84187412,0.0,1,Q3,3) 6.0-6.9,6.7,274,20.415572
9947,Elektra,2005-01-13,2005,01 Jan,3) Other months,43000000.0,56681566.0,13681566.0,1.3181759534883721,1.0,1,Q3,1) Below 5.0,4.8,575,28.613892
189,Sin City: A Dame to Kill For,2014-08-20,2014,08 Aug,3) Other months,65000000.0,39407616.0,-25592384.0,0.6062710153846154,0.0,1,Q4 (highest),3) 6.0-6.9,6.3,1286,85.428395
12618,Random Hearts,1999-10-08,1999,10 Oct,3) Other months,64000000.0,74608570.0,10608570.0,1.16575890625,1.0,1,Q4 (highest),2) 5.0-5.9,5.3,63,4.137237
253412,Everest,2015-09-10,2015,09 Sep,3) Other months,55000000.0,203427584.0,148427584.0,3.6986833454545454,1.0,1,Q3,3) 6.0-6.9,6.7,1772,60.246978
1427,Perfume: The Story of a Murderer,2006-09-13,2006,09 Sep,3) Other months,50000000.0,132180323.0,82180323.0,2.64360646,1.0,1,Q3,4) 7.0 and above,7.1,1165,42.551902
818,Austin Powers in Goldmember,2002-07-26,2002,07 Jul,1) Summer (May-Jul),63000000.0,296655431.0,233655431.0,4.7088163650793655,1.0,1,Q4 (highest),2) 5.0-5.9,5.9,979,40.137264
16577,Astro Boy,2009-10-15,2009,10 Oct,3) Other months,65000000.0,44091067.0,-20908933.0,0.6783241076923077,0.0,1,Q4 (highest),3) 6.0-6.9,6.1,409,24.857079
329,Jurassic Park,1993-06-11,1993,06 Jun,1) Summer (May-Jul),63000000.0,920100000.0,857100000.0,14.604761904761904,1.0,1,Q4 (highest),4) 7.0 and above,7.6,4856,40.413191
12160,Wyatt Earp,1994-06-24,1994,06 Jun,1) Summer (May-Jul),63000000.0,25052000.0,-37948000.0,0.39765079365079364,0.0,1,Q4 (highest),3) 6.0-6.9,6.5,202,13.859307
9331,Clear and Present Danger,1994-08-03,1994,08 Aug,3) Other months,62000000.0,215887717.0,153887717.0,3.482059951612903,1.0,1,Q4 (highest),3) 6.0-6.9,6.4,386,18.832471
300168,Dragon Blade,2015-02-19,2015,02 Feb,3) Other months,65000000.0,121545703.0,56545703.0,1.8699338923076922,1.0,1,Q4 (highest),2) 5.0-5.9,5.9,145,9.568884
9072,Little Man,2006-08-31,2006,08 Aug,3) Other months,64000000.0,101595121.0,37595121.0,1.587423765625,1.0,1,Q4 (highest),2) 5.0-5.9,5.3,261,12.421504
3536,U-571,2000-04-20,2000,04 Apr,3) Other months,62000000.0,127666415.0,65666415.0,2.0591357258064518,1.0,1,Q4 (highest),3) 6.0-6.9,6.1,340,18.096884
9087,The American President,1995-11-17,1995,11 Nov,2) Holiday (Nov-Dec),62000000.0,107879496.0,45879496.0,1.739991870967742,1.0,1,Q4 (highest),3) 6.0-6.9,6.5,195,11.056763
12177,The Love Guru,2008-06-20,2008,06 Jun,1) Summer (May-Jul),62000000.0,41819064.0,-20180936.0,0.6745010322580646,0.0,1,Q4 (highest),1) Below 5.0,4.3,242,13.218008
12138,3000 Miles to Graceland,2001-02-23,2001,02 Feb,3) Other months,62000000.0,18720175.0,-43279825.0,0.3019383064516129,0.0,1,Q4 (highest),2) 5.0-5.9,5.8,178,11.262655
273248,The Hateful Eight,2015-12-25,2015,12 Dec,2) Holiday (Nov-Dec),44000000.0,155760117.0,111760117.0,3.5400026590909093,1.0,1,Q3,4) 7.0 and above,7.6,4274,68.717016
9955,Blades of Glory,2007-03-30,2007,03 Mar,3) Other months,53000000.0,,,,,0,,2) 5.0-5.9,5.9,569,19.412028
50359,Hop,2011-03-30,2011,03 Mar,3) Other months,63000000.0,183953723.0,120953723.0,2.919900365079365,1.0,1,Q4 (highest),2) 5.0-5.9,5.5,331,16.791058
1271,300,2006-12-09,2006,12 Dec,2) Holiday (Nov-Dec),65000000.0,422610419.0,357610419.0,6.501698753846154,1.0,1,Q4 (highest),4) 7.0 and above,7.0,4997,65.197968
693,Meet the Fockers,2004-12-22,2004,12 Dec,2) Holiday (Nov-Dec),80000000.0,516642939.0,436642939.0,6.4580367375,1.0,1,Q4 (highest),3) 6.0-6.9,6.1,1373,32.829538
14306,Marley & Me,2008-12-25,2008,12 Dec,2) Holiday (Nov-Dec),60000000.0,244082376.0,184082376.0,4.0680396,1.0,1,Q4 (highest),3) 6.0-6.9,6.9,1343,30.951203
497,The Green Mile,1999-12-10,1999,12 Dec,2) Holiday (Nov-Dec),60000000.0,284600000.0,224600000.0,4.743333333333333,1.0,1,Q4 (highest),4) 7.0 and above,8.2,4048,103.698022
11199,Wild Hogs,2007-03-02,2007,03 Mar,3) Other months,,253625427.0,,,,0,,2) 5.0-5.9,5.6,648,31.719463
9982,Chicken Little,2005-11-04,2005,11 Nov,2) Holiday (Nov-Dec),150000000.0,314432665.0,164432665.0,2.096217766666667,1.0,1,Q4 (highest),2) 5.0-5.9,5.6,944,47.973995
210577,Gone Girl,2014-10-01,2014,10 Oct,3) Other months,61000000.0,369330363.0,308330363.0,6.054596114754099,1.0,1,Q4 (highest),4) 7.0 and above,7.9,5862,143.041543
2501,The Bourne Identity,2002-06-14,2002,06 Jun,1) Summer (May-Jul),60000000.0,214034224.0,154034224.0,3.567237066666667,1.0,1,Q4 (highest),4) 7.0 and above,7.3,3583,86.476817
710,GoldenEye,1995-11-16,1995,11 Nov,2) Holiday (Nov-Dec),58000000.0,352194034.0,294194034.0,6.072310931034483,1.0,1,Q4 (highest),3) 6.0-6.9,6.6,1174,59.824565
2275,The General's Daughter,1999-06-18,1999,06 Jun,1) Summer (May-Jul),60000000.0,149705852.0,89705852.0,2.4950975333333334,1.0,1,Q4 (highest),3) 6.0-6.9,6.1,205,18.345613
37165,The Truman Show,1998-06-04,1998,06 Jun,1) Summer (May-Jul),60000000.0,264118201.0,204118201.0,4.401970016666667,1.0,1,Q4 (highest),4) 7.0 and above,7.8,4537,56.488027
9837,The Prince of Egypt,1998-12-15,1998,12 Dec,2) Holiday (Nov-Dec),70000000.0,218613188.0,148613188.0,3.1230455428571426,1.0,1,Q4 (highest),3) 6.0-6.9,6.8,817,29.464852
10708,Daddy Day Care,2003-05-03,2003,05 May,1) Summer (May-Jul),60000000.0,164433867.0,104433867.0,2.74056445,1.0,1,Q4 (highest),2) 5.0-5.9,5.6,506,18.106021
136400,2 Guns,2013-08-02,2013,08 Aug,3) Other months,61000000.0,131940411.0,70940411.0,2.162957557377049,1.0,1,Q4 (highest),3) 6.0-6.9,6.6,1589,42.881415
10992,Cats & Dogs,2001-07-04,2001,07 Jul,1) Summer (May-Jul),60000000.0,93375151.0,33375151.0,1.5562525166666668,1.0,1,Q4 (highest),2) 5.0-5.9,5.0,352,18.735024
9654,The Italian Job,2003-05-30,2003,05 May,1) Summer (May-Jul),60000000.0,176070171.0,116070171.0,2.93450285,1.0,1,Q4 (highest),3) 6.0-6.9,6.6,1919,62.766854
2642,Two Weeks Notice,2002-12-19,2002,12 Dec,2) Holiday (Nov-Dec),60000000.0,93354918.0,33354918.0,1.5559153,1.0,1,Q4 (highest),2) 5.0-5.9,5.9,487,24.153567
8916,Antz,1998-10-02,1998,10 Oct,3) Other months,60000000.0,171757863.0,111757863.0,2.86263105,1.0,1,Q4 (highest),3) 6.0-6.9,6.0,1272,41.515702
19899,Couples Retreat,2009-09-19,2009,09 Sep,3) Other months,70000000.0,171844840.0,101844840.0,2.4549262857142855,1.0,1,Q4 (highest),2) 5.0-5.9,5.3,588,26.676487
2119,Days of Thunder,1990-06-27,1990,06 Jun,1) Summer (May-Jul),60000000.0,157920733.0,97920733.0,2.632012216666667,1.0,1,Q4 (highest),2) 5.0-5.9,5.9,353,16.278022
9641,Cheaper by the Dozen 2,2005-12-21,2005,12 Dec,2) Holiday (Nov-Dec),60000000.0,129181830.0,69181830.0,2.1530305,1.0,1,Q4 (highest),2) 5.0-5.9,5.7,526,18.831023
294254,Maze Runner: The Scorch Trials,2015-09-09,2015,09 Sep,3) Other months,61000000.0,311256926.0,250256926.0,5.102572557377049,1.0,1,Q4 (highest),3) 6.0-6.9,6.4,3040,113.161483
38167,Eat Pray Love,2010-08-12,2010,08 Aug,3) Other months,60000000.0,204594016.0,144594016.0,3.4099002666666665,1.0,1,Q4 (highest),2) 5.0-5.9,5.8,636,28.800112
5994,The Family Man,2000-12-12,2000,12 Dec,2) Holiday (Nov-Dec),60000000.0,,,,,0,,3) 6.0-6.9,6.5,521,19.705489
39514,RED,2010-10-13,2010,10 Oct,3) Other months,58000000.0,71664962.0,13664962.0,1.2356027931034483,1.0,1,Q4 (highest),3) 6.0-6.9,6.6,2808,41.430245
9563,Any Given Sunday,1999-12-16,1999,12 Dec,2) Holiday (Nov-Dec),55000000.0,100230832.0,45230832.0,1.8223787636363635,1.0,1,Q3,3) 6.0-6.9,6.8,422,23.127561
547,The Horse Whisperer,1998-05-14,1998,05 May,1) Summer (May-Jul),60000000.0,186883563.0,126883563.0,3.11472605,1.0,1,Q4 (highest),3) 6.0-6.9,6.7,292,12.867352
1538,Collateral,2004-08-04,2004,08 Aug,3) Other months,65000000.0,217764291.0,152764291.0,3.3502198615384615,1.0,1,Q4 (highest),4) 7.0 and above,7.0,1451,44.815022
9334,The Scorpion King,2002-04-16,2002,04 Apr,3) Other months,60000000.0,165333180.0,105333180.0,2.755553,1.0,1,Q4 (highest),2) 5.0-5.9,5.3,779,37.537093
11128,Ladder 49,2004-10-01,2004,10 Oct,3) Other months,60000000.0,74541707.0,14541707.0,1.2423617833333334,1.0,1,Q4 (highest),3) 6.0-6.9,6.2,207,10.99991
75780,Jack Reacher,2012-12-20,2012,12 Dec,2) Holiday (Nov-Dec),60000000.0,218340595.0,158340595.0,3.6390099166666667,1.0,1,Q4 (highest),3) 6.0-6.9,6.3,2998,56.868399
8914,Deep Blue Sea,1999-07-28,1999,07 Jul,1) Summer (May-Jul),60000000.0,73648228.0,13648228.0,1.2274704666666667,1.0,1,Q4 (highest),2) 5.0-5.9,5.6,604,22.991269
13576,This Is It,2009-10-28,2009,10 Oct,3) Other months,60000000.0,,,,,0,,3) 6.0-6.9,6.7,247,15.798622
39538,Contagion,2011-09-08,2011,09 Sep,3) Other months,60000000.0,137551594.0,77551594.0,2.2925265666666665,1.0,1,Q4 (highest),3) 6.0-6.9,6.2,1325,38.820858
10628,Kangaroo Jack,2003-01-17,2003,01 Jan,3) Other months,,,,,,0,,1) Below 5.0,4.3,203,10.292864
14836,Coraline,2009-02-05,2009,02 Feb,3) Other months,60000000.0,124596398.0,64596398.0,2.0766066333333333,1.0,1,Q4 (highest),4) 7.0 and above,7.3,1386,51.146047
8645,The Happening,2008-06-11,2008,06 Jun,1) Summer (May-Jul),60000000.0,163403799.0,103403799.0,2.72339665,1.0,1,Q4 (highest),1) Below 5.0,4.9,950,20.501582
9509,Man on Fire,2004-04-23,2004,04 Apr,3) Other months,70000000.0,130293714.0,60293714.0,1.8613387714285714,1.0,1,Q4 (highest),4) 7.0 and above,7.3,1553,45.299089
10067,The Shaggy Dog,2006-03-09,2006,03 Mar,3) Other months,50000000.0,61112916.0,11112916.0,1.22225832,1.0,1,Q3,1) Below 5.0,4.5,137,4.280619
9384,Starsky & Hutch,2004-03-05,2004,03 Mar,3) Other months,60000000.0,170268750.0,110268750.0,2.8378125,1.0,1,Q4 (highest),2) 5.0-5.9,5.6,644,28.848842
9279,Jingle All the Way,1996-11-15,1996,11 Nov,2) Holiday (Nov-Dec),60000000.0,129832389.0,69832389.0,2.16387315,1.0,1,Q4 (highest),2) 5.0-5.9,5.5,575,22.501041
1487,Hellboy,2004-04-02,2004,04 Apr,3) Other months,66000000.0,99318987.0,33318987.0,1.5048331363636365,1.0,1,Q4 (highest),3) 6.0-6.9,6.5,2225,47.479755
9422,A Civil Action,1998-03-05,1998,03 Mar,3) Other months,70000000.0,56702901.0,-13297099.0,0.8100414428571429,0.0,1,Q4 (highest),3) 6.0-6.9,6.1,109,10.147321
77174,ParaNorman,2012-08-03,2012,08 Aug,3) Other months,60000000.0,107139399.0,47139399.0,1.78565665,1.0,1,Q4 (highest),3) 6.0-6.9,6.7,789,39.539045
4824,The Jackal,1997-11-14,1997,11 Nov,2) Holiday (Nov-Dec),60000000.0,159330280.0,99330280.0,2.655504666666667,1.0,1,Q4 (highest),3) 6.0-6.9,6.1,527,19.747459
9620,Paycheck,2003-12-25,2003,12 Dec,2) Holiday (Nov-Dec),60000000.0,96269812.0,36269812.0,1.6044968666666666,1.0,1,Q4 (highest),2) 5.0-5.9,5.9,581,29.018826
9302,Up Close & Personal,1996-03-01,1996,03 Mar,3) Other months,60000000.0,,,,,0,,2) 5.0-5.9,5.9,50,4.801849
10199,The Tale of Despereaux,2008-12-19,2008,12 Dec,2) Holiday (Nov-Dec),60000000.0,50877145.0,-9122855.0,0.8479524166666667,0.0,1,Q4 (highest),2) 5.0-5.9,5.8,258,16.493576
10771,The Tuxedo,2002-09-27,2002,09 Sep,3) Other months,,,,,,0,,2) 5.0-5.9,5.3,483,21.549232
3512,Under Siege 2: Dark Territory,1995-07-13,1995,07 Jul,1) Summer (May-Jul),60000000.0,104324083.0,44324083.0,1.7387347166666667,1.0,1,Q4 (highest),2) 5.0-5.9,5.6,210,13.080725
137094,Jack Ryan: Shadow Recruit,2014-01-15,2014,01 Jan,3) Other months,60000000.0,50549107.0,-9450893.0,0.8424851166666667,0.0,1,Q4 (highest),2) 5.0-5.9,5.9,1173,42.538258
274479,Joy,2015-12-24,2015,12 Dec,2) Holiday (Nov-Dec),60000000.0,101134059.0,41134059.0,1.68556765,1.0,1,Q4 (highest),3) 6.0-6.9,6.4,1581,29.876507
267860,London Has Fallen,2016-03-02,2016,03 Mar,3) Other months,60000000.0,205754447.0,145754447.0,3.4292407833333334,1.0,1,Q4 (highest),2) 5.0-5.9,5.8,1621,61.849521
8078,Alien: Resurrection,1997-11-12,1997,11 Nov,2) Holiday (Nov-Dec),70000000.0,162000000.0,92000000.0,2.3142857142857145,1.0,1,Q4 (highest),2) 5.0-5.9,5.9,1365,37.44963
7485,Shooter,2007-03-22,2007,03 Mar,3) Other months,61000000.0,95696996.0,34696996.0,1.568803213114754,1.0,1,Q4 (highest),3) 6.0-6.9,6.9,1462,37.378081
170687,The Boxtrolls,2014-09-10,2014,09 Sep,3) Other months,60000000.0,108255770.0,48255770.0,1.8042628333333333,1.0,1,Q4 (highest),3) 6.0-6.9,6.6,668,30.656345
6435,Practical Magic,1998-10-16,1998,10 Oct,3) Other months,75000000.0,46683377.0,-28316623.0,0.6224450266666667,0.0,1,Q4 (highest),3) 6.0-6.9,6.3,338,15.142701
137106,The Lego Movie,2014-02-06,2014,02 Feb,3) Other months,60000000.0,469160692.0,409160692.0,7.8193448666666665,1.0,1,Q4 (highest),4) 7.0 and above,7.5,3070,59.547928
10040,Miss Congeniality 2: Armed and Fabulous,2005-03-11,2005,03 Mar,3) Other months,,,,,,0,,2) 5.0-5.9,5.3,425,19.998581
6278,Reign of Fire,2002-07-12,2002,07 Jul,1) Summer (May-Jul),60000000.0,43061982.0,-16938018.0,0.7176997,0.0,1,Q4 (highest),3) 6.0-6.9,6.0,669,27.615108
82682,Gangster Squad,2013-01-10,2013,01 Jan,3) Other months,60000000.0,105200903.0,45200903.0,1.7533483833333334,1.0,1,Q4 (highest),3) 6.0-6.9,6.2,1778,29.041198
17610,Year One,2009-06-18,2009,06 Jun,1) Summer (May-Jul),60000000.0,62357900.0,2357900.0,1.0392983333333334,1.0,1,Q4 (highest),1) Below 5.0,4.6,524,25.293538
22954,Invictus,2009-12-10,2009,12 Dec,2) Holiday (Nov-Dec),60000000.0,122233971.0,62233971.0,2.03723285,1.0,1,Q4 (highest),4) 7.0 and above,7.0,1125,23.85119
16995,State of Play,2009-04-17,2009,04 Apr,3) Other months,60000000.0,87784194.0,27784194.0,1.4630699,1.0,1,Q4 (highest),3) 6.0-6.9,6.7,484,21.685719
16558,Duplicity,2009-03-19,2009,03 Mar,3) Other months,78146652.0,60000000.0,-18146652.0,0.7677872111526928,0.0,1,Q4 (highest),2) 5.0-5.9,5.7,201,13.630049
9849,My Favorite Martian,1999-02-11,1999,02 Feb,3) Other months,65000000.0,36850101.0,-28149899.0,0.5669246307692307,0.0,1,Q4 (highest),2) 5.0-5.9,5.1,80,6.80692
5820,The Sentinel,2006-04-19,2006,04 Apr,3) Other months,60000000.0,77920346.0,17920346.0,1.2986724333333333,1.0,1,Q4 (highest),2) 5.0-5.9,5.8,225,15.352807
16866,Planet 51,2009-11-19,2009,11 Nov,2) Holiday (Nov-Dec),70000000.0,104945765.0,34945765.0,1.4992252142857143,1.0,1,Q4 (highest),2) 5.0-5.9,5.6,556,23.661071
201,Star Trek: Nemesis,2002-12-13,2002,12 Dec,2) Holiday (Nov-Dec),60000000.0,67312826.0,7312826.0,1.1218804333333334,1.0,1,Q4 (highest),3) 6.0-6.9,6.1,479,21.605533
11775,Intolerable Cruelty,2003-09-02,2003,09 Sep,3) Other months,60000000.0,119940815.0,59940815.0,1.9990135833333333,1.0,1,Q4 (highest),2) 5.0-5.9,5.8,391,22.620125
87825,Trouble with the Curve,2012-09-21,2012,09 Sep,3) Other months,,,,,,0,,3) 6.0-6.9,6.6,366,18.587114
12201,Edge of Darkness,2010-01-29,2010,01 Jan,3) Other months,80000000.0,74901339.0,-5098661.0,0.9362667375,0.0,1,Q4 (highest),3) 6.0-6.9,6.2,487,24.657931
11015,The Relic,1997-01-10,1997,01 Jan,3) Other months,60000000.0,33956608.0,-26043392.0,0.5659434666666666,0.0,1,Q4 (highest),2) 5.0-5.9,5.8,130,12.621769
9932,Analyze That,2002-12-06,2002,12 Dec,2) Holiday (Nov-Dec),60000000.0,55003135.0,-4996865.0,0.9167189166666667,0.0,1,Q4 (highest),2) 5.0-5.9,5.7,380,21.08952
13389,Righteous Kill,2008-09-11,2008,09 Sep,3) Other months,60000000.0,73174566.0,13174566.0,1.2195761,1.0,1,Q4 (highest),2) 5.0-5.9,5.9,375,18.380176
8838,Mercury Rising,1998-04-03,1998,04 Apr,3) Other months,60000000.0,,,,,0,,3) 6.0-6.9,6.0,368,18.877795
17332,The Soloist,2009-04-24,2009,04 Apr,3) Other months,60000000.0,31720158.0,-28279842.0,0.5286693,0.0,1,Q4 (highest),3) 6.0-6.9,6.6,234,17.299333
4958,The Legend of Bagger Vance,2000-11-02,2000,11 Nov,2) Holiday (Nov-Dec),80000000.0,39459427.0,-40540573.0,0.4932428375,0.0,1,Q4 (highest),3) 6.0-6.9,6.3,251,16.848899
786,Almost Famous,2000-09-15,2000,09 Sep,3) Other months,60000000.0,47383689.0,-12616311.0,0.78972815,0.0,1,Q4 (highest),4) 7.0 and above,7.4,797,21.547446
9513,Garfield: A Tail of Two Kitties,2006-06-15,2006,06 Jun,1) Summer (May-Jul),,141702264.0,,,,0,,2) 5.0-5.9,5.1,464,16.930969
11679,xXx: State of the Union,2005-04-27,2005,04 Apr,3) Other months,60000000.0,71073932.0,11073932.0,1.1845655333333334,1.0,1,Q4 (highest),1) Below 5.0,4.7,549,36.689223
38321,Priest,2011-05-05,2011,05 May,1) Summer (May-Jul),60000000.0,78309131.0,18309131.0,1.3051521833333333,1.0,1,Q4 (highest),2) 5.0-5.9,5.4,692,28.350927
14411,Sinbad: Legend of the Seven Seas,2003-07-02,2003,07 Jul,1) Summer (May-Jul),60000000.0,26288320.0,-33711680.0,0.4381386666666667,0.0,1,Q4 (highest),3) 6.0-6.9,6.6,372,18.815442
8413,Event Horizon,1997-08-15,1997,08 Aug,3) Other months,60000000.0,26673242.0,-33326758.0,0.4445540333333333,0.0,1,Q4 (highest),3) 6.0-6.9,6.5,742,29.787135
10052,Dragonfly,2002-02-22,2002,02 Feb,3) Other months,60000000.0,52322400.0,-7677600.0,0.87204,0.0,1,Q4 (highest),3) 6.0-6.9,6.1,204,8.927137
9676,The Black Dahlia,2006-09-15,2006,09 Sep,3) Other months,50000000.0,49111202.0,-888798.0,0.98222404,0.0,1,Q3,2) 5.0-5.9,5.7,287,15.213484
9664,Flyboys,2006-09-22,2006,09 Sep,3) Other months,60000000.0,17800000.0,-42200000.0,0.2966666666666667,0.0,1,Q4 (highest),3) 6.0-6.9,6.3,271,13.155999
2100,The Last Castle,2001-10-19,2001,10 Oct,3) Other months,72000000.0,27642707.0,-44357293.0,0.38392648611111113,0.0,1,Q4 (highest),4) 7.0 and above,7.0,285,15.433244
10384,Supernova,2000-01-14,2000,01 Jan,3) Other months,90000000.0,14828081.0,-75171919.0,0.16475645555555554,0.0,1,Q4 (highest),1) Below 5.0,4.9,109,5.762037
137321,Winter's Tale,2014-02-13,2014,02 Feb,3) Other months,60000000.0,30800231.0,-29199769.0,0.5133371833333333,0.0,1,Q4 (highest),3) 6.0-6.9,6.0,487,22.736038
123553,The Mortal Instruments: City of Bones,2013-08-21,2013,08 Aug,3) Other months,60000000.0,90565421.0,30565421.0,1.5094236833333334,1.0,1,Q4 (highest),3) 6.0-6.9,6.2,1602,45.514031
11260,Meet Dave,2008-07-08,2008,07 Jul,1) Summer (May-Jul),60000000.0,50650079.0,-9349921.0,0.8441679833333333,0.0,1,Q4 (highest),2) 5.0-5.9,5.0,371,18.676291
9009,Dark Water,2005-06-27,2005,06 Jun,1) Summer (May-Jul),30000000.0,25473093.0,-4526907.0,0.8491031,0.0,1,Q3,2) 5.0-5.9,5.3,274,14.376463
11374,Edtv,1999-03-26,1999,03 Mar,3) Other months,80000000.0,,,,,0,,2) 5.0-5.9,5.7,166,14.298297
2309,Inkheart,2008-12-11,2008,12 Dec,2) Holiday (Nov-Dec),60000000.0,57490374.0,-2509626.0,0.9581729,0.0,1,Q4 (highest),3) 6.0-6.9,6.0,592,27.018886
8285,The Spirit,2008-12-25,2008,12 Dec,2) Holiday (Nov-Dec),60000000.0,39031337.0,-20968663.0,0.6505222833333333,0.0,1,Q4 (highest),1) Below 5.0,4.7,320,14.84856
210860,Mortdecai,2015-01-21,2015,01 Jan,3) Other months,60000000.0,30418560.0,-29581440.0,0.506976,0.0,1,Q4 (highest),2) 5.0-5.9,5.4,1055,52.417529
2312,In the Name of the King: A Dungeon Siege Tale,2007-11-29,2007,11 Nov,2) Holiday (Nov-Dec),60000000.0,,,,,0,,1) Below 5.0,4.1,224,15.406173
9839,Beyond Borders,2003-10-23,2003,10 Oct,3) Other months,35000000.0,,,,,0,,3) 6.0-6.9,6.7,110,6.523472
381902,The Monkey King 2,2016-01-22,2016,01 Jan,3) Other months,68490000.0,193677158.0,125187158.0,2.8278165863629727,1.0,1,Q4 (highest),3) 6.0-6.9,6.0,24,4.72629
13922,The Great Raid,2005-08-12,2005,08 Aug,3) Other months,80000000.0,10166502.0,-69833498.0,0.127081275,0.0,1,Q4 (highest),3) 6.0-6.9,6.8,91,8.923215
293660,Deadpool,2016-02-09,2016,02 Feb,3) Other months,58000000.0,783112979.0,725112979.0,13.501947913793103,1.0,1,Q4 (highest),4) 7.0 and above,7.4,10995,514.569956
9713,Holy Man,1998-10-08,1998,10 Oct,3) Other months,60000000.0,,,,,0,,1) Below 5.0,4.9,111,9.265672
190859,American Sniper,2014-12-11,2014,12 Dec,2) Holiday (Nov-Dec),58800000.0,542307423.0,483507423.0,9.222915357142858,1.0,1,Q4 (highest),4) 7.0 and above,7.4,4469,87.53437
257445,Goosebumps,2015-08-05,2015,08 Aug,3) Other months,58000000.0,158162788.0,100162788.0,2.7269446206896553,1.0,1,Q4 (highest),3) 6.0-6.9,6.2,995,45.351617
9007,Just Like Heaven,2005-09-16,2005,09 Sep,3) Other months,58000000.0,102854431.0,44854431.0,1.7733522586206896,1.0,1,Q4 (highest),3) 6.0-6.9,6.5,579,13.43573
889,The Flintstones in Viva Rock Vegas,2000-04-28,2000,04 Apr,3) Other months,83000000.0,59468275.0,-23531725.0,0.7164852409638555,0.0,1,Q4 (highest),1) Below 5.0,4.4,134,6.248309
1370,Rambo III,1988-05-24,1988,05 May,1) Summer (May-Jul),63000000.0,189015611.0,126015611.0,3.000247793650794,1.0,1,Q4 (highest),2) 5.0-5.9,5.7,690,31.294717
4942,Leatherheads,2008-03-24,2008,03 Mar,3) Other months,58000000.0,41299492.0,-16700508.0,0.7120602068965517,0.0,1,Q4 (highest),2) 5.0-5.9,5.7,130,7.739276
347969,The Ridiculous 6,2015-12-11,2015,12 Dec,2) Holiday (Nov-Dec),60000000.0,,,,,0,,1) Below 5.0,4.9,388,19.694695
24438,Did You Hear About the Morgans?,2009-12-17,2009,12 Dec,2) Holiday (Nov-Dec),58000000.0,85280250.0,27280250.0,1.4703491379310345,1.0,1,Q4 (highest),2) 5.0-5.9,5.1,276,14.403696
116741,The Internship,2013-06-07,2013,06 Jun,1) Summer (May-Jul),58000000.0,44000000.0,-14000000.0,0.7586206896551724,0.0,1,Q4 (highest),3) 6.0-6.9,6.1,1658,1.551497
35791,Resident Evil: Afterlife,2010-09-09,2010,09 Sep,3) Other months,60000000.0,300228084.0,240228084.0,5.0038014,1.0,1,Q4 (highest),2) 5.0-5.9,5.8,1363,2.143764
72431,Red Tails,2012-01-19,2012,01 Jan,3) Other months,58000000.0,50365377.0,-7634623.0,0.8683685689655173,0.0,1,Q4 (highest),2) 5.0-5.9,5.9,178,12.29603
1813,The Devil's Advocate,1997-10-17,1997,10 Oct,3) Other months,57000000.0,152944660.0,95944660.0,2.683239649122807,1.0,1,Q4 (highest),4) 7.0 and above,7.2,1374,33.8473
87428,That's My Boy,2012-06-14,2012,06 Jun,1) Summer (May-Jul),70000000.0,58058367.0,-11941633.0,0.8294052428571429,0.0,1,Q4 (highest),2) 5.0-5.9,5.5,453,21.723897
8840,DragonHeart,1996-05-31,1996,05 May,1) Summer (May-Jul),57000000.0,115267375.0,58267375.0,2.022234649122807,1.0,1,Q4 (highest),3) 6.0-6.9,6.4,535,31.791979
10589,After the Sunset,2004-11-12,2004,11 Nov,2) Holiday (Nov-Dec),60000000.0,61347797.0,1347797.0,1.0224632833333334,1.0,1,Q4 (highest),3) 6.0-6.9,6.0,226,14.113066
71676,Ghost Rider: Spirit of Vengeance,2011-12-10,2011,12 Dec,2) Holiday (Nov-Dec),57000000.0,149217355.0,92217355.0,2.6178483333333333,1.0,1,Q4 (highest),1) Below 5.0,4.7,1135,48.622278
1722,Captain Corelli's Mandolin,2001-08-17,2001,08 Aug,3) Other months,57000000.0,62112895.0,5112895.0,1.0896999122807018,1.0,1,Q4 (highest),2) 5.0-5.9,5.5,145,9.061866
10022,The Pacifier,2005-03-04,2005,03 Mar,3) Other months,56000000.0,113006880.0,57006880.0,2.01798,1.0,1,Q4 (highest),2) 5.0-5.9,5.8,842,35.4763
11358,Walking Tall,2004-04-02,2004,04 Apr,3) Other months,56000000.0,57223890.0,1223890.0,1.0218551785714285,1.0,1,Q4 (highest),3) 6.0-6.9,6.0,381,23.438398
13,Forrest Gump,1994-07-06,1994,07 Jul,1) Summer (May-Jul),55000000.0,677945399.0,622945399.0,12.326279981818182,1.0,1,Q3,4) 7.0 and above,8.2,7927,138.133331
6477,Alvin and the Chipmunks,2007-12-13,2007,12 Dec,2) Holiday (Nov-Dec),60000000.0,361366633.0,301366633.0,6.022777216666666,1.0,1,Q4 (highest),2) 5.0-5.9,5.5,1177,47.336034
1597,Meet the Parents,2000-10-06,2000,10 Oct,3) Other months,55000000.0,330444045.0,275444045.0,6.008073545454545,1.0,1,Q3,3) 6.0-6.9,6.6,1698,29.97224
10530,Pocahontas,1995-06-14,1995,06 Jun,1) Summer (May-Jul),55000000.0,346079773.0,291079773.0,6.292359509090909,1.0,1,Q3,3) 6.0-6.9,6.7,1457,47.845589
1924,Superman,1978-12-13,1978,12 Dec,2) Holiday (Nov-Dec),55000000.0,300218018.0,245218018.0,5.458509418181818,1.0,1,Q3,3) 6.0-6.9,6.9,1022,48.507081
9327,The Nutty Professor,1996-06-26,1996,06 Jun,1) Summer (May-Jul),54000000.0,128769345.0,74769345.0,2.3846175,1.0,1,Q3,2) 5.0-5.9,5.4,702,20.28119
8488,Hitch,2005-02-10,2005,02 Feb,3) Other months,70000000.0,368100420.0,298100420.0,5.258577428571429,1.0,1,Q4 (highest),3) 6.0-6.9,6.4,1665,34.576913
10603,George of the Jungle,1997-07-15,1997,07 Jul,1) Summer (May-Jul),55000000.0,,,,,0,,2) 5.0-5.9,5.4,496,22.573237
8273,American Wedding,2003-08-01,2003,08 Aug,3) Other months,55000000.0,231449203.0,176449203.0,4.208167327272728,1.0,1,Q3,3) 6.0-6.9,6.0,1129,36.194802
109424,Captain Phillips,2013-10-10,2013,10 Oct,3) Other months,55000000.0,95000000.0,40000000.0,1.7272727272727273,1.0,1,Q3,4) 7.0 and above,7.6,2454,52.786917
35056,Date Night,2010-04-08,2010,04 Apr,3) Other months,55000000.0,152263880.0,97263880.0,2.768434181818182,1.0,1,Q3,2) 5.0-5.9,5.9,1122,38.06168
8839,Casper,1995-05-26,1995,05 May,1) Summer (May-Jul),50000000.0,287928194.0,237928194.0,5.75856388,1.0,1,Q3,3) 6.0-6.9,6.0,1019,19.830132
156022,The Equalizer,2014-09-24,2014,09 Sep,3) Other months,55000000.0,192330738.0,137330738.0,3.496922509090909,1.0,1,Q3,4) 7.0 and above,7.1,2954,79.922059
7303,Maid in Manhattan,2002-12-13,2002,12 Dec,2) Holiday (Nov-Dec),55000000.0,154906693.0,99906693.0,2.8164853272727273,1.0,1,Q3,2) 5.0-5.9,5.6,485,19.738215
8963,Crimson Tide,1995-05-12,1995,05 May,1) Summer (May-Jul),53000000.0,157387195.0,104387195.0,2.969569716981132,1.0,1,Q3,4) 7.0 and above,7.0,498,20.334629
1402,The Pursuit of Happyness,2006-12-14,2006,12 Dec,2) Holiday (Nov-Dec),55000000.0,307077295.0,252077295.0,5.583223545454546,1.0,1,Q3,4) 7.0 and above,7.7,2525,80.581367
9315,Flightplan,2005-09-22,2005,09 Sep,3) Other months,55000000.0,223387299.0,168387299.0,4.061587254545454,1.0,1,Q3,3) 6.0-6.9,6.1,772,32.05145
8984,Disclosure,1994-12-09,1994,12 Dec,2) Holiday (Nov-Dec),55000000.0,214015089.0,159015089.0,3.891183436363636,1.0,1,Q3,2) 5.0-5.9,5.9,210,15.064058
795,City of Angels,1998-04-10,1998,04 Apr,3) Other months,55000000.0,198685114.0,143685114.0,3.612456618181818,1.0,1,Q3,3) 6.0-6.9,6.4,529,21.272734
24,Kill Bill: Vol. 1,2003-10-10,2003,10 Oct,3) Other months,30000000.0,180949000.0,150949000.0,6.031633333333334,1.0,1,Q3,4) 7.0 and above,7.7,4949,79.754966
11353,Bowfinger,1999-08-12,1999,08 Aug,3) Other months,55000000.0,,,,,0,,3) 6.0-6.9,6.0,254,13.191829
393,Kill Bill: Vol. 2,2004-04-16,2004,04 Apr,3) Other months,30000000.0,152159461.0,122159461.0,5.071982033333334,1.0,1,Q3,4) 7.0 and above,7.6,3948,50.622607
9618,Tango & Cash,1989-12-22,1989,12 Dec,2) Holiday (Nov-Dec),55000000.0,63408614.0,8408614.0,1.1528838909090908,1.0,1,Q3,3) 6.0-6.9,6.1,458,22.787667
9374,Death Becomes Her,1992-07-30,1992,07 Jul,1) Summer (May-Jul),55000000.0,149022650.0,94022650.0,2.7095027272727275,1.0,1,Q3,3) 6.0-6.9,6.3,636,29.498304
8584,Shanghai Noon,2000-05-26,2000,05 May,1) Summer (May-Jul),55000000.0,56932305.0,1932305.0,1.0351328181818182,1.0,1,Q3,3) 6.0-6.9,6.2,735,25.400935
2320,Executive Decision,1996-03-15,1996,03 Mar,3) Other months,55000000.0,121969216.0,66969216.0,2.217622109090909,1.0,1,Q3,2) 5.0-5.9,5.8,256,17.231675
58224,Mr. Popper's Penguins,2011-06-17,2011,06 Jun,1) Summer (May-Jul),55000000.0,187361754.0,132361754.0,3.4065773454545454,1.0,1,Q3,2) 5.0-5.9,5.7,751,32.835777
1729,The Forbidden Kingdom,2008-04-18,2008,04 Apr,3) Other months,55000000.0,127906624.0,72906624.0,2.325574981818182,1.0,1,Q3,3) 6.0-6.9,6.3,461,17.097041
175574,Free Birds,2013-10-30,2013,10 Oct,3) Other months,55000000.0,110000000.0,55000000.0,2.0,1.0,1,Q3,2) 5.0-5.9,5.7,254,14.414937
8077,Alien³,1992-05-22,1992,05 May,1) Summer (May-Jul),50000000.0,159773545.0,109773545.0,3.1954709,1.0,1,Q3,3) 6.0-6.9,6.2,1633,45.856409
8818,Evita,1996-12-14,1996,12 Dec,2) Holiday (Nov-Dec),55000000.0,141047179.0,86047179.0,2.564494163636364,1.0,1,Q3,2) 5.0-5.9,5.9,120,7.027139
8195,Ronin,1998-09-25,1998,09 Sep,3) Other months,55000000.0,41610884.0,-13389116.0,0.7565615272727273,0.0,1,Q3,3) 6.0-6.9,6.7,658,32.657488
10586,The Ghost and the Darkness,1996-10-11,1996,10 Oct,3) Other months,50000000.0,75000000.0,25000000.0,1.5,1.0,1,Q3,3) 6.0-6.9,6.4,236,12.46525
116149,Paddington,2014-11-27,2014,11 Nov,2) Holiday (Nov-Dec),55000000.0,259207227.0,204207227.0,4.712858672727273,1.0,1,Q3,4) 7.0 and above,7.0,883,39.882276
80035,The Watch,2012-07-26,2012,07 Jul,1) Summer (May-Jul),68000000.0,68267862.0,267862.0,1.0039391470588235,1.0,1,Q4 (highest),2) 5.0-5.9,5.3,881,39.395881
10632,The Hunted,2003-03-11,2003,03 Mar,3) Other months,55000000.0,34234008.0,-20765992.0,0.6224365090909091,0.0,1,Q3,3) 6.0-6.9,6.0,189,8.634954
12117,Instinct,1999-06-04,1999,06 Jun,1) Summer (May-Jul),80000000.0,,,,,0,,3) 6.0-6.9,6.2,146,7.386394
1792,Stuck on You,2003-12-10,2003,12 Dec,2) Holiday (Nov-Dec),55000000.0,33828318.0,-21171682.0,0.6150603272727273,0.0,1,Q3,2) 5.0-5.9,5.1,188,8.802525
13260,Semi-Pro,2008-02-28,2008,02 Feb,3) Other months,,33472850.0,,,,0,,2) 5.0-5.9,5.4,251,10.449975
72197,The Pirates! In an Adventure with Scientists!,2012-03-12,2012,03 Mar,3) Other months,60000000.0,118338361.0,58338361.0,1.9723060166666666,1.0,1,Q4 (highest),3) 6.0-6.9,6.4,374,23.700759
3580,Changeling,2008-01-30,2008,01 Jan,3) Other months,55000000.0,113020255.0,58020255.0,2.0549137272727274,1.0,1,Q3,4) 7.0 and above,7.3,1131,27.50916
12123,Chain Reaction,1996-08-02,1996,08 Aug,3) Other months,50000000.0,60209334.0,10209334.0,1.20418668,1.0,1,Q3,2) 5.0-5.9,5.3,284,20.58862
9566,The Fan,1996-08-15,1996,08 Aug,3) Other months,55000000.0,18626419.0,-36373581.0,0.33866216363636364,0.0,1,Q3,2) 5.0-5.9,5.7,194,4.366488
9833,The Phantom of the Opera,2004-12-08,2004,12 Dec,2) Holiday (Nov-Dec),70000000.0,154648887.0,84648887.0,2.2092698142857143,1.0,1,Q4 (highest),4) 7.0 and above,7.0,438,18.927463
4517,Elizabeth: The Golden Age,2007-09-09,2007,09 Sep,3) Other months,55000000.0,74237563.0,19237563.0,1.3497738727272728,1.0,1,Q3,3) 6.0-6.9,6.6,303,15.274137
8202,Æon Flux,2005-11-30,2005,11 Nov,2) Holiday (Nov-Dec),62000000.0,52304001.0,-9695999.0,0.8436129193548387,0.0,1,Q4 (highest),2) 5.0-5.9,5.4,703,29.954302
16072,Gods and Generals,2003-02-21,2003,02 Feb,3) Other months,56000000.0,12923936.0,-43076064.0,0.23078457142857142,0.0,1,Q4 (highest),3) 6.0-6.9,6.1,48,4.362535
34314,Turbulence,1997-01-09,1997,01 Jan,3) Other months,55000000.0,11466088.0,-43533912.0,0.20847432727272727,0.0,1,Q3,2) 5.0-5.9,5.2,62,4.700024
19724,Imagine That,2009-06-19,2009,06 Jun,1) Summer (May-Jul),55000000.0,,,,,0,,2) 5.0-5.9,5.7,134,12.340384
145220,Muppets Most Wanted,2014-03-20,2014,03 Mar,3) Other months,50000000.0,80383290.0,30383290.0,1.6076658,1.0,1,Q3,3) 6.0-6.9,6.2,316,14.808304
14623,Thunderbirds,2004-07-23,2004,07 Jul,1) Summer (May-Jul),57000000.0,28283637.0,-28716363.0,0.4962041578947368,0.0,1,Q4 (highest),1) Below 5.0,4.2,91,9.27875
42297,Burlesque,2010-11-23,2010,11 Nov,2) Holiday (Nov-Dec),55000000.0,89519773.0,34519773.0,1.6276322363636364,1.0,1,Q3,3) 6.0-6.9,6.9,573,22.863516
2841,A Very Long Engagement,2004-10-26,2004,10 Oct,3) Other months,47000000.0,,,,,0,,4) 7.0 and above,7.1,346,23.05451
802,Lolita,1962-06-13,1962,06 Jun,1) Summer (May-Jul),2000000.0,9250000.0,7250000.0,4.625,1.0,1,Q1 (lowest),4) 7.0 and above,7.3,395,23.962109
10375,D-Tox,2002-01-04,2002,01 Jan,3) Other months,55000000.0,6416302.0,-48583698.0,0.11666003636363637,0.0,1,Q3,2) 5.0-5.9,5.3,123,12.669778
36586,Blade II,2002-03-22,2002,03 Mar,3) Other months,54000000.0,155010032.0,101010032.0,2.870556148148148,1.0,1,Q3,3) 6.0-6.9,6.2,1528,67.169587
11321,Seven Pounds,2008-12-18,2008,12 Dec,2) Holiday (Nov-Dec),55000000.0,168167691.0,113167691.0,3.057594381818182,1.0,1,Q3,4) 7.0 and above,7.5,2039,41.472404
70074,Bullet to the Head,2013-01-31,2013,01 Jan,3) Other months,55000000.0,9489829.0,-45510171.0,0.17254234545454544,0.0,1,Q3,2) 5.0-5.9,5.2,481,22.503935
242,The Godfather: Part III,1990-12-24,1990,12 Dec,2) Holiday (Nov-Dec),54000000.0,136766062.0,82766062.0,2.532704851851852,1.0,1,Q3,4) 7.0 and above,7.1,1546,59.194915
9621,Elizabethtown,2005-10-06,2005,10 Oct,3) Other months,57000000.0,52034889.0,-4965111.0,0.9128927894736842,0.0,1,Q4 (highest),3) 6.0-6.9,6.1,327,22.894898
1819,"You, Me and Dupree",2006-07-14,2006,07 Jul,1) Summer (May-Jul),54000000.0,130431368.0,76431368.0,2.4153957037037035,1.0,1,Q3,2) 5.0-5.9,5.4,407,18.600367
8536,Superman II,1980-12-04,1980,12 Dec,2) Holiday (Nov-Dec),54000000.0,190458706.0,136458706.0,3.527013074074074,1.0,1,Q3,3) 6.0-6.9,6.5,629,30.515175
8046,Gigli,2003-08-01,2003,08 Aug,3) Other months,54000000.0,7266209.0,-46733791.0,0.13455942592592593,0.0,1,Q3,1) Below 5.0,3.5,104,9.053456
1717,All the King's Men,2006-09-10,2006,09 Sep,3) Other months,55000000.0,9450897.0,-45549103.0,0.17183449090909092,0.0,1,Q3,2) 5.0-5.9,5.7,95,7.768223
479,Shaft,2000-06-15,2000,06 Jun,1) Summer (May-Jul),46000000.0,107196498.0,61196498.0,2.330358652173913,1.0,1,Q3,2) 5.0-5.9,5.5,308,19.643365
9444,Anastasia,1997-11-20,1997,11 Nov,2) Holiday (Nov-Dec),53000000.0,139804348.0,86804348.0,2.637817886792453,1.0,1,Q3,4) 7.0 and above,7.4,1432,45.565918
824,Moulin Rouge!,2001-03-09,2001,03 Mar,3) Other months,52500000.0,179213434.0,126713434.0,3.413589219047619,1.0,1,Q3,4) 7.0 and above,7.4,1300,57.374341
11456,Domestic Disturbance,2001-10-30,2001,10 Oct,3) Other months,75000000.0,54249294.0,-20750706.0,0.72332392,0.0,1,Q4 (highest),2) 5.0-5.9,5.4,113,8.41856
261023,Black Mass,2015-09-04,2015,09 Sep,3) Other months,53000000.0,98837872.0,45837872.0,1.8648655094339623,1.0,1,Q3,3) 6.0-6.9,6.3,1242,46.049902
3683,Flags of Our Fathers,2006-10-18,2006,10 Oct,3) Other months,90000000.0,65900249.0,-24099751.0,0.7322249888888889,0.0,1,Q4 (highest),3) 6.0-6.9,6.7,526,23.9366
22803,Law Abiding Citizen,2009-10-15,2009,10 Oct,3) Other months,53000000.0,126690726.0,73690726.0,2.3903910566037734,1.0,1,Q3,4) 7.0 and above,7.2,1486,49.593978
285923,Grindhouse,2007-04-06,2007,04 Apr,3) Other months,67000000.0,25037897.0,-41962103.0,0.3736999552238806,0.0,1,Q4 (highest),3) 6.0-6.9,6.8,459,16.637642
39437,Beloved,1998-10-16,1998,10 Oct,3) Other months,,,,,,0,,2) 5.0-5.9,5.9,26,1.453765
1950,Lucky You,2007-05-01,2007,05 May,1) Summer (May-Jul),,5761917.0,,,,0,,2) 5.0-5.9,5.4,81,6.162872
640,Catch Me If You Can,2002-12-25,2002,12 Dec,2) Holiday (Nov-Dec),52000000.0,352114312.0,300114312.0,6.771429076923077,1.0,1,Q3,4) 7.0 and above,7.7,3795,73.944049
97630,Zero Dark Thirty,2012-12-19,2012,12 Dec,2) Holiday (Nov-Dec),40000000.0,132820716.0,92820716.0,3.3205179,1.0,1,Q3,3) 6.0-6.9,6.7,1702,38.306954
9767,The Break-Up,2006-06-01,2006,06 Jun,1) Summer (May-Jul),52000000.0,204999686.0,152999686.0,3.9423016538461537,1.0,1,Q3,2) 5.0-5.9,5.6,832,26.251217
11631,Mamma Mia!,2008-07-03,2008,07 Jul,1) Summer (May-Jul),52000000.0,609841637.0,557841637.0,11.727723788461539,1.0,1,Q3,3) 6.0-6.9,6.4,1386,30.780599
32856,Valentine's Day,2010-02-10,2010,02 Feb,3) Other months,52000000.0,216485654.0,164485654.0,4.163185653846154,1.0,1,Q3,2) 5.0-5.9,5.7,1013,25.41929
6519,The Dukes of Hazzard,2005-08-05,2005,08 Aug,3) Other months,50000000.0,110803676.0,60803676.0,2.21607352,1.0,1,Q3,2) 5.0-5.9,5.1,316,15.98212
8741,The Thin Red Line,1998-12-25,1998,12 Dec,2) Holiday (Nov-Dec),52000000.0,98126565.0,46126565.0,1.887049326923077,1.0,1,Q3,4) 7.0 and above,7.2,771,40.072583
49520,The Change-Up,2011-08-05,2011,08 Aug,3) Other months,52000000.0,75450437.0,23450437.0,1.4509699423076923,1.0,1,Q3,2) 5.0-5.9,5.9,736,32.015477
1850,Man on the Moon,1999-12-22,1999,12 Dec,2) Holiday (Nov-Dec),82000000.0,47434430.0,-34565570.0,0.5784686585365854,0.0,1,Q4 (highest),3) 6.0-6.9,6.9,435,24.444186
524,Casino,1995-11-22,1995,11 Nov,2) Holiday (Nov-Dec),52000000.0,116112375.0,64112375.0,2.2329302884615383,1.0,1,Q3,4) 7.0 and above,7.8,1307,40.06688
26389,From Paris with Love,2010-02-05,2010,02 Feb,3) Other months,52000000.0,52826594.0,826594.0,1.0158960384615385,1.0,1,Q3,3) 6.0-6.9,6.1,675,27.916284
11817,Bulletproof Monk,2003-03-28,2003,03 Mar,3) Other months,52000000.0,,,,,0,,2) 5.0-5.9,5.1,278,15.20707
2123,"Me, Myself & Irene",2000-06-22,2000,06 Jun,1) Summer (May-Jul),51000000.0,149270999.0,98270999.0,2.9268823333333334,1.0,1,Q3,3) 6.0-6.9,6.1,927,39.001682
9907,Barnyard,2006-08-04,2006,08 Aug,3) Other months,51000000.0,72779000.0,21779000.0,1.4270392156862746,1.0,1,Q3,2) 5.0-5.9,5.3,225,10.430832
9969,Deck the Halls,2006-11-22,2006,11 Nov,2) Holiday (Nov-Dec),,47231070.0,,,,0,,2) 5.0-5.9,5.1,109,5.952527
18239,The Twilight Saga: New Moon,2009-03-15,2009,03 Mar,3) Other months,50000000.0,709827462.0,659827462.0,14.19654924,1.0,1,Q3,2) 5.0-5.9,5.6,2436,94.815867
808,Shrek,2001-05-16,2001,05 May,1) Summer (May-Jul),60000000.0,484409218.0,424409218.0,8.073486966666668,1.0,1,Q4 (highest),4) 7.0 and above,7.3,4056,67.298732
38050,The Adjustment Bureau,2011-03-03,2011,03 Mar,3) Other months,50200000.0,127869379.0,77669379.0,2.5471987848605577,1.0,1,Q3,3) 6.0-6.9,6.5,1652,26.60772
8367,Robin Hood: Prince of Thieves,1991-06-14,1991,06 Jun,1) Summer (May-Jul),48000000.0,390493908.0,342493908.0,8.13528975,1.0,1,Q3,3) 6.0-6.9,6.6,909,28.803729
9390,Jerry Maguire,1996-12-06,1996,12 Dec,2) Holiday (Nov-Dec),50000000.0,273552592.0,223552592.0,5.47105184,1.0,1,Q3,3) 6.0-6.9,6.7,913,27.039636
72105,Ted,2012-06-29,2012,06 Jun,1) Summer (May-Jul),50000000.0,549368315.0,499368315.0,10.9873663,1.0,1,Q3,3) 6.0-6.9,6.3,4697,68.87691
2898,As Good as It Gets,1997-12-19,1997,12 Dec,2) Holiday (Nov-Dec),50000000.0,314178011.0,264178011.0,6.28356022,1.0,1,Q3,4) 7.0 and above,7.2,915,37.885022
10312,Patch Adams,1998-12-25,1998,12 Dec,2) Holiday (Nov-Dec),50000000.0,202292902.0,152292902.0,4.04585804,1.0,1,Q3,4) 7.0 and above,7.0,832,35.537397
109443,Anchorman 2: The Legend Continues,2013-12-18,2013,12 Dec,2) Holiday (Nov-Dec),50000000.0,173649015.0,123649015.0,3.4729803,1.0,1,Q3,3) 6.0-6.9,6.0,923,38.125008
2022,Mr. Deeds,2002-06-28,2002,06 Jun,1) Summer (May-Jul),50000000.0,171269535.0,121269535.0,3.4253907,1.0,1,Q3,2) 5.0-5.9,5.6,644,18.121404
37686,Super 8,2011-06-08,2011,06 Jun,1) Summer (May-Jul),50000000.0,260095987.0,210095987.0,5.20191974,1.0,1,Q3,3) 6.0-6.9,6.6,2435,37.069253
462,Erin Brockovich,2000-03-17,2000,03 Mar,3) Other months,52000000.0,256271286.0,204271286.0,4.928293961538461,1.0,1,Q3,4) 7.0 and above,7.1,716,30.347332
9919,How to Lose a Guy in 10 Days,2003-02-07,2003,02 Feb,3) Other months,50000000.0,177371441.0,127371441.0,3.54742882,1.0,1,Q3,3) 6.0-6.9,6.3,850,23.854701
187017,22 Jump Street,2014-06-05,2014,06 Jun,1) Summer (May-Jul),50000000.0,188441614.0,138441614.0,3.76883228,1.0,1,Q3,4) 7.0 and above,7.0,3319,52.380982
628,Interview with the Vampire,1994-11-11,1994,11 Nov,2) Holiday (Nov-Dec),60000000.0,223664608.0,163664608.0,3.7277434666666664,1.0,1,Q4 (highest),4) 7.0 and above,7.2,1516,50.163785
10201,Yes Man,2008-12-09,2008,12 Dec,2) Holiday (Nov-Dec),70000000.0,225990978.0,155990978.0,3.228442542857143,1.0,1,Q4 (highest),3) 6.0-6.9,6.4,1813,43.849351
302699,Central Intelligence,2016-06-15,2016,06 Jun,1) Summer (May-Jul),50000000.0,216972543.0,166972543.0,4.33945086,1.0,1,Q3,3) 6.0-6.9,6.2,1650,45.318703
9441,Stepmom,1998-12-25,1998,12 Dec,2) Holiday (Nov-Dec),,,,,,0,,3) 6.0-6.9,6.9,277,16.368283
274167,Daddy's Home,2015-12-25,2015,12 Dec,2) Holiday (Nov-Dec),50000000.0,242786137.0,192786137.0,4.85572274,1.0,1,Q3,2) 5.0-5.9,5.8,854,38.616744
224141,Into the Woods,2014-12-25,2014,12 Dec,2) Holiday (Nov-Dec),50000000.0,212902372.0,162902372.0,4.25804744,1.0,1,Q3,2) 5.0-5.9,5.6,1652,65.90161
388,Inside Man,2006-03-23,2006,03 Mar,3) Other months,45000000.0,184376254.0,139376254.0,4.097250088888889,1.0,1,Q3,4) 7.0 and above,7.3,1630,45.220386
2112,Payback,1999-02-05,1999,02 Feb,3) Other months,90000000.0,161626121.0,71626121.0,1.7958457888888888,1.0,1,Q4 (highest),3) 6.0-6.9,6.7,548,17.457947
10329,Congo,1995-06-09,1995,06 Jun,1) Summer (May-Jul),50000000.0,152022101.0,102022101.0,3.04044202,1.0,1,Q3,2) 5.0-5.9,5.0,213,10.755847
74465,We Bought a Zoo,2011-12-22,2011,12 Dec,2) Holiday (Nov-Dec),50000000.0,120081841.0,70081841.0,2.40163682,1.0,1,Q3,3) 6.0-6.9,6.5,909,38.629763
13811,Knowing,2009-03-19,2009,03 Mar,3) Other months,50000000.0,155446362.0,105446362.0,3.10892724,1.0,1,Q3,2) 5.0-5.9,5.9,1486,32.693093
6877,Failure to Launch,2006-03-10,2006,03 Mar,3) Other months,50000000.0,88715192.0,38715192.0,1.77430384,1.0,1,Q3,2) 5.0-5.9,5.5,399,18.806031
10320,The Ring Two,2005-03-17,2005,03 Mar,3) Other months,50000000.0,161451538.0,111451538.0,3.22903076,1.0,1,Q3,2) 5.0-5.9,5.4,632,32.233713
50646,"Crazy, Stupid, Love.",2011-07-29,2011,07 Jul,1) Summer (May-Jul),50000000.0,142851197.0,92851197.0,2.85702394,1.0,1,Q3,4) 7.0 and above,7.0,2443,37.990705
8920,Garfield,2004-06-10,2004,06 Jun,1) Summer (May-Jul),50000000.0,200804534.0,150804534.0,4.01609068,1.0,1,Q3,2) 5.0-5.9,5.2,820,17.667826
13673,Christmas with the Kranks,2004-11-24,2004,11 Nov,2) Holiday (Nov-Dec),60000000.0,,,,,0,,2) 5.0-5.9,5.2,193,9.225166
60308,Moneyball,2011-09-22,2011,09 Sep,3) Other months,50000000.0,110206216.0,60206216.0,2.20412432,1.0,1,Q3,4) 7.0 and above,7.0,1381,46.180421
6950,Outbreak,1995-03-10,1995,03 Mar,3) Other months,50000000.0,189859560.0,139859560.0,3.7971912,1.0,1,Q3,3) 6.0-6.9,6.3,513,30.397496
225574,Non-Stop,2014-01-26,2014,01 Jan,3) Other months,50000000.0,222809600.0,172809600.0,4.456192,1.0,1,Q3,3) 6.0-6.9,6.8,2268,83.295796
13836,Race to Witch Mountain,2009-03-12,2009,03 Mar,3) Other months,50000000.0,106303988.0,56303988.0,2.12607976,1.0,1,Q3,2) 5.0-5.9,5.5,509,23.935053
752,V for Vendetta,2006-03-15,2006,03 Mar,3) Other months,54000000.0,132511035.0,78511035.0,2.4539080555555555,1.0,1,Q3,4) 7.0 and above,7.7,4442,84.630969
6038,Shanghai Knights,2003-02-06,2003,02 Feb,3) Other months,50000000.0,88323487.0,38323487.0,1.76646974,1.0,1,Q3,3) 6.0-6.9,6.0,692,16.251204
9975,Curious George,2006-02-10,2006,02 Feb,3) Other months,50000000.0,69834815.0,19834815.0,1.3966963,1.0,1,Q3,3) 6.0-6.9,6.2,106,9.894346
11451,Herbie Fully Loaded,2005-06-22,2005,06 Jun,1) Summer (May-Jul),50000000.0,66002004.0,16002004.0,1.32004008,1.0,1,Q3,2) 5.0-5.9,5.1,542,12.050755
12103,Don't Say a Word,2001-09-28,2001,09 Sep,3) Other months,50000000.0,100020092.0,50020092.0,2.00040184,1.0,1,Q3,3) 6.0-6.9,6.0,220,11.596207
60304,Hansel & Gretel: Witch Hunters,2013-01-17,2013,01 Jan,3) Other months,50000000.0,224803475.0,174803475.0,4.4960695,1.0,1,Q3,2) 5.0-5.9,5.7,3239,53.02787
2251,Unfaithful,2002-05-10,2002,05 May,1) Summer (May-Jul),50000000.0,119137784.0,69137784.0,2.38275568,1.0,1,Q3,3) 6.0-6.9,6.3,276,14.382253
46529,I Am Number Four,2011-02-18,2011,02 Feb,3) Other months,50000000.0,144492830.0,94492830.0,2.8898566,1.0,1,Q3,2) 5.0-5.9,5.9,1567,43.450266
231,Syriana,2005-11-23,2005,11 Nov,2) Holiday (Nov-Dec),50000000.0,94000000.0,44000000.0,1.88,1.0,1,Q3,3) 6.0-6.9,6.3,451,16.871194
300671,13 Hours: The Secret Soldiers of Benghazi,2016-01-13,2016,01 Jan,3) Other months,50000000.0,69411370.0,19411370.0,1.3882274,1.0,1,Q3,4) 7.0 and above,7.0,938,42.526529
228326,The Book of Life,2014-10-01,2014,10 Oct,3) Other months,50000000.0,97437106.0,47437106.0,1.94874212,1.0,1,Q3,4) 7.0 and above,7.3,755,34.890999
9754,Firewall,2006-02-10,2006,02 Feb,3) Other months,45000000.0,82800000.0,37800000.0,1.84,1.0,1,Q3,2) 5.0-5.9,5.6,267,18.186026
66,Absolute Power,1997-02-14,1997,02 Feb,3) Other months,50000000.0,50068310.0,68310.0,1.0013662,1.0,1,Q3,3) 6.0-6.9,6.4,223,13.576765
4421,G.I. Jane,1997-08-22,1997,08 Aug,3) Other months,50000000.0,48169156.0,-1830844.0,0.96338312,0.0,1,Q3,3) 6.0-6.9,6.0,395,19.434672
2649,The Game,1997-09-12,1997,09 Sep,3) Other months,50000000.0,109423648.0,59423648.0,2.18847296,1.0,1,Q3,4) 7.0 and above,7.5,1506,62.925175
588,Silent Hill,2006-04-21,2006,04 Apr,3) Other months,50000000.0,97607453.0,47607453.0,1.95214906,1.0,1,Q3,3) 6.0-6.9,6.3,1067,32.927994
10393,The Replacements,2000-08-07,2000,08 Aug,3) Other months,,,,,,0,,3) 6.0-6.9,6.1,203,14.837288
71552,American Reunion,2012-04-04,2012,04 Apr,3) Other months,50000000.0,234989584.0,184989584.0,4.69979168,1.0,1,Q3,3) 6.0-6.9,6.1,1611,39.920035
9631,The Negotiator,1998-07-29,1998,07 Jul,1) Summer (May-Jul),50000000.0,44547681.0,-5452319.0,0.89095362,0.0,1,Q3,3) 6.0-6.9,6.8,582,28.725621
216282,Into the Storm,2014-08-06,2014,08 Aug,3) Other months,50000000.0,160602194.0,110602194.0,3.21204388,1.0,1,Q3,2) 5.0-5.9,5.8,817,20.566554
306,Beverly Hills Cop III,1994-05-24,1994,05 May,1) Summer (May-Jul),50000000.0,119208989.0,69208989.0,2.38417978,1.0,1,Q3,2) 5.0-5.9,5.5,434,20.333953
928,Gremlins 2: The New Batch,1990-06-15,1990,06 Jun,1) Summer (May-Jul),50000000.0,41482207.0,-8517793.0,0.82964414,0.0,1,Q3,3) 6.0-6.9,6.2,652,33.98637
205587,The Judge,2014-10-08,2014,10 Oct,3) Other months,50000000.0,83719388.0,33719388.0,1.67438776,1.0,1,Q3,4) 7.0 and above,7.2,1417,42.472324
6623,The Peacemaker,1997-09-26,1997,09 Sep,3) Other months,50000000.0,,,,,0,,2) 5.0-5.9,5.8,255,15.931084
1577,Resident Evil: Apocalypse,2004-09-10,2004,09 Sep,3) Other months,45000000.0,129394835.0,84394835.0,2.875440777777778,1.0,1,Q3,3) 6.0-6.9,6.1,1267,29.880122
9801,Bridget Jones: The Edge of Reason,2004-11-10,2004,11 Nov,2) Holiday (Nov-Dec),50000000.0,40203020.0,-9796980.0,0.8040604,0.0,1,Q3,3) 6.0-6.9,6.1,750,28.803802
2116,Out of Time,2003-10-03,2003,10 Oct,3) Other months,50000000.0,55495563.0,5495563.0,1.10991126,1.0,1,Q3,3) 6.0-6.9,6.1,298,14.993459
9624,On Deadly Ground,1994-02-18,1994,02 Feb,3) Other months,50000000.0,49000000.0,-1000000.0,0.98,0.0,1,Q3,1) Below 5.0,4.5,104,9.114168
14199,The Adventures of Sharkboy and Lavagirl,2005-06-10,2005,06 Jun,1) Summer (May-Jul),50000000.0,69425966.0,19425966.0,1.38851932,1.0,1,Q3,1) Below 5.0,4.4,269,12.31101
1907,The Beach,2000-02-11,2000,02 Feb,3) Other months,40000000.0,144056873.0,104056873.0,3.601421825,1.0,1,Q3,3) 6.0-6.9,6.3,1233,41.362082
4599,Raising Helen,2004-05-27,2004,05 May,1) Summer (May-Jul),50000000.0,49718611.0,-281389.0,0.99437222,0.0,1,Q3,2) 5.0-5.9,5.9,189,13.298205
22832,Ninja Assassin,2009-09-29,2009,09 Sep,3) Other months,40000000.0,60462347.0,20462347.0,1.511558675,1.0,1,Q3,3) 6.0-6.9,6.2,371,19.085403
10390,For Love of the Game,1999-09-17,1999,09 Sep,3) Other months,50000000.0,,,,,0,,3) 6.0-6.9,6.3,88,9.622345
9879,Striptease,1996-06-28,1996,06 Jun,1) Summer (May-Jul),50000000.0,113309743.0,63309743.0,2.26619486,1.0,1,Q3,1) Below 5.0,4.4,205,11.106006
38579,Marmaduke,2010-06-04,2010,06 Jun,1) Summer (May-Jul),50000000.0,83761844.0,33761844.0,1.67523688,1.0,1,Q3,2) 5.0-5.9,5.0,149,12.25622
44603,Hereafter,2010-10-15,2010,10 Oct,3) Other months,50000000.0,105197635.0,55197635.0,2.1039527,1.0,1,Q3,2) 5.0-5.9,5.8,510,13.365715
11892,Murder by Numbers,2002-04-19,2002,04 Apr,3) Other months,50000000.0,56714147.0,6714147.0,1.13428294,1.0,1,Q3,3) 6.0-6.9,6.0,268,16.167093
9691,Assassins,1995-10-06,1995,10 Oct,3) Other months,50000000.0,30303072.0,-19696928.0,0.60606144,0.0,1,Q3,3) 6.0-6.9,6.0,387,23.073933
1248,Hannibal Rising,2007-02-06,2007,02 Feb,3) Other months,50000000.0,82169884.0,32169884.0,1.64339768,1.0,1,Q3,3) 6.0-6.9,6.0,654,6.567065
12220,The Story of Us,1999-10-13,1999,10 Oct,3) Other months,50000000.0,58900031.0,8900031.0,1.17800062,1.0,1,Q3,2) 5.0-5.9,5.9,75,6.22577
72710,The Host,2013-03-22,2013,03 Mar,3) Other months,44000000.0,63327201.0,19327201.0,1.439254568181818,1.0,1,Q3,3) 6.0-6.9,6.0,1817,42.933027
10782,Basic,2003-04-18,2003,04 Apr,3) Other months,50000000.0,42792561.0,-7207439.0,0.85585122,0.0,1,Q3,3) 6.0-6.9,6.2,286,19.226763
9573,Blood Work,2002-08-04,2002,08 Aug,3) Other months,50000000.0,26199517.0,-23800483.0,0.52399034,0.0,1,Q3,3) 6.0-6.9,6.1,206,10.089065
4959,The International,2009-02-03,2009,02 Feb,3) Other months,50000000.0,60161391.0,10161391.0,1.20322782,1.0,1,Q3,3) 6.0-6.9,6.0,368,13.391833
10061,Escape from L.A.,1996-08-09,1996,08 Aug,3) Other months,50000000.0,42277365.0,-7722635.0,0.8455473,0.0,1,Q3,2) 5.0-5.9,5.6,373,21.637234
10386,The Iron Giant,1999-08-06,1999,08 Aug,3) Other months,70000000.0,23159305.0,-46840695.0,0.3308472142857143,0.0,1,Q4 (highest),4) 7.0 and above,7.6,1436,61.245957
421,The Life Aquatic with Steve Zissou,2004-12-10,2004,12 Dec,2) Holiday (Nov-Dec),50000000.0,34808403.0,-15191597.0,0.69616806,0.0,1,Q3,4) 7.0 and above,7.1,775,25.237969
316152,Free State of Jones,2016-06-24,2016,06 Jun,1) Summer (May-Jul),50000000.0,25035950.0,-24964050.0,0.500719,0.0,1,Q3,3) 6.0-6.9,6.6,428,21.589393
11615,The Life of David Gale,2003-02-21,2003,02 Feb,3) Other months,50000000.0,38955598.0,-11044402.0,0.77911196,0.0,1,Q3,4) 7.0 and above,7.3,480,22.442241
13498,Man of the House,2005-02-25,2005,02 Feb,3) Other months,40000000.0,,,,,0,,2) 5.0-5.9,5.4,120,6.004422
241554,Run All Night,2015-03-11,2015,03 Mar,3) Other months,50000000.0,71561644.0,21561644.0,1.43123288,1.0,1,Q3,3) 6.0-6.9,6.3,1148,74.64653
2252,Eastern Promises,2007-09-14,2007,09 Sep,3) Other months,51500000.0,55112356.0,3612356.0,1.0701428349514563,1.0,1,Q3,4) 7.0 and above,7.2,848,35.481169
11968,Into the Blue,2005-09-30,2005,09 Sep,3) Other months,50000000.0,44434439.0,-5565561.0,0.88868878,0.0,1,Q3,2) 5.0-5.9,5.8,458,14.723467
10047,The Messenger: The Story of Joan of Arc,1999-10-18,1999,10 Oct,3) Other months,60000000.0,66976317.0,6976317.0,1.11627195,1.0,1,Q4 (highest),3) 6.0-6.9,6.2,367,21.084542
38319,Your Highness,2011-04-08,2011,04 Apr,3) Other months,49900000.0,26121638.0,-23778362.0,0.5234797194388777,0.0,1,Q3,2) 5.0-5.9,5.2,501,21.408222
69668,Dream House,2011-09-30,2011,09 Sep,3) Other months,50000000.0,38502340.0,-11497660.0,0.7700468,0.0,1,Q3,2) 5.0-5.9,5.8,391,19.267479
9770,Mad City,1997-11-07,1997,11 Nov,2) Holiday (Nov-Dec),50000000.0,10541523.0,-39458477.0,0.21083046,0.0,1,Q3,2) 5.0-5.9,5.9,81,3.314004
11212,Baby's Day Out,1994-07-01,1994,07 Jul,1) Summer (May-Jul),50000000.0,16671505.0,-33328495.0,0.3334301,0.0,1,Q3,2) 5.0-5.9,5.8,274,21.312186
10533,The Scarlet Letter,1995-10-13,1995,10 Oct,3) Other months,50000000.0,10382407.0,-39617593.0,0.20764814,0.0,1,Q3,2) 5.0-5.9,5.5,108,7.44268
38363,Fair Game,2010-05-20,2010,05 May,1) Summer (May-Jul),22000000.0,24188922.0,2188922.0,1.0994964545454546,1.0,1,Q2,3) 6.0-6.9,6.5,235,12.54949
9923,Domino,2005-09-22,2005,09 Sep,3) Other months,50000000.0,22944502.0,-27055498.0,0.45889004,0.0,1,Q3,3) 6.0-6.9,6.0,444,18.394571
11863,Jade,1995-10-13,1995,10 Oct,3) Other months,50000000.0,9851610.0,-40148390.0,0.1970322,0.0,1,Q3,2) 5.0-5.9,5.2,44,8.189406
18501,Gamer,2009-09-03,2009,09 Sep,3) Other months,50000000.0,40828540.0,-9171460.0,0.8165708,0.0,1,Q3,2) 5.0-5.9,5.6,760,27.631262
109491,Beautiful Creatures,2013-02-13,2013,02 Feb,3) Other months,60000000.0,60052138.0,52138.0,1.0008689666666666,1.0,1,Q4 (highest),2) 5.0-5.9,5.6,984,40.721373
9275,Death to Smoochy,2002-03-28,2002,03 Mar,3) Other months,55000000.0,,,,,0,,2) 5.0-5.9,5.9,132,11.329727
329833,Zoolander 2,2016-02-06,2016,02 Feb,3) Other months,50000000.0,55969000.0,5969000.0,1.11938,1.0,1,Q3,1) Below 5.0,4.7,797,37.253774
12634,The Big Bounce,2004-01-30,2004,01 Jan,3) Other months,50000000.0,6808550.0,-43191450.0,0.136171,0.0,1,Q3,2) 5.0-5.9,5.0,76,6.397388
10416,What Planet Are You From?,2000-03-03,2000,03 Mar,3) Other months,60000000.0,,,,,0,,2) 5.0-5.9,5.4,37,2.275331
47327,Drive Angry,2011-02-24,2011,02 Feb,3) Other months,50000000.0,28931401.0,-21068599.0,0.57862802,0.0,1,Q3,2) 5.0-5.9,5.3,600,30.387148
15268,Street Fighter: The Legend of Chun-Li,2009-02-27,2009,02 Feb,3) Other months,50000000.0,12764201.0,-37235799.0,0.25528402,0.0,1,Q3,1) Below 5.0,3.9,112,8.139676
10796,The One,2001-11-02,2001,11 Nov,2) Holiday (Nov-Dec),49000000.0,72700000.0,23700000.0,1.4836734693877551,1.0,1,Q3,2) 5.0-5.9,5.7,437,21.746245
9548,The Adventures of Ford Fairlane,1990-07-11,1990,07 Jul,1) Summer (May-Jul),49000000.0,20423389.0,-28576611.0,0.41680385714285717,0.0,1,Q3,3) 6.0-6.9,6.2,71,2.808428
18947,The Boat That Rocked,2009-04-01,2009,04 Apr,3) Other months,50000000.0,36348784.0,-13651216.0,0.72697568,0.0,1,Q3,4) 7.0 and above,7.2,666,31.02233
1900,Traffic,2000-12-27,2000,12 Dec,2) Holiday (Nov-Dec),48000000.0,207515725.0,159515725.0,4.323244270833333,1.0,1,Q3,3) 6.0-6.9,6.9,562,25.170217
89,Indiana Jones and the Last Crusade,1989-05-24,1989,05 May,1) Summer (May-Jul),48000000.0,474171806.0,426171806.0,9.878579291666666,1.0,1,Q3,4) 7.0 and above,7.6,3152,80.972475
96724,Anna Karenina,2012-09-06,2012,09 Sep,3) Other months,,68929150.0,,,,0,,3) 6.0-6.9,6.5,639,26.38704
198184,Chappie,2015-03-04,2015,03 Mar,3) Other months,49000000.0,104399548.0,55399548.0,2.1306030204081634,1.0,1,Q3,3) 6.0-6.9,6.6,3062,116.700319
9481,The Bone Collector,1999-11-04,1999,11 Nov,2) Holiday (Nov-Dec),73000000.0,151493655.0,78493655.0,2.0752555479452055,1.0,1,Q4 (highest),3) 6.0-6.9,6.5,826,33.884459
4547,Panic Room,2002-03-29,2002,03 Mar,3) Other months,48000000.0,196397415.0,148397415.0,4.0916128125,1.0,1,Q3,3) 6.0-6.9,6.5,1267,53.043124
53953,The Tooth Fairy,2006-08-08,2006,08 Aug,3) Other months,,,,,,0,,1) Below 5.0,4.3,13,0.716764
6415,Three Kings,1999-09-27,1999,09 Sep,3) Other months,75000000.0,108000000.0,33000000.0,1.44,1.0,1,Q4 (highest),3) 6.0-6.9,6.6,692,34.973086
181283,Child 44,2015-03-15,2015,03 Mar,3) Other months,50000000.0,3324330.0,-46675670.0,0.0664866,0.0,1,Q3,3) 6.0-6.9,6.1,547,40.371098
9896,Rat Race,2001-07-30,2001,07 Jul,1) Summer (May-Jul),48000000.0,85498534.0,37498534.0,1.7812194583333334,1.0,1,Q3,3) 6.0-6.9,6.0,518,18.60049
167,K-PAX,2001-10-22,2001,10 Oct,3) Other months,48000000.0,50315140.0,2315140.0,1.0482320833333334,1.0,1,Q3,4) 7.0 and above,7.1,695,30.920075
11232,Kate & Leopold,2001-12-25,2001,12 Dec,2) Holiday (Nov-Dec),,,,,,0,,3) 6.0-6.9,6.0,418,11.940711
1636,Bedazzled,2000-10-19,2000,10 Oct,3) Other months,48000000.0,90383208.0,42383208.0,1.8829835,1.0,1,Q3,2) 5.0-5.9,5.6,512,19.348007
2148,The Cotton Club,1984-12-14,1984,12 Dec,2) Holiday (Nov-Dec),58000000.0,25928721.0,-32071279.0,0.44704691379310346,0.0,1,Q4 (highest),3) 6.0-6.9,6.6,68,8.59075
5176,3:10 to Yuma,2007-09-06,2007,09 Sep,3) Other months,55000000.0,70016220.0,15016220.0,1.2730221818181817,1.0,1,Q3,3) 6.0-6.9,6.9,1188,48.801089
260346,Taken 3,2014-12-16,2014,12 Dec,2) Holiday (Nov-Dec),48000000.0,325771424.0,277771424.0,6.786904666666667,1.0,1,Q3,3) 6.0-6.9,6.1,2200,88.844777
1389,Out of Sight,1998-06-26,1998,06 Jun,1) Summer (May-Jul),48000000.0,77745568.0,29745568.0,1.6196993333333334,1.0,1,Q3,3) 6.0-6.9,6.5,333,16.000178
9894,The Cable Guy,1996-06-10,1996,06 Jun,1) Summer (May-Jul),47000000.0,102825796.0,55825796.0,2.187782893617021,1.0,1,Q3,2) 5.0-5.9,5.7,594,19.525659
7504,Earth,1998-09-16,1998,09 Sep,3) Other months,,528972.0,,,,0,,,6.6,9,1.246883
8592,Dick Tracy,1990-06-15,1990,06 Jun,1) Summer (May-Jul),47000000.0,103738726.0,56738726.0,2.2072069361702127,1.0,1,Q3,2) 5.0-5.9,5.9,251,7.859226
913,The Thomas Crown Affair,1999-08-06,1999,08 Aug,3) Other months,48000000.0,124305181.0,76305181.0,2.5896912708333333,1.0,1,Q3,3) 6.0-6.9,6.6,339,18.102572
11091,Riding in Cars with Boys,2001-10-19,2001,10 Oct,3) Other months,48000000.0,35743308.0,-12256692.0,0.74465225,0.0,1,Q3,3) 6.0-6.9,6.5,103,7.226115
1368,First Blood,1982-10-22,1982,10 Oct,3) Other months,15000000.0,125212904.0,110212904.0,8.347526933333333,1.0,1,Q2,4) 7.0 and above,7.2,1488,63.071046
593,Solaris,1972-03-20,1972,03 Mar,3) Other months,,,,,,0,,4) 7.0 and above,7.7,357,24.132271
5393,Happily N'Ever After,2006-09-14,2006,09 Sep,3) Other months,47000000.0,38085778.0,-8914222.0,0.8103357021276596,0.0,1,Q3,1) Below 5.0,4.6,104,10.410933
9095,Mary Reilly,1996-02-23,1996,02 Feb,3) Other months,47000000.0,12379402.0,-34620598.0,0.2633915319148936,0.0,1,Q3,2) 5.0-5.9,5.7,74,6.067212
8874,My Best Friend's Wedding,1997-06-19,1997,06 Jun,1) Summer (May-Jul),38000000.0,299288605.0,261288605.0,7.876015921052631,1.0,1,Q3,3) 6.0-6.9,6.3,584,15.401855
11467,America's Sweethearts,2001-07-17,2001,07 Jul,1) Summer (May-Jul),,,,,,0,,2) 5.0-5.9,5.5,252,10.698929
320,Insomnia,2002-05-24,2002,05 May,1) Summer (May-Jul),46000000.0,113714830.0,67714830.0,2.4720615217391306,1.0,1,Q3,3) 6.0-6.9,6.8,1148,41.322708
199,Star Trek: First Contact,1996-11-21,1996,11 Nov,2) Holiday (Nov-Dec),46000000.0,150000000.0,104000000.0,3.260869565217391,1.0,1,Q3,4) 7.0 and above,7.0,661,25.6713
20533,Jonah Hex,2010-06-18,2010,06 Jun,1) Summer (May-Jul),47000000.0,10539000.0,-36461000.0,0.2242340425531915,0.0,1,Q3,1) Below 5.0,4.4,420,22.581313
10684,Courage Under Fire,1996-07-04,1996,07 Jul,1) Summer (May-Jul),46000000.0,100860818.0,54860818.0,2.1926264782608698,1.0,1,Q3,3) 6.0-6.9,6.2,232,12.971122
1624,Liar Liar,1997-03-21,1997,03 Mar,3) Other months,45000000.0,181000000.0,136000000.0,4.022222222222222,1.0,1,Q3,3) 6.0-6.9,6.4,1424,26.721386
325789,The Infiltrator,2016-07-13,2016,07 Jul,1) Summer (May-Jul),25000000.0,15436808.0,-9563192.0,0.61747232,0.0,1,Q2,3) 6.0-6.9,6.6,573,24.672234
113464,Inchon,1981-05-04,1981,05 May,1) Summer (May-Jul),46000000.0,5200000.0,-40800000.0,0.11304347826086956,0.0,1,Q3,,6.5,2,0.146783
888,The Flintstones,1994-05-26,1994,05 May,1) Summer (May-Jul),46000000.0,341631208.0,295631208.0,7.426765391304348,1.0,1,Q3,2) 5.0-5.9,5.0,543,28.964162
82675,Taken 2,2012-09-27,2012,09 Sep,3) Other months,45000000.0,376141306.0,331141306.0,8.358695688888888,1.0,1,Q3,3) 6.0-6.9,6.1,2757,49.353524
4256,Scary Movie 3,2003-10-24,2003,10 Oct,3) Other months,48000000.0,220673217.0,172673217.0,4.5973586875,1.0,1,Q3,2) 5.0-5.9,5.8,912,36.585509
1493,Miss Congeniality,2000-12-14,2000,12 Dec,2) Holiday (Nov-Dec),45000000.0,212000000.0,167000000.0,4.711111111111111,1.0,1,Q3,3) 6.0-6.9,6.1,961,32.624355
88751,Journey to the Center of the Earth,2008-07-10,2008,07 Jul,1) Summer (May-Jul),45000000.0,101702060.0,56702060.0,2.2600457777777776,1.0,1,Q3,2) 5.0-5.9,5.8,1309,53.090422
11130,The Princess Diaries 2: Royal Engagement,2004-08-06,2004,08 Aug,3) Other months,40000000.0,95149435.0,55149435.0,2.378735875,1.0,1,Q3,3) 6.0-6.9,6.0,697,30.002907
9944,The Pelican Brief,1993-12-16,1993,12 Dec,2) Holiday (Nov-Dec),45000000.0,195268056.0,150268056.0,4.339290133333333,1.0,1,Q3,3) 6.0-6.9,6.3,371,17.923254
10731,The Client,1994-07-20,1994,07 Jul,1) Summer (May-Jul),45000000.0,117615211.0,72615211.0,2.6136713555555557,1.0,1,Q3,3) 6.0-6.9,6.4,278,17.746719
7350,The Bucket List,2007-12-25,2007,12 Dec,2) Holiday (Nov-Dec),45000000.0,175372502.0,130372502.0,3.8971667111111112,1.0,1,Q3,4) 7.0 and above,7.0,1111,31.305336
9869,Patriot Games,1992-06-04,1992,06 Jun,1) Summer (May-Jul),45000000.0,178051587.0,133051587.0,3.9567019333333335,1.0,1,Q3,3) 6.0-6.9,6.3,433,19.637704
4379,Monster-in-Law,2005-05-13,2005,05 May,1) Summer (May-Jul),43000000.0,154749918.0,111749918.0,3.5988353023255812,1.0,1,Q3,2) 5.0-5.9,5.6,406,10.411996
146233,Prisoners,2013-09-18,2013,09 Sep,3) Other months,46000000.0,122126687.0,76126687.0,2.6549279782608695,1.0,1,Q3,4) 7.0 and above,7.9,3085,88.496873
2034,Training Day,2001-10-05,2001,10 Oct,3) Other months,45000000.0,104876233.0,59876233.0,2.3305829555555557,1.0,1,Q3,4) 7.0 and above,7.3,1634,52.081131
926,Galaxy Quest,1999-12-23,1999,12 Dec,2) Holiday (Nov-Dec),45000000.0,90683916.0,45683916.0,2.0151981333333335,1.0,1,Q3,3) 6.0-6.9,6.9,710,30.816341
4248,Scary Movie 2,2001-07-04,2001,07 Jul,1) Summer (May-Jul),45000000.0,141220678.0,96220678.0,3.138237288888889,1.0,1,Q3,2) 5.0-5.9,5.4,982,35.376971
64328,The Muppets,2011-11-22,2011,11 Nov,2) Holiday (Nov-Dec),45000000.0,165184237.0,120184237.0,3.6707608222222223,1.0,1,Q3,3) 6.0-6.9,6.5,501,17.047276
36647,Blade,1998-08-21,1998,08 Aug,3) Other months,45000000.0,131183530.0,86183530.0,2.9151895555555556,1.0,1,Q3,3) 6.0-6.9,6.5,1905,43.815492
7214,Coach Carter,2005-01-14,2005,01 Jan,3) Other months,30000000.0,76669806.0,46669806.0,2.5556602,1.0,1,Q3,4) 7.0 and above,7.3,496,23.234651
1537,Changing Lanes,2002-04-07,2002,04 Apr,3) Other months,45000000.0,94935764.0,49935764.0,2.1096836444444445,1.0,1,Q3,2) 5.0-5.9,5.9,299,17.270539
9360,Anaconda,1997-04-11,1997,04 Apr,3) Other months,45000000.0,136885767.0,91885767.0,3.041905933333333,1.0,1,Q3,1) Below 5.0,4.7,610,27.684779
6282,Coyote Ugly,2000-07-30,2000,07 Jul,1) Summer (May-Jul),45000000.0,113916474.0,68916474.0,2.5314772,1.0,1,Q3,2) 5.0-5.9,5.8,575,26.79781
508,Love Actually,2003-09-07,2003,09 Sep,3) Other months,40000000.0,244931766.0,204931766.0,6.12329415,1.0,1,Q3,4) 7.0 and above,7.0,1869,37.073127
9487,A Bug's Life,1998-11-25,1998,11 Nov,2) Holiday (Nov-Dec),120000000.0,363258859.0,243258859.0,3.0271571583333334,1.0,1,Q4 (highest),3) 6.0-6.9,6.8,2303,87.350802
768,From Hell,2001-10-19,2001,10 Oct,3) Other months,35000000.0,74558115.0,39558115.0,2.1302318571428573,1.0,1,Q3,3) 6.0-6.9,6.6,741,26.134678
2636,The Specialist,1994-10-07,1994,10 Oct,3) Other months,45000000.0,170362582.0,125362582.0,3.7858351555555556,1.0,1,Q3,2) 5.0-5.9,5.5,313,16.582709
10478,Tin Cup,1996-08-16,1996,08 Aug,3) Other months,45000000.0,53854588.0,8854588.0,1.1967686222222222,1.0,1,Q3,2) 5.0-5.9,5.9,150,10.731574
27983,"Yours, Mine and Ours",1968-04-24,1968,04 Apr,3) Other months,,,,,,0,,3) 6.0-6.9,6.2,26,2.094151
9981,Kicking & Screaming,2005-05-13,2005,05 May,1) Summer (May-Jul),45000000.0,56070433.0,11070433.0,1.2460096222222221,1.0,1,Q3,2) 5.0-5.9,5.6,176,8.99269
7453,The Hitchhiker's Guide to the Galaxy,2005-01-15,2005,01 Jan,3) Other months,50000000.0,104478416.0,54478416.0,2.08956832,1.0,1,Q3,3) 6.0-6.9,6.6,1315,51.742065
15045,Fat Albert,2004-12-12,2004,12 Dec,2) Holiday (Nov-Dec),,,,,,0,,1) Below 5.0,4.3,69,7.157635
7737,Resident Evil: Extinction,2007-09-20,2007,09 Sep,3) Other months,45000000.0,148412065.0,103412065.0,3.298045888888889,1.0,1,Q3,3) 6.0-6.9,6.1,1292,12.06538
232672,Blended,2014-05-21,2014,05 May,1) Summer (May-Jul),40000000.0,123494610.0,83494610.0,3.08736525,1.0,1,Q3,3) 6.0-6.9,6.6,1006,44.120328
17379,Last Holiday,2006-01-13,2006,01 Jan,3) Other months,45000000.0,38399961.0,-6600039.0,0.8533324666666666,0.0,1,Q3,3) 6.0-6.9,6.4,119,6.156015
8987,The River Wild,1994-09-30,1994,09 Sep,3) Other months,45000000.0,,,,,0,,3) 6.0-6.9,6.1,210,12.362876
11359,The Indian in the Cupboard,1995-07-14,1995,07 Jul,1) Summer (May-Jul),45000000.0,,,,,0,,2) 5.0-5.9,5.9,134,11.095914
82525,Savages,2012-07-06,2012,07 Jul,1) Summer (May-Jul),45000000.0,82966152.0,37966152.0,1.8436922666666666,1.0,1,Q3,3) 6.0-6.9,6.2,766,31.856589
9759,Cellular,2004-09-06,2004,09 Sep,3) Other months,25000000.0,56422687.0,31422687.0,2.25690748,1.0,1,Q2,3) 6.0-6.9,6.1,537,24.459948
9486,Johnny English,2003-04-06,2003,04 Apr,3) Other months,40000000.0,160583018.0,120583018.0,4.01457545,1.0,1,Q3,3) 6.0-6.9,6.0,852,28.029015
9906,The Ant Bully,2006-07-27,2006,07 Jul,1) Summer (May-Jul),50000000.0,55181129.0,5181129.0,1.10362258,1.0,1,Q3,2) 5.0-5.9,5.5,366,20.239061
841,Dune,1984-12-14,1984,12 Dec,2) Holiday (Nov-Dec),40000000.0,30925690.0,-9074310.0,0.77314225,0.0,1,Q3,3) 6.0-6.9,6.5,562,25.876582
4688,Across the Universe,2007-09-14,2007,09 Sep,3) Other months,,,,,,0,,4) 7.0 and above,7.1,410,11.872841
4148,Revolutionary Road,2008-12-19,2008,12 Dec,2) Holiday (Nov-Dec),35000000.0,75225693.0,40225693.0,2.1493055142857145,1.0,1,Q3,3) 6.0-6.9,6.7,796,20.360549
2207,16 Blocks,2006-03-01,2006,03 Mar,3) Other months,55000000.0,65664721.0,10664721.0,1.1939040181818181,1.0,1,Q3,3) 6.0-6.9,6.2,661,32.31022
9381,Babylon A.D.,2008-08-20,2008,08 Aug,3) Other months,70000000.0,72108608.0,2108608.0,1.0301229714285713,1.0,1,Q4 (highest),2) 5.0-5.9,5.4,676,27.568194
9625,The Glimmer Man,1996-10-04,1996,10 Oct,3) Other months,45000000.0,,,,,0,,1) Below 5.0,4.7,100,6.250282
9304,Multiplicity,1996-07-19,1996,07 Jul,1) Summer (May-Jul),45000000.0,,,,,0,,2) 5.0-5.9,5.5,154,11.120344
20856,Aliens in the Attic,2009-07-31,2009,07 Jul,1) Summer (May-Jul),45000000.0,57881056.0,12881056.0,1.286245688888889,1.0,1,Q3,2) 5.0-5.9,5.3,244,13.707183
5955,The Pledge,2001-01-09,2001,01 Jan,3) Other months,35000000.0,29400000.0,-5600000.0,0.84,0.0,1,Q3,3) 6.0-6.9,6.5,215,12.495436
9899,The Producers,2005-12-25,2005,12 Dec,2) Holiday (Nov-Dec),45000000.0,38058335.0,-6941665.0,0.8457407777777778,0.0,1,Q3,3) 6.0-6.9,6.1,151,6.803965
9826,The Phantom,1996-06-06,1996,06 Jun,1) Summer (May-Jul),45000000.0,17300889.0,-27699111.0,0.3844642,0.0,1,Q3,1) Below 5.0,4.7,136,9.025236
21355,All the Pretty Horses,2000-12-11,2000,12 Dec,2) Holiday (Nov-Dec),57000000.0,,,,,0,,2) 5.0-5.9,5.8,60,7.524671
10858,Nixon,1995-12-22,1995,12 Dec,2) Holiday (Nov-Dec),44000000.0,13681765.0,-30318235.0,0.31094920454545455,0.0,1,Q3,4) 7.0 and above,7.1,71,3.770161
11439,The Ghost Writer,2010-02-12,2010,02 Feb,3) Other months,45000000.0,60222298.0,15222298.0,1.3382732888888889,1.0,1,Q3,3) 6.0-6.9,6.7,670,21.118196
9457,Deep Rising,1998-01-30,1998,01 Jan,3) Other months,45000000.0,11203026.0,-33796974.0,0.24895613333333333,0.0,1,Q3,3) 6.0-6.9,6.0,154,6.513856
12412,Miracle at St. Anna,2008-09-15,2008,09 Sep,3) Other months,45000000.0,9323833.0,-35676167.0,0.20719628888888889,0.0,1,Q3,3) 6.0-6.9,6.3,90,11.387408
1494,Curse of the Golden Flower,2006-12-21,2006,12 Dec,2) Holiday (Nov-Dec),110.0,,,,,0,,3) 6.0-6.9,6.6,203,9.950505
13184,Bangkok Dangerous,2008-08-21,2008,08 Aug,3) Other months,45000000.0,42487390.0,-2512610.0,0.9441642222222222,0.0,1,Q3,2) 5.0-5.9,5.0,332,14.813057
2185,Big Trouble,2002-04-05,2002,04 Apr,3) Other months,40000000.0,8493890.0,-31506110.0,0.21234725,0.0,1,Q3,3) 6.0-6.9,6.3,80,5.201688
6639,Love in the Time of Cholera,2007-10-04,2007,10 Oct,3) Other months,45000000.0,4607608.0,-40392392.0,0.10239128888888889,0.0,1,Q3,3) 6.0-6.9,6.4,81,5.361699
38153,Shadow Conspiracy,1997-01-31,1997,01 Jan,3) Other months,45000000.0,2154540.0,-42845460.0,0.04787866666666667,0.0,1,Q3,1) Below 5.0,4.0,11,3.848893
58233,Johnny English Reborn,2011-09-15,2011,09 Sep,3) Other months,45000000.0,160078586.0,115078586.0,3.5573019111111113,1.0,1,Q3,3) 6.0-6.9,6.0,1007,35.6585
116977,Foodfight!,2012-06-15,2012,06 Jun,1) Summer (May-Jul),65000000.0,73706.0,-64926294.0,0.0011339384615384614,0.0,1,Q4 (highest),1) Below 5.0,2.3,28,5.258726
68734,Argo,2012-10-11,2012,10 Oct,3) Other months,44500000.0,232324128.0,187824128.0,5.220766921348314,1.0,1,Q3,4) 7.0 and above,7.1,3423,62.01056
5503,The Fugitive,1993-08-06,1993,08 Aug,3) Other months,44000000.0,368875760.0,324875760.0,8.38354,1.0,1,Q3,4) 7.0 and above,7.2,1220,54.884297
27573,The Bounty Hunter,2010-03-16,2010,03 Mar,3) Other months,40000000.0,136000000.0,96000000.0,3.4,1.0,1,Q3,2) 5.0-5.9,5.5,858,33.747825
819,Sleepers,1996-10-18,1996,10 Oct,3) Other months,44000000.0,165615285.0,121615285.0,3.76398375,1.0,1,Q3,4) 7.0 and above,7.3,715,16.245068
1369,Rambo: First Blood Part II,1985-05-21,1985,05 May,1) Summer (May-Jul),44000000.0,300400432.0,256400432.0,6.827282545454546,1.0,1,Q3,3) 6.0-6.9,6.3,864,38.653969
9623,The Juror,1996-02-02,1996,02 Feb,3) Other months,44000000.0,,,,,0,,2) 5.0-5.9,5.5,89,3.937352
10895,Pinocchio,1940-02-23,1940,02 Feb,3) Other months,2600000.0,84300000.0,81700000.0,32.42307692307692,1.0,1,Q1 (lowest),3) 6.0-6.9,6.9,1355,46.007991
10935,Heaven's Gate,1980-11-19,1980,11 Nov,2) Holiday (Nov-Dec),44000000.0,3484331.0,-40515669.0,0.07918934090909091,0.0,1,Q3,3) 6.0-6.9,6.4,55,5.380124
834,Underworld: Evolution,2006-01-12,2006,01 Jan,3) Other months,50000000.0,111340801.0,61340801.0,2.22681602,1.0,1,Q3,3) 6.0-6.9,6.4,1528,49.020045
228066,Victor Frankenstein,2015-11-10,2015,11 Nov,2) Holiday (Nov-Dec),40000000.0,34227298.0,-5772702.0,0.85568245,0.0,1,Q3,2) 5.0-5.9,5.6,685,24.821138
711,Finding Forrester,2000-12-21,2000,12 Dec,2) Holiday (Nov-Dec),43000000.0,80049764.0,37049764.0,1.861622418604651,1.0,1,Q3,4) 7.0 and above,7.0,302,19.043286
10468,28 Days,2000-04-06,2000,04 Apr,3) Other months,43000000.0,,,,,0,,3) 6.0-6.9,6.0,208,5.418921
10027,Unleashed,2005-02-02,2005,02 Feb,3) Other months,45000000.0,50871113.0,5871113.0,1.1304691777777778,1.0,1,Q3,3) 6.0-6.9,6.6,518,25.999888
11812,The Sweetest Thing,2002-04-12,2002,04 Apr,3) Other months,43000000.0,68696770.0,25696770.0,1.5975993023255814,1.0,1,Q3,2) 5.0-5.9,5.3,280,18.65632
37233,The Firm,1993-06-30,1993,06 Jun,1) Summer (May-Jul),42000000.0,270248367.0,228248367.0,6.434484928571429,1.0,1,Q3,3) 6.0-6.9,6.6,501,23.736535
37950,Charlie St. Cloud,2010-05-01,2010,05 May,1) Summer (May-Jul),44000000.0,48190704.0,4190704.0,1.0952432727272727,1.0,1,Q3,3) 6.0-6.9,6.8,566,21.75433
27582,The Mechanic,2011-01-13,2011,01 Jan,3) Other months,40000000.0,51070807.0,11070807.0,1.276770175,1.0,1,Q3,3) 6.0-6.9,6.3,1045,44.094856
64688,21 Jump Street,2012-03-12,2012,03 Mar,3) Other months,42000000.0,201585328.0,159585328.0,4.7996506666666665,1.0,1,Q3,3) 6.0-6.9,6.7,4074,62.714026
509,Notting Hill,1999-05-13,1999,05 May,1) Summer (May-Jul),42000000.0,363889678.0,321889678.0,8.664039952380952,1.0,1,Q3,4) 7.0 and above,7.0,1262,28.969151
7443,Chicken Run,2000-06-21,2000,06 Jun,1) Summer (May-Jul),45000000.0,224834564.0,179834564.0,4.996323644444445,1.0,1,Q3,3) 6.0-6.9,6.5,1150,31.789029
5966,Along Came Polly,2004-01-16,2004,01 Jan,3) Other months,42000000.0,171963386.0,129963386.0,4.094366333333333,1.0,1,Q3,2) 5.0-5.9,5.8,773,33.238296
11066,Boomerang,1992-06-30,1992,06 Jun,1) Summer (May-Jul),40000000.0,70100000.0,30100000.0,1.7525,1.0,1,Q3,2) 5.0-5.9,5.4,134,6.420434
136795,The Heat,2013-06-27,2013,06 Jun,1) Summer (May-Jul),43000000.0,158674180.0,115674180.0,3.6900972093023254,1.0,1,Q3,3) 6.0-6.9,6.5,1575,37.654688
8095,Cleopatra,1963-06-12,1963,06 Jun,1) Summer (May-Jul),31115000.0,71000000.0,39885000.0,2.2818576249397395,1.0,1,Q3,3) 6.0-6.9,6.7,146,13.244365
87826,Here Comes the Boom,2012-10-11,2012,10 Oct,3) Other months,,73100172.0,,,,0,,3) 6.0-6.9,6.0,593,26.799913
11560,High Crimes,2002-04-03,2002,04 Apr,3) Other months,42000000.0,63781810.0,21781810.0,1.5186145238095239,1.0,1,Q3,3) 6.0-6.9,6.1,184,14.046705
25189,The Mirror Has Two Faces,1996-11-15,1996,11 Nov,2) Holiday (Nov-Dec),42000000.0,,,,,0,,3) 6.0-6.9,6.5,47,3.844926
2637,The Mothman Prophecies,2002-01-25,2002,01 Jan,3) Other months,32000000.0,55157539.0,23157539.0,1.72367309375,1.0,1,Q3,3) 6.0-6.9,6.1,305,14.733513
18480,Brüno,2009-07-08,2009,07 Jul,1) Summer (May-Jul),42000000.0,,,,,0,,2) 5.0-5.9,5.4,518,16.122168
709,Licence to Kill,1989-07-07,1989,07 Jul,1) Summer (May-Jul),32000000.0,156167015.0,124167015.0,4.88021921875,1.0,1,Q3,2) 5.0-5.9,5.9,541,28.22119
49730,Red Riding Hood,2011-03-11,2011,03 Mar,3) Other months,42000000.0,89162162.0,47162162.0,2.122908619047619,1.0,1,Q3,2) 5.0-5.9,5.6,922,45.151657
2749,15 Minutes,2001-03-01,2001,03 Mar,3) Other months,60000000.0,56359980.0,-3640020.0,0.939333,0.0,1,Q4 (highest),2) 5.0-5.9,5.7,191,15.205371
9607,Super Mario Bros.,1993-05-28,1993,05 May,1) Summer (May-Jul),48000000.0,20915465.0,-27084535.0,0.4357388541666667,0.0,1,Q3,1) Below 5.0,4.0,232,14.587367
1830,Lord of War,2005-09-16,2005,09 Sep,3) Other months,42000000.0,24127895.0,-17872105.0,0.5744736904761905,0.0,1,Q3,4) 7.0 and above,7.0,1335,34.828241
79,Hero,2002-12-19,2002,12 Dec,2) Holiday (Nov-Dec),31000000.0,177394432.0,146394432.0,5.722401032258064,1.0,1,Q3,4) 7.0 and above,7.2,635,23.607392
54054,One for the Money,2012-01-26,2012,01 Jan,3) Other months,40000000.0,36893721.0,-3106279.0,0.922343025,0.0,1,Q3,2) 5.0-5.9,5.3,388,19.438503
228967,The Interview,2014-12-25,2014,12 Dec,2) Holiday (Nov-Dec),44000000.0,12342632.0,-31657368.0,0.2805143636363636,0.0,1,Q3,3) 6.0-6.9,6.1,2304,74.168016
46528,The Warrior's Way,2010-12-02,2010,12 Dec,2) Holiday (Nov-Dec),42000000.0,11087569.0,-30912431.0,0.26398973809523807,0.0,1,Q3,3) 6.0-6.9,6.3,136,7.349497
27936,Micmacs,2009-10-28,2009,10 Oct,3) Other months,33000000.0,14000000.0,-19000000.0,0.42424242424242425,0.0,1,Q3,3) 6.0-6.9,6.8,148,7.663515
65,8 Mile,2002-11-08,2002,11 Nov,2) Holiday (Nov-Dec),41000000.0,215000000.0,174000000.0,5.2439024390243905,1.0,1,Q3,3) 6.0-6.9,6.8,1626,32.798571
280391,Why I Did (Not) Eat My Father,2015-04-08,2015,04 Apr,3) Other months,,,,,,0,,2) 5.0-5.9,5.3,125,5.794466
9476,A Knight's Tale,2001-05-11,2001,05 May,1) Summer (May-Jul),65000000.0,117487473.0,52487473.0,1.8074995846153845,1.0,1,Q4 (highest),3) 6.0-6.9,6.6,907,36.670399
10610,The Medallion,2003-08-15,2003,08 Aug,3) Other months,41000000.0,,,,,0,,2) 5.0-5.9,5.3,281,14.653718
745,The Sixth Sense,1999-08-06,1999,08 Aug,3) Other months,40000000.0,672806292.0,632806292.0,16.8201573,1.0,1,Q3,4) 7.0 and above,7.7,3147,73.085576
49527,Man on a Ledge,2012-01-13,2012,01 Jan,3) Other months,42000000.0,46221189.0,4221189.0,1.1005045,1.0,1,Q3,3) 6.0-6.9,6.2,925,34.041407
73937,The Big Year,2011-10-13,2011,10 Oct,3) Other months,41000000.0,7448385.0,-33551615.0,0.1816679268292683,0.0,1,Q3,2) 5.0-5.9,5.6,248,9.419726
1885,The Karate Kid,1984-06-22,1984,06 Jun,1) Summer (May-Jul),8000000.0,90815558.0,82815558.0,11.35194475,1.0,1,Q1 (lowest),3) 6.0-6.9,6.9,891,28.456572
168672,American Hustle,2013-12-12,2013,12 Dec,2) Holiday (Nov-Dec),40000000.0,251171807.0,211171807.0,6.279295175,1.0,1,Q3,3) 6.0-6.9,6.8,2807,49.664128
18240,The Proposal,2009-06-01,2009,06 Jun,1) Summer (May-Jul),40000000.0,317375031.0,277375031.0,7.934375775,1.0,1,Q3,3) 6.0-6.9,6.7,1804,36.238968
10398,Double Jeopardy,1999-09-24,1999,09 Sep,3) Other months,70000000.0,177841558.0,107841558.0,2.5405936857142857,1.0,1,Q4 (highest),3) 6.0-6.9,6.2,278,19.439386
165,Back to the Future Part II,1989-11-20,1989,11 Nov,2) Holiday (Nov-Dec),40000000.0,332000000.0,292000000.0,8.3,1.0,1,Q3,4) 7.0 and above,7.4,3829,43.345252
240832,Lucy,2014-07-14,2014,07 Jul,1) Summer (May-Jul),40000000.0,126546825.0,86546825.0,3.163670625,1.0,1,Q3,3) 6.0-6.9,6.3,5878,115.241998
216015,Fifty Shades of Grey,2015-02-11,2015,02 Feb,3) Other months,40000000.0,571006128.0,531006128.0,14.2751532,1.0,1,Q3,2) 5.0-5.9,5.2,3254,98.755657
12279,Spy Kids 3-D: Game Over,2003-07-25,2003,07 Jul,1) Summer (May-Jul),38000000.0,197011982.0,159011982.0,5.184525842105264,1.0,1,Q3,1) Below 5.0,4.7,511,21.998734
1645,A Time to Kill,1996-07-24,1996,07 Jul,1) Summer (May-Jul),40000000.0,152266007.0,112266007.0,3.806650175,1.0,1,Q3,4) 7.0 and above,7.0,509,25.219805
11007,Cheaper by the Dozen,2003-12-24,2003,12 Dec,2) Holiday (Nov-Dec),40000000.0,190212113.0,150212113.0,4.755302825,1.0,1,Q3,3) 6.0-6.9,6.0,699,26.516624
193756,Lone Survivor,2013-12-24,2013,12 Dec,2) Holiday (Nov-Dec),40000000.0,149295601.0,109295601.0,3.732390025,1.0,1,Q3,4) 7.0 and above,7.4,1526,37.084384
11287,A League of Their Own,1992-07-01,1992,07 Jul,1) Summer (May-Jul),40000000.0,107458785.0,67458785.0,2.686469625,1.0,1,Q3,3) 6.0-6.9,6.7,354,21.661028
259693,The Conjuring 2,2016-05-13,2016,05 May,1) Summer (May-Jul),40000000.0,320170008.0,280170008.0,8.0042502,1.0,1,Q3,4) 7.0 and above,7.0,1949,68.794673
37799,The Social Network,2010-09-30,2010,09 Sep,3) Other months,40000000.0,224920315.0,184920315.0,5.623007875,1.0,1,Q3,4) 7.0 and above,7.1,3391,69.27822
10184,He's Just Not That Into You,2009-02-06,2009,02 Feb,3) Other months,40000000.0,177259441.0,137259441.0,4.431486025,1.0,1,Q3,3) 6.0-6.9,6.2,959,26.253357
4257,Scary Movie 4,2006-04-13,2006,04 Apr,3) Other months,45000000.0,178262620.0,133262620.0,3.9613915555555557,1.0,1,Q3,2) 5.0-5.9,5.3,750,32.549282
4234,Scream 3,2000-02-03,2000,02 Feb,3) Other months,40000000.0,161834276.0,121834276.0,4.0458569,1.0,1,Q3,2) 5.0-5.9,5.7,736,24.992057
196,Back to the Future Part III,1990-05-25,1990,05 May,1) Summer (May-Jul),40000000.0,244527583.0,204527583.0,6.113189575,1.0,1,Q3,4) 7.0 and above,7.1,2900,45.769562
257091,Get Hard,2015-03-26,2015,03 Mar,3) Other months,40000000.0,111811453.0,71811453.0,2.795286325,1.0,1,Q3,2) 5.0-5.9,5.9,944,36.301202
6114,Dracula,1992-11-13,1992,11 Nov,2) Holiday (Nov-Dec),40000000.0,215862692.0,175862692.0,5.3965673,1.0,1,Q3,4) 7.0 and above,7.1,1056,45.022964
24803,Julie & Julia,2009-08-06,2009,08 Aug,3) Other months,40000000.0,129540499.0,89540499.0,3.238512475,1.0,1,Q3,3) 6.0-6.9,6.6,560,22.853006
109410,42,2013-04-12,2013,04 Apr,3) Other months,40000000.0,95020213.0,55020213.0,2.375505325,1.0,1,Q3,3) 6.0-6.9,6.8,787,31.884559
1213,The Talented Mr. Ripley,1999-12-25,1999,12 Dec,2) Holiday (Nov-Dec),40000000.0,128798265.0,88798265.0,3.219956625,1.0,1,Q3,4) 7.0 and above,7.0,767,31.385257
100042,Dumb and Dumber To,2014-11-12,2014,11 Nov,2) Holiday (Nov-Dec),40000000.0,169837010.0,129837010.0,4.24592525,1.0,1,Q3,2) 5.0-5.9,5.4,1127,67.767785
9036,Eight Below,2006-02-17,2006,02 Feb,3) Other months,40000000.0,120455994.0,80455994.0,3.01139985,1.0,1,Q3,3) 6.0-6.9,6.7,542,24.287306
257211,The Intern,2015-09-24,2015,09 Sep,3) Other months,35000000.0,194564672.0,159564672.0,5.558990628571428,1.0,1,Q3,4) 7.0 and above,7.1,1881,53.114573
323675,Ride Along 2,2016-01-14,2016,01 Jan,3) Other months,40000000.0,124827316.0,84827316.0,3.1206829,1.0,1,Q3,3) 6.0-6.9,6.1,555,25.136082
9361,The Last of the Mohicans,1992-09-25,1992,09 Sep,3) Other months,40000000.0,75505856.0,35505856.0,1.8876464,1.0,1,Q3,4) 7.0 and above,7.1,732,37.776566
1677,Ray,2004-10-29,2004,10 Oct,3) Other months,40000000.0,124731534.0,84731534.0,3.11828835,1.0,1,Q3,4) 7.0 and above,7.2,467,21.743321
187,Sin City,2005-04-01,2005,04 Apr,3) Other months,40000000.0,158733820.0,118733820.0,3.9683455,1.0,1,Q3,4) 7.0 and above,7.2,2691,66.003433
7461,Vantage Point,2008-02-01,2008,02 Feb,3) Other months,40000000.0,151161491.0,111161491.0,3.779037275,1.0,1,Q3,3) 6.0-6.9,6.2,716,24.862767
16538,"I Love You, Man",2009-03-20,2009,03 Mar,3) Other months,41000000.0,91636986.0,50636986.0,2.23504843902439,1.0,1,Q3,3) 6.0-6.9,6.5,515,25.391899
9889,Shallow Hal,2001-11-01,2001,11 Nov,2) Holiday (Nov-Dec),40000000.0,141069860.0,101069860.0,3.5267465,1.0,1,Q3,2) 5.0-5.9,5.7,731,29.854773
820,JFK,1991-12-20,1991,12 Dec,2) Holiday (Nov-Dec),40000000.0,205405498.0,165405498.0,5.13513745,1.0,1,Q3,4) 7.0 and above,7.5,502,26.82041
11565,Big Momma's House 2,2006-01-26,2006,01 Jan,3) Other months,40000000.0,138259062.0,98259062.0,3.45647655,1.0,1,Q3,2) 5.0-5.9,5.4,371,17.61292
6073,The Mexican,2001-03-01,2001,03 Mar,3) Other months,57000000.0,147845033.0,90845033.0,2.59377250877193,1.0,1,Q4 (highest),2) 5.0-5.9,5.8,441,21.021809
16996,17 Again,2009-03-11,2009,03 Mar,3) Other months,20000000.0,136267476.0,116267476.0,6.8133738,1.0,1,Q2,3) 6.0-6.9,6.1,1350,52.571674
193610,The Other Woman,2014-04-16,2014,04 Apr,3) Other months,40000000.0,196781193.0,156781193.0,4.919529825,1.0,1,Q3,3) 6.0-6.9,6.2,1437,34.519636
19912,The Final Destination,2009-08-26,2009,08 Aug,3) Other months,40000000.0,186167139.0,146167139.0,4.654178475,1.0,1,Q3,2) 5.0-5.9,5.4,831,32.478077
296098,Bridge of Spies,2015-10-15,2015,10 Oct,3) Other months,40000000.0,165478348.0,125478348.0,4.1369587,1.0,1,Q3,4) 7.0 and above,7.2,2583,48.445978
8007,Behind Enemy Lines,2001-11-17,2001,11 Nov,2) Holiday (Nov-Dec),40000000.0,91753202.0,51753202.0,2.29383005,1.0,1,Q3,3) 6.0-6.9,6.0,457,24.012986
32823,Get Him to the Greek,2010-06-04,2010,06 Jun,1) Summer (May-Jul),40000000.0,90029656.0,50029656.0,2.2507414,1.0,1,Q3,2) 5.0-5.9,5.9,612,17.869443
4380,Shall We Dance?,2004-10-15,2004,10 Oct,3) Other months,50000000.0,170128460.0,120128460.0,3.4025692,1.0,1,Q3,2) 5.0-5.9,5.9,297,14.231899
11551,Small Soldiers,1998-07-10,1998,07 Jul,1) Summer (May-Jul),40000000.0,54682547.0,14682547.0,1.367063675,1.0,1,Q3,3) 6.0-6.9,6.2,511,23.088571
10336,Spawn,1997-07-31,1997,07 Jul,1) Summer (May-Jul),40000000.0,87840042.0,47840042.0,2.19600105,1.0,1,Q3,2) 5.0-5.9,5.0,336,19.833664
11362,The Count of Monte Cristo,2002-01-23,2002,01 Jan,3) Other months,35000000.0,75395048.0,40395048.0,2.1541442285714285,1.0,1,Q3,4) 7.0 and above,7.3,453,26.595983
50348,The Lincoln Lawyer,2011-03-17,2011,03 Mar,3) Other months,40000000.0,85412898.0,45412898.0,2.13532245,1.0,1,Q3,4) 7.0 and above,7.0,902,26.072228
48138,Unknown,2011-02-16,2011,02 Feb,3) Other months,30000000.0,130786397.0,100786397.0,4.359546566666666,1.0,1,Q3,3) 6.0-6.9,6.5,1265,38.643914
1124,The Prestige,2006-10-19,2006,10 Oct,3) Other months,40000000.0,109676311.0,69676311.0,2.741907775,1.0,1,Q3,4) 7.0 and above,8.0,4391,74.440708
227159,Horrible Bosses 2,2014-11-26,2014,11 Nov,2) Holiday (Nov-Dec),42000000.0,107670357.0,65670357.0,2.5635799285714285,1.0,1,Q3,3) 6.0-6.9,6.1,1536,82.185281
68179,Escape from Planet Earth,2013-02-14,2013,02 Feb,3) Other months,40000000.0,74597643.0,34597643.0,1.864941075,1.0,1,Q3,2) 5.0-5.9,5.7,332,18.14218
1579,Apocalypto,2006-12-07,2006,12 Dec,2) Holiday (Nov-Dec),40000000.0,120175290.0,80175290.0,3.00438225,1.0,1,Q3,4) 7.0 and above,7.3,1221,41.570047
708,The Living Daylights,1987-06-29,1987,06 Jun,1) Summer (May-Jul),40000000.0,191185897.0,151185897.0,4.779647425,1.0,1,Q3,3) 6.0-6.9,6.2,440,23.331459
34851,Predators,2010-07-03,2010,07 Jul,1) Summer (May-Jul),40000000.0,126248813.0,86248813.0,3.156220325,1.0,1,Q3,3) 6.0-6.9,6.0,1206,47.649554
9930,Legal Eagles,1986-06-18,1986,06 Jun,1) Summer (May-Jul),,,,,,0,,2) 5.0-5.9,5.8,51,7.519433
1586,Secret Window,2004-03-12,2004,03 Mar,3) Other months,40000000.0,92913171.0,52913171.0,2.322829275,1.0,1,Q3,3) 6.0-6.9,6.4,972,32.908414
2044,The Lake House,2006-06-16,2006,06 Jun,1) Summer (May-Jul),40000000.0,114830111.0,74830111.0,2.870752775,1.0,1,Q3,3) 6.0-6.9,6.5,670,29.88736
9913,The Skeleton Key,2005-07-29,2005,07 Jul,1) Summer (May-Jul),43000000.0,91974818.0,48974818.0,2.1389492558139533,1.0,1,Q3,3) 6.0-6.9,6.4,573,29.105407
71864,The Odd Life of Timothy Green,2012-08-15,2012,08 Aug,3) Other months,,51854875.0,,,,0,,3) 6.0-6.9,6.5,386,16.394452
10761,Made of Honor,2008-05-02,2008,05 May,1) Summer (May-Jul),40000000.0,84601681.0,44601681.0,2.115042025,1.0,1,Q3,3) 6.0-6.9,6.0,394,19.574774
209451,Jersey Boys,2014-06-05,2014,06 Jun,1) Summer (May-Jul),40000000.0,67347013.0,27347013.0,1.683675325,1.0,1,Q3,3) 6.0-6.9,6.8,255,14.199933
11975,The Rainmaker,1997-11-18,1997,11 Nov,2) Holiday (Nov-Dec),40000000.0,45916769.0,5916769.0,1.147919225,1.0,1,Q3,3) 6.0-6.9,6.7,235,12.229516
4970,Gothika,2003-11-21,2003,11 Nov,2) Holiday (Nov-Dec),40000000.0,141591324.0,101591324.0,3.5397831,1.0,1,Q3,2) 5.0-5.9,5.8,629,27.303608
11831,Amistad,1997-12-03,1997,12 Dec,2) Holiday (Nov-Dec),36000000.0,74000000.0,38000000.0,2.0555555555555554,1.0,1,Q3,3) 6.0-6.9,6.8,316,3.698276
9096,Medicine Man,1992-02-07,1992,02 Feb,3) Other months,40000000.0,,,,,0,,2) 5.0-5.9,5.8,114,7.021871
440,Aliens vs Predator: Requiem,2007-12-25,2007,12 Dec,2) Holiday (Nov-Dec),40000000.0,41797066.0,1797066.0,1.04492665,1.0,1,Q3,1) Below 5.0,4.9,740,39.381913
11011,Ri¢hie Ri¢h,1994-12-19,1994,12 Dec,2) Holiday (Nov-Dec),40000000.0,,,,,0,,2) 5.0-5.9,5.4,415,14.398356
10641,Autumn in New York,2000-08-11,2000,08 Aug,3) Other months,65000000.0,,,,,0,,2) 5.0-5.9,5.7,135,8.680334
11172,Music and Lyrics,2007-02-09,2007,02 Feb,3) Other months,40000000.0,145896422.0,105896422.0,3.64741055,1.0,1,Q3,3) 6.0-6.9,6.2,554,17.659032
39513,Paul,2011-02-14,2011,02 Feb,3) Other months,40000000.0,97552050.0,57552050.0,2.43880125,1.0,1,Q3,3) 6.0-6.9,6.5,1789,43.151268
82687,The Guilt Trip,2012-12-19,2012,12 Dec,2) Holiday (Nov-Dec),40000000.0,41863726.0,1863726.0,1.04659315,1.0,1,Q3,2) 5.0-5.9,5.4,284,15.283444
41446,Scream 4,2011-04-11,2011,04 Apr,3) Other months,40000000.0,97138686.0,57138686.0,2.42846715,1.0,1,Q3,3) 6.0-6.9,6.1,902,35.21926
8224,8MM,1999-02-26,1999,02 Feb,3) Other months,40000000.0,96618699.0,56618699.0,2.415467475,1.0,1,Q3,3) 6.0-6.9,6.1,474,25.580272
10537,The Doors,1991-03-01,1991,03 Mar,3) Other months,38000000.0,34416893.0,-3583107.0,0.9057077105263158,0.0,1,Q3,3) 6.0-6.9,6.7,275,10.794175
225886,Sex Tape,2014-07-17,2014,07 Jul,1) Summer (May-Jul),40000000.0,126069509.0,86069509.0,3.151737725,1.0,1,Q3,2) 5.0-5.9,5.3,1695,72.641296
10385,Hanging Up,2000-02-16,2000,02 Feb,3) Other months,40000000.0,36037909.0,-3962091.0,0.900947725,0.0,1,Q3,2) 5.0-5.9,5.0,40,3.415534
55779,Final Destination 5,2011-08-12,2011,08 Aug,3) Other months,47000000.0,157887643.0,110887643.0,3.3593115531914894,1.0,1,Q3,2) 5.0-5.9,5.9,866,38.555482
10154,Mickey Blue Eyes,1999-08-16,1999,08 Aug,3) Other months,,,,,,0,,2) 5.0-5.9,5.3,140,6.786117
10647,Pay It Forward,2000-10-12,2000,10 Oct,3) Other months,40000000.0,55707411.0,15707411.0,1.392685275,1.0,1,Q3,4) 7.0 and above,7.0,432,24.313684
11431,Fever Pitch,2005-04-06,2005,04 Apr,3) Other months,30000000.0,50451307.0,20451307.0,1.6817102333333334,1.0,1,Q3,2) 5.0-5.9,5.9,182,9.965073
8457,Drillbit Taylor,2008-03-20,2008,03 Mar,3) Other months,40000000.0,,,,,0,,2) 5.0-5.9,5.5,275,15.055732
188161,A Million Ways to Die in the West,2014-05-22,2014,05 May,1) Summer (May-Jul),,,,,,0,,2) 5.0-5.9,5.8,1468,32.808675
8850,The Shadow,1994-07-01,1994,07 Jul,1) Summer (May-Jul),25000000.0,48063435.0,23063435.0,1.9225374,1.0,1,Q2,2) 5.0-5.9,5.4,138,8.178203
64685,Extremely Loud & Incredibly Close,2011-12-24,2011,12 Dec,2) Holiday (Nov-Dec),40000000.0,55247881.0,15247881.0,1.381197025,1.0,1,Q3,3) 6.0-6.9,6.9,708,31.066874
38357,Morning Glory,2010-01-12,2010,01 Jan,3) Other months,40000000.0,58785180.0,18785180.0,1.4696295,1.0,1,Q3,3) 6.0-6.9,6.1,412,22.491388
10060,Get Rich or Die Tryin',2005-11-09,2005,11 Nov,2) Holiday (Nov-Dec),40000000.0,46442528.0,6442528.0,1.1610632,1.0,1,Q3,3) 6.0-6.9,6.3,186,12.885985
11398,The Art of War,2000-08-23,2000,08 Aug,3) Other months,40000000.0,30199105.0,-9800895.0,0.754977625,0.0,1,Q3,2) 5.0-5.9,5.6,135,7.832337
1833,Rent,2005-11-23,2005,11 Nov,2) Holiday (Nov-Dec),40000000.0,31670620.0,-8329380.0,0.7917655,0.0,1,Q3,3) 6.0-6.9,6.7,155,10.433667
10391,Bless the Child,2000-08-11,2000,08 Aug,3) Other months,40000000.0,,,,,0,,1) Below 5.0,4.9,71,3.321949
8970,The Out-of-Towners,1999-04-02,1999,04 Apr,3) Other months,75000000.0,29000000.0,-46000000.0,0.38666666666666666,0.0,1,Q4 (highest),2) 5.0-5.9,5.0,45,4.842626
9306,The Island of Dr. Moreau,1996-08-23,1996,08 Aug,3) Other months,40000000.0,49627779.0,9627779.0,1.240694475,1.0,1,Q3,1) Below 5.0,4.6,147,13.210898
11370,The Musketeer,2001-09-07,2001,09 Sep,3) Other months,40000000.0,27053815.0,-12946185.0,0.676345375,0.0,1,Q3,2) 5.0-5.9,5.2,56,3.296933
12184,The Other Boleyn Girl,2008-02-28,2008,02 Feb,3) Other months,35000000.0,,,,,0,,3) 6.0-6.9,6.4,477,22.939557
1921,Sweet November,2001-02-16,2001,02 Feb,3) Other months,40000000.0,65754228.0,25754228.0,1.6438557,1.0,1,Q3,3) 6.0-6.9,6.4,278,19.372805
1683,The Reaping,2007-04-05,2007,04 Apr,3) Other months,40000000.0,62771059.0,22771059.0,1.569276475,1.0,1,Q3,2) 5.0-5.9,5.4,205,13.445697
203,Mean Streets,1973-10-02,1973,10 Oct,3) Other months,500000.0,3000000.0,2500000.0,6.0,1.0,1,Q1 (lowest),4) 7.0 and above,7.2,345,17.002096
11858,Renaissance Man,1994-06-03,1994,06 Jun,1) Summer (May-Jul),40000000.0,24332324.0,-15667676.0,0.6083081,0.0,1,Q3,2) 5.0-5.9,5.9,81,4.516953
62835,Colombiana,2011-07-27,2011,07 Jul,1) Summer (May-Jul),40000000.0,60965854.0,20965854.0,1.52414635,1.0,1,Q3,3) 6.0-6.9,6.5,824,33.785969
18937,Quest for Camelot,1998-05-15,1998,05 May,1) Summer (May-Jul),40000000.0,38172500.0,-1827500.0,0.9543125,0.0,1,Q3,3) 6.0-6.9,6.9,190,16.059443
13536,City By The Sea,2002-09-06,2002,09 Sep,3) Other months,40000000.0,22433915.0,-17566085.0,0.560847875,0.0,1,Q3,2) 5.0-5.9,5.7,92,3.476966
15556,At First Sight,1999-01-15,1999,01 Jan,3) Other months,,,,,,0,,2) 5.0-5.9,5.9,48,5.778724
10718,Torque,2004-01-16,2004,01 Jan,3) Other months,40000000.0,46546197.0,6546197.0,1.163654925,1.0,1,Q3,1) Below 5.0,4.7,119,7.360793
11062,City Hall,1996-02-16,1996,02 Feb,3) Other months,,,,,,0,,3) 6.0-6.9,6.0,67,3.621837
10802,Showgirls,1995-09-22,1995,09 Sep,3) Other months,45000000.0,20350754.0,-24649246.0,0.4522389777777778,0.0,1,Q3,1) Below 5.0,4.9,256,14.513305
1887,Marie Antoinette,2006-05-24,2006,05 May,1) Summer (May-Jul),40000000.0,60474340.0,20474340.0,1.5118585,1.0,1,Q3,3) 6.0-6.9,6.5,642,22.364549
6071,Kiss of Death,1995-04-21,1995,04 Apr,3) Other months,40000000.0,,,,,0,,2) 5.0-5.9,5.7,81,6.90894
10461,Get Carter,2000-10-06,2000,10 Oct,3) Other months,63600000.0,19412993.0,-44187007.0,0.3052357389937107,0.0,1,Q4 (highest),1) Below 5.0,4.8,145,4.494788
80278,The Impossible,2012-09-09,2012,09 Sep,3) Other months,42000000.0,180274123.0,138274123.0,4.292241023809524,1.0,1,Q3,4) 7.0 and above,7.0,2025,47.559928
12704,Ishtar,1987-05-15,1987,05 May,1) Summer (May-Jul),55000000.0,14375181.0,-40624819.0,0.26136692727272726,0.0,1,Q3,1) Below 5.0,4.2,28,2.410546
10315,Fantastic Mr. Fox,2009-10-23,2009,10 Oct,3) Other months,40000000.0,46471023.0,6471023.0,1.161775575,1.0,1,Q3,4) 7.0 and above,7.5,1176,41.258956
16643,Life or Something Like It,2002-04-26,2002,04 Apr,3) Other months,40000000.0,16872671.0,-23127329.0,0.421816775,0.0,1,Q3,2) 5.0-5.9,5.7,124,8.980846
2687,Memoirs of an Invisible Man,1992-02-28,1992,02 Feb,3) Other months,40000000.0,14358033.0,-25641967.0,0.358950825,0.0,1,Q3,2) 5.0-5.9,5.7,125,7.222985
194,Amélie,2001-04-25,2001,04 Apr,3) Other months,10000000.0,173921954.0,163921954.0,17.3921954,1.0,1,Q1 (lowest),4) 7.0 and above,7.8,3310,73.720244
11025,New York Minute,2004-05-01,2004,05 May,1) Summer (May-Jul),,,,,,0,,2) 5.0-5.9,5.5,185,10.0403
8849,Alfie,2004-10-22,2004,10 Oct,3) Other months,60000000.0,13395939.0,-46604061.0,0.22326565,0.0,1,Q4 (highest),2) 5.0-5.9,5.6,248,15.219263
78698,Big Miracle,2012-02-02,2012,02 Feb,3) Other months,40000000.0,24719215.0,-15280785.0,0.617980375,0.0,1,Q3,3) 6.0-6.9,6.6,152,8.303696
30943,The Deep End of the Ocean,1999-03-12,1999,03 Mar,3) Other months,38000000.0,28121100.0,-9878900.0,0.7400289473684211,0.0,1,Q3,2) 5.0-5.9,5.9,54,4.746085
9544,FearDotCom,2002-08-09,2002,08 Aug,3) Other months,40000000.0,18902015.0,-21097985.0,0.472550375,0.0,1,Q3,1) Below 5.0,3.2,105,6.756886
24418,Cirque du Freak: The Vampire's Assistant,2009-10-23,2009,10 Oct,3) Other months,40000000.0,28169671.0,-11830329.0,0.704241775,0.0,1,Q3,2) 5.0-5.9,5.5,348,16.424807
7288,Duplex,2003-09-26,2003,09 Sep,3) Other months,40000000.0,19322135.0,-20677865.0,0.483053375,0.0,1,Q3,2) 5.0-5.9,5.9,482,15.590001
14655,Soul Men,2008-11-07,2008,11 Nov,2) Holiday (Nov-Dec),,,,,,0,,3) 6.0-6.9,6.3,47,5.483671
24575,Raise the Titanic,1980-01-01,1980,01 Jan,3) Other months,,,,,,0,,2) 5.0-5.9,5.2,21,1.630541
10366,Universal Soldier: The Return,1999-08-05,1999,08 Aug,3) Other months,45000000.0,10667893.0,-34332107.0,0.2370642888888889,0.0,1,Q3,1) Below 5.0,4.2,135,14.566664
19898,Pandorum,2009-09-08,2009,09 Sep,3) Other months,33000000.0,20645327.0,-12354673.0,0.6256159696969696,0.0,1,Q3,3) 6.0-6.9,6.5,774,28.353517
4965,Impostor,2001-12-03,2001,12 Dec,2) Holiday (Nov-Dec),40000000.0,,,,,0,,3) 6.0-6.9,6.1,135,9.579975
15074,Extreme Ops,2002-11-27,2002,11 Nov,2) Holiday (Nov-Dec),40000000.0,10959475.0,-29040525.0,0.273986875,0.0,1,Q3,2) 5.0-5.9,5.0,28,2.911819
56715,Just Visiting,2001-04-06,2001,04 Apr,3) Other months,,,,,,0,,1) Below 5.0,4.8,171,10.844882
1272,Sunshine,2007-04-05,2007,04 Apr,3) Other months,50000000.0,32017803.0,-17982197.0,0.64035606,0.0,1,Q3,4) 7.0 and above,7.0,1182,51.502884
72358,A Thousand Words,2012-03-07,2012,03 Mar,3) Other months,40000000.0,22044277.0,-17955723.0,0.551106925,0.0,1,Q3,3) 6.0-6.9,6.0,373,13.119133
20542,Delgo,2008-12-12,2008,12 Dec,2) Holiday (Nov-Dec),40000000.0,,,,,0,,2) 5.0-5.9,5.4,15,4.238482
266396,The Gunman,2015-02-16,2015,02 Feb,3) Other months,40000000.0,13644292.0,-26355708.0,0.3411073,0.0,1,Q3,2) 5.0-5.9,5.5,392,26.935458
9978,Stormbreaker,2006-07-21,2006,07 Jul,1) Summer (May-Jul),40000000.0,23937870.0,-16062130.0,0.59844675,0.0,1,Q3,2) 5.0-5.9,5.1,213,16.282962
8271,Disturbia,2007-04-12,2007,04 Apr,3) Other months,20000000.0,117760134.0,97760134.0,5.8880067,1.0,1,Q2,3) 6.0-6.9,6.6,1006,31.690456
10428,Hackers,1995-09-14,1995,09 Sep,3) Other months,20000000.0,7563728.0,-12436272.0,0.3781864,0.0,1,Q2,3) 6.0-6.9,6.2,398,17.842246
5353,The Hunting Party,2007-09-03,2007,09 Sep,3) Other months,,,,,,0,,3) 6.0-6.9,6.6,96,8.048305
11934,The Hudsucker Proxy,1994-03-11,1994,03 Mar,3) Other months,30000000.0,,,,,0,,4) 7.0 and above,7.1,275,14.188982
14392,The Warlords,2007-12-12,2007,12 Dec,2) Holiday (Nov-Dec),40000000.0,,,,,0,,3) 6.0-6.9,6.3,83,6.884467
19495,Nomad: The Warrior,2005-07-17,2005,07 Jul,1) Summer (May-Jul),25000000.0,,,,,0,,1) Below 5.0,4.3,17,8.212018
110415,Snowpiercer,2013-08-01,2013,08 Aug,3) Other months,39200000.0,86758912.0,47558912.0,2.2132375510204083,1.0,1,Q3,3) 6.0-6.9,6.7,2854,64.238688
77459,A Monster in Paris,2011-10-12,2011,10 Oct,3) Other months,25000000.0,,,,,0,,3) 6.0-6.9,6.5,313,17.375562
26486,The Last Shot,2004-09-24,2004,09 Sep,3) Other months,,,,,,0,,2) 5.0-5.9,5.9,15,6.7698
9495,The Crow,1994-05-11,1994,05 May,1) Summer (May-Jul),15000000.0,94000000.0,79000000.0,6.266666666666667,1.0,1,Q2,4) 7.0 and above,7.3,953,44.690107
256040,Baahubali: The Beginning,2015-07-10,2015,07 Jul,1) Summer (May-Jul),40000000.0,100000000.0,60000000.0,2.5,1.0,1,Q3,4) 7.0 and above,7.5,135,16.254032
24420,The Time Traveler's Wife,2009-08-14,2009,08 Aug,3) Other months,39000000.0,101229792.0,62229792.0,2.595635692307692,1.0,1,Q3,3) 6.0-6.9,6.7,798,37.492928
1257,Because I Said So,2007-02-02,2007,02 Feb,3) Other months,,69485490.0,,,,0,,2) 5.0-5.9,5.8,191,18.678415
62214,Frankenweenie,2012-10-04,2012,10 Oct,3) Other months,39000000.0,35287788.0,-3712212.0,0.9048150769230769,0.0,1,Q3,3) 6.0-6.9,6.6,932,27.908783
16320,Serenity,2005-08-25,2005,08 Aug,3) Other months,39000000.0,38869464.0,-130536.0,0.9966529230769231,0.0,1,Q3,4) 7.0 and above,7.4,1264,45.388937
8842,Against the Ropes,2004-02-20,2004,02 Feb,3) Other months,39000000.0,6614280.0,-32385720.0,0.1695969230769231,0.0,1,Q3,1) Below 5.0,4.5,32,2.817364
9531,Superman III,1983-06-17,1983,06 Jun,1) Summer (May-Jul),39000000.0,75850624.0,36850624.0,1.9448877948717949,1.0,1,Q3,2) 5.0-5.9,5.3,490,22.164202
64807,Grudge Match,2013-12-25,2013,12 Dec,2) Holiday (Nov-Dec),40000000.0,44907260.0,4907260.0,1.1226815,1.0,1,Q3,3) 6.0-6.9,6.0,433,21.362949
12289,Red Cliff,2008-07-10,2008,07 Jul,1) Summer (May-Jul),80341000.0,127814609.0,47473609.0,1.590901395302523,1.0,1,Q4 (highest),4) 7.0 and above,7.1,205,14.8375
11529,Sweet Home Alabama,2002-09-26,2002,09 Sep,3) Other months,30000000.0,180622424.0,150622424.0,6.020747466666666,1.0,1,Q3,3) 6.0-6.9,6.0,394,18.256028
20943,The Ugly Truth,2009-07-24,2009,07 Jul,1) Summer (May-Jul),38000000.0,205298907.0,167298907.0,5.402602815789474,1.0,1,Q3,3) 6.0-6.9,6.4,972,22.332927
9099,Sgt. Bilko,1996-03-29,1996,03 Mar,3) Other months,,,,,,0,,2) 5.0-5.9,5.5,94,5.417787
9488,Spy Kids 2: The Island of Lost Dreams,2002-08-07,2002,08 Aug,3) Other months,38000000.0,119723358.0,81723358.0,3.1506146842105265,1.0,1,Q3,2) 5.0-5.9,5.3,521,24.085144
193,Star Trek: Generations,1994-11-17,1994,11 Nov,2) Holiday (Nov-Dec),38000000.0,120000000.0,82000000.0,3.1578947368421053,1.0,1,Q3,3) 6.0-6.9,6.4,452,14.779041
44865,The Grandmaster,2013-01-08,2013,01 Jan,3) Other months,3860000.0,64076736.0,60216736.0,16.60019067357513,1.0,1,Q1 (lowest),3) 6.0-6.9,6.3,273,19.947265
55787,Water for Elephants,2011-03-15,2011,03 Mar,3) Other months,38000000.0,114156230.0,76156230.0,3.0041113157894737,1.0,1,Q3,3) 6.0-6.9,6.7,850,16.801218
257932,Dragon Nest: Warriors' Dawn,2014-05-20,2014,05 May,1) Summer (May-Jul),40000000.0,,,,,0,,3) 6.0-6.9,6.8,19,5.057695
10400,The Hurricane,1999-09-17,1999,09 Sep,3) Other months,50000000.0,73956241.0,23956241.0,1.47912482,1.0,1,Q3,4) 7.0 and above,7.2,396,20.825781
1957,Enough,2002-05-24,2002,05 May,1) Summer (May-Jul),38000000.0,51801187.0,13801187.0,1.3631891315789473,1.0,1,Q3,3) 6.0-6.9,6.2,264,11.500783
10833,Heartbreakers,2001-03-23,2001,03 Mar,3) Other months,35000000.0,,,,,0,,2) 5.0-5.9,5.7,254,13.932203
256961,Paul Blart: Mall Cop 2,2015-04-16,2015,04 Apr,3) Other months,38000000.0,107597242.0,69597242.0,2.8315063684210524,1.0,1,Q3,2) 5.0-5.9,5.0,567,41.258487
5852,Angel Eyes,2001-05-15,2001,05 May,1) Summer (May-Jul),53000000.0,29700000.0,-23300000.0,0.560377358490566,0.0,1,Q3,2) 5.0-5.9,5.6,88,6.454634
12312,Joe Somebody,2001-12-21,2001,12 Dec,2) Holiday (Nov-Dec),38000000.0,,,,,0,,2) 5.0-5.9,5.5,40,5.257009
622,The Ninth Gate,1999-08-24,1999,08 Aug,3) Other months,38000000.0,58401898.0,20401898.0,1.536892052631579,1.0,1,Q3,3) 6.0-6.9,6.3,756,30.359164
11306,Extreme Measures,1996-09-27,1996,09 Sep,3) Other months,38000000.0,17380126.0,-20619874.0,0.45737173684210525,0.0,1,Q3,2) 5.0-5.9,5.7,80,3.426555
12508,Rock Star,2001-09-04,2001,09 Sep,3) Other months,57000000.0,16991902.0,-40008098.0,0.2981035438596491,0.0,1,Q4 (highest),3) 6.0-6.9,6.0,190,11.60815
25793,Precious,2009-11-06,2009,11 Nov,2) Holiday (Nov-Dec),10000000.0,47536959.0,37536959.0,4.7536959,1.0,1,Q1 (lowest),3) 6.0-6.9,6.9,417,18.664624
10534,White Squall,1996-02-02,1996,02 Feb,3) Other months,38000000.0,10300000.0,-27700000.0,0.2710526315789474,0.0,1,Q3,3) 6.0-6.9,6.3,86,10.047579
1091,The Thing,1982-06-25,1982,06 Jun,1) Summer (May-Jul),15000000.0,19629760.0,4629760.0,1.3086506666666666,1.0,1,Q2,4) 7.0 and above,7.8,1588,52.731379
87421,Riddick,2013-09-02,2013,09 Sep,3) Other months,38000000.0,98337295.0,60337295.0,2.587823552631579,1.0,1,Q3,3) 6.0-6.9,6.2,2035,46.630062
10871,Switchback,1997-10-31,1997,10 Oct,3) Other months,37000000.0,6482195.0,-30517805.0,0.17519445945945947,0.0,1,Q3,2) 5.0-5.9,5.8,52,4.131546
13503,Texas Rangers,2001-11-30,2001,11 Nov,2) Holiday (Nov-Dec),,,,,,0,,2) 5.0-5.9,5.4,19,5.641978
13600,City of Ember,2008-10-07,2008,10 Oct,3) Other months,55000000.0,17869048.0,-37130952.0,0.3248917818181818,0.0,1,Q3,3) 6.0-6.9,6.2,605,23.465539
68722,The Master,2012-09-07,2012,09 Sep,3) Other months,32000000.0,28258060.0,-3741940.0,0.883064375,0.0,1,Q3,4) 7.0 and above,7.0,701,25.682509
14324,Virgin Territory,2007-12-17,2007,12 Dec,2) Holiday (Nov-Dec),38000000.0,5410749.0,-32589251.0,0.14238813157894736,0.0,1,Q3,1) Below 5.0,4.3,75,6.760922
14325,The Express,2008-10-10,2008,10 Oct,3) Other months,40000000.0,9793496.0,-30206504.0,0.2448374,0.0,1,Q3,4) 7.0 and above,7.1,71,3.87823
299687,The 5th Wave,2016-01-14,2016,01 Jan,3) Other months,38000000.0,109906372.0,71906372.0,2.892272947368421,1.0,1,Q3,2) 5.0-5.9,5.6,1945,57.889964
312221,Creed,2015-11-25,2015,11 Nov,2) Holiday (Nov-Dec),37000000.0,173567581.0,136567581.0,4.691015702702702,1.0,1,Q3,4) 7.0 and above,7.3,1915,57.773583
23168,The Town,2010-09-15,2010,09 Sep,3) Other months,37000000.0,154026136.0,117026136.0,4.162868540540541,1.0,1,Q3,4) 7.0 and above,7.0,1468,24.218358
76494,What to Expect When You're Expecting,2012-05-17,2012,05 May,1) Summer (May-Jul),40000000.0,79700000.0,39700000.0,1.9925,1.0,1,Q3,2) 5.0-5.9,5.8,594,27.009723
4944,Burn After Reading,2008-09-05,2008,09 Sep,3) Other months,37000000.0,163720069.0,126720069.0,4.42486672972973,1.0,1,Q3,3) 6.0-6.9,6.5,1222,31.941347
10488,Nim's Island,2008-04-03,2008,04 Apr,3) Other months,37000000.0,100076342.0,63076342.0,2.704766,1.0,1,Q3,2) 5.0-5.9,5.6,330,14.353279
96721,Rush,2013-09-02,2013,09 Sep,3) Other months,38000000.0,90247624.0,52247624.0,2.3749374736842106,1.0,1,Q3,4) 7.0 and above,7.7,2277,33.003828
334,Magnolia,1999-12-08,1999,12 Dec,2) Holiday (Nov-Dec),37000000.0,48451803.0,11451803.0,1.309508189189189,1.0,1,Q3,4) 7.0 and above,7.5,825,30.993736
23742,Cop Out,2010-02-26,2010,02 Feb,3) Other months,30000000.0,55583804.0,25583804.0,1.8527934666666668,1.0,1,Q3,2) 5.0-5.9,5.3,511,25.825771
259694,How to Be Single,2016-01-21,2016,01 Jan,3) Other months,38000000.0,112343513.0,74343513.0,2.956408236842105,1.0,1,Q3,2) 5.0-5.9,5.9,1201,46.078371
62837,Dolphin Tale,2011-09-23,2011,09 Sep,3) Other months,37000000.0,95404397.0,58404397.0,2.578497216216216,1.0,1,Q3,3) 6.0-6.9,6.7,163,6.63839
8966,Twilight,2008-11-20,2008,11 Nov,2) Holiday (Nov-Dec),37000000.0,392616625.0,355616625.0,10.611260135135135,1.0,1,Q3,2) 5.0-5.9,5.8,3561,127.084938
8470,John Q,2002-02-15,2002,02 Feb,3) Other months,36000000.0,102244770.0,66244770.0,2.8401325,1.0,1,Q3,4) 7.0 and above,7.0,594,27.465433
11001,Blue Streak,1999-09-17,1999,09 Sep,3) Other months,65000000.0,117758500.0,52758500.0,1.8116692307692308,1.0,1,Q4 (highest),3) 6.0-6.9,6.1,352,16.865782
138832,We're the Millers,2013-08-07,2013,08 Aug,3) Other months,37000000.0,269994119.0,232994119.0,7.297138351351351,1.0,1,Q3,3) 6.0-6.9,6.8,2972,100.348805
16911,The Inhabited Island,2008-12-18,2008,12 Dec,2) Holiday (Nov-Dec),36500000.0,21834845.0,-14665155.0,0.5982149315068493,0.0,1,Q3,2) 5.0-5.9,5.3,23,2.785832
2163,Breakdown,1997-05-02,1997,05 May,1) Summer (May-Jul),36000000.0,50159144.0,14159144.0,1.3933095555555555,1.0,1,Q3,3) 6.0-6.9,6.6,198,9.176339
36670,Never Say Never Again,1983-10-07,1983,10 Oct,3) Other months,36000000.0,160000000.0,124000000.0,4.444444444444445,1.0,1,Q3,2) 5.0-5.9,5.8,338,23.380757
23048,Hot Tub Time Machine,2010-03-26,2010,03 Mar,3) Other months,36000000.0,64572262.0,28572262.0,1.7936739444444445,1.0,1,Q3,3) 6.0-6.9,6.0,894,33.926473
227735,Dolphin Tale 2,2014-09-12,2014,09 Sep,3) Other months,36000000.0,52424533.0,16424533.0,1.4562370277777779,1.0,1,Q3,3) 6.0-6.9,6.7,96,6.967857
2155,Reindeer Games,2000-02-25,2000,02 Feb,3) Other months,42000000.0,32168970.0,-9831030.0,0.7659278571428572,0.0,1,Q3,2) 5.0-5.9,5.4,173,11.470135
8409,A Man Apart,2003-04-04,2003,04 Apr,3) Other months,36000000.0,44350926.0,8350926.0,1.2319701666666667,1.0,1,Q3,2) 5.0-5.9,5.8,258,19.854932
222936,Aloha,2015-05-27,2015,05 May,1) Summer (May-Jul),37000000.0,26250020.0,-10749980.0,0.70946,0.0,1,Q3,2) 5.0-5.9,5.2,692,29.652536
31908,Ghosts of Mississippi,1996-12-20,1996,12 Dec,2) Holiday (Nov-Dec),,,,,,0,,3) 6.0-6.9,6.2,40,8.102925
10219,Snow Falling on Cedars,1999-12-22,1999,12 Dec,2) Holiday (Nov-Dec),,,,,,0,,3) 6.0-6.9,6.3,32,2.79483
48171,The Rite,2011-01-28,2011,01 Jan,3) Other months,37000000.0,96047633.0,59047633.0,2.595881972972973,1.0,1,Q3,2) 5.0-5.9,5.8,556,11.492474
782,Gattaca,1997-09-07,1997,09 Sep,3) Other months,36000000.0,12532777.0,-23467223.0,0.34813269444444445,0.0,1,Q3,4) 7.0 and above,7.5,1808,70.398356
75531,Isn't She Great,2000-01-28,2000,01 Jan,3) Other months,36000000.0,3003296.0,-32996704.0,0.0834248888888889,0.0,1,Q3,1) Below 5.0,4.6,14,1.068453
11802,Space Chimps,2008-07-17,2008,07 Jul,1) Summer (May-Jul),37000000.0,63800345.0,26800345.0,1.7243336486486487,1.0,1,Q3,2) 5.0-5.9,5.2,99,6.293217
9776,Head of State,2003-01-01,2003,01 Jan,3) Other months,,,,,,0,,2) 5.0-5.9,5.3,71,3.457194
18785,The Hangover,2009-06-05,2009,06 Jun,1) Summer (May-Jul),35000000.0,459270619.0,424270619.0,13.122017685714285,1.0,1,Q3,4) 7.0 and above,7.2,6173,82.21166
365222,Ip Man 3,2015-12-19,2015,12 Dec,2) Holiday (Nov-Dec),36000000.0,156844753.0,120844753.0,4.356798694444445,1.0,1,Q3,3) 6.0-6.9,6.5,379,19.167377
817,Austin Powers: The Spy Who Shagged Me,1999-06-08,1999,06 Jun,1) Summer (May-Jul),33000000.0,310940086.0,277940086.0,9.422426848484848,1.0,1,Q3,3) 6.0-6.9,6.2,1011,18.316151
268,Batman,1989-06-23,1989,06 Jun,1) Summer (May-Jul),35000000.0,411348924.0,376348924.0,11.7528264,1.0,1,Q3,4) 7.0 and above,7.0,2096,44.104469
45054,There Be Dragons,2011-03-25,2011,03 Mar,3) Other months,,,,,,0,,2) 5.0-5.9,5.9,27,6.668679
943,Lethal Weapon 3,1992-05-15,1992,05 May,1) Summer (May-Jul),35000000.0,321731527.0,286731527.0,9.192329342857143,1.0,1,Q3,3) 6.0-6.9,6.4,811,36.172182
22881,The Blind Side,2009-11-20,2009,11 Nov,2) Holiday (Nov-Dec),29000000.0,309208309.0,280208309.0,10.66235548275862,1.0,1,Q3,4) 7.0 and above,7.2,1597,25.767395
10054,Spy Kids,2001-03-18,2001,03 Mar,3) Other months,35000000.0,147934180.0,112934180.0,4.226690857142857,1.0,1,Q3,2) 5.0-5.9,5.5,867,21.543389
51540,Horrible Bosses,2011-07-08,2011,07 Jul,1) Summer (May-Jul),35000000.0,117000000.0,82000000.0,3.342857142857143,1.0,1,Q3,3) 6.0-6.9,6.5,2277,50.309843
44264,True Grit,2010-12-22,2010,12 Dec,2) Holiday (Nov-Dec),38000000.0,252276927.0,214276927.0,6.6388665,1.0,1,Q3,4) 7.0 and above,7.2,1668,49.292384
350,The Devil Wears Prada,2006-06-30,2006,06 Jun,1) Summer (May-Jul),35000000.0,326551094.0,291551094.0,9.330031257142856,1.0,1,Q3,4) 7.0 and above,7.0,3088,83.893257
152,Star Trek: The Motion Picture,1979-12-06,1979,12 Dec,2) Holiday (Nov-Dec),35000000.0,139000000.0,104000000.0,3.9714285714285715,1.0,1,Q3,3) 6.0-6.9,6.2,530,24.616634
109431,Identity Thief,2013-02-07,2013,02 Feb,3) Other months,35000000.0,173965010.0,138965010.0,4.970428857142857,1.0,1,Q3,2) 5.0-5.9,5.6,1645,34.005726
1598,Cape Fear,1991-11-15,1991,11 Nov,2) Holiday (Nov-Dec),35000000.0,182300000.0,147300000.0,5.208571428571428,1.0,1,Q3,4) 7.0 and above,7.0,675,27.714043
8065,21,2008-03-27,2008,03 Mar,3) Other months,35000000.0,69823199.0,34823199.0,1.994948542857143,1.0,1,Q3,3) 6.0-6.9,6.5,1375,45.149948
271718,Trainwreck,2015-07-17,2015,07 Jul,1) Summer (May-Jul),35000000.0,140795793.0,105795793.0,4.022736942857143,1.0,1,Q3,2) 5.0-5.9,5.9,1181,72.774941
11638,Guess Who,2005-03-25,2005,03 Mar,3) Other months,35000000.0,68915888.0,33915888.0,1.9690253714285715,1.0,1,Q3,2) 5.0-5.9,5.5,225,3.74263
409,The English Patient,1996-11-14,1996,11 Nov,2) Holiday (Nov-Dec),27000000.0,231976425.0,204976425.0,8.591719444444445,1.0,1,Q3,4) 7.0 and above,7.0,542,29.381878
2118,L.A. Confidential,1997-09-19,1997,09 Sep,3) Other months,35000000.0,126216940.0,91216940.0,3.6061982857142856,1.0,1,Q3,4) 7.0 and above,7.7,1310,24.860326
11459,Sky High,2005-07-29,2005,07 Jul,1) Summer (May-Jul),35000000.0,86369815.0,51369815.0,2.467709,1.0,1,Q3,2) 5.0-5.9,5.8,550,11.041659
10806,In & Out,1997-09-10,1997,09 Sep,3) Other months,35000000.0,,,,,0,,3) 6.0-6.9,6.3,177,11.897925
9348,Species,1995-07-07,1995,07 Jul,1) Summer (May-Jul),35000000.0,113374103.0,78374103.0,3.2392600857142857,1.0,1,Q3,2) 5.0-5.9,5.5,453,23.607071
377,A Nightmare on Elm Street,1984-11-14,1984,11 Nov,2) Holiday (Nov-Dec),1800000.0,25504513.0,23704513.0,14.169173888888889,1.0,1,Q1 (lowest),4) 7.0 and above,7.2,1180,38.204158
8843,The Cell,2000-08-17,2000,08 Aug,3) Other months,33000000.0,104155843.0,71155843.0,3.1562376666666667,1.0,1,Q3,3) 6.0-6.9,6.0,436,25.413955
9313,The Man in the Iron Mask,1998-03-12,1998,03 Mar,3) Other months,,,,,,0,,3) 6.0-6.9,6.3,1018,28.98027
39486,Secretariat,2010-08-20,2010,08 Aug,3) Other months,35000000.0,60251371.0,25251371.0,1.7214677428571428,1.0,1,Q3,3) 6.0-6.9,6.8,103,9.525037
1273,TMNT,2007-03-23,2007,03 Mar,3) Other months,34000000.0,95608995.0,61608995.0,2.8120292647058824,1.0,1,Q3,3) 6.0-6.9,6.0,345,18.39217
13920,Radio,2003-10-24,2003,10 Oct,3) Other months,32000000.0,52277485.0,20277485.0,1.63367140625,1.0,1,Q3,3) 6.0-6.9,6.8,141,9.254647
50544,Friends with Benefits,2011-07-21,2011,07 Jul,1) Summer (May-Jul),35000000.0,150483765.0,115483765.0,4.299536142857143,1.0,1,Q3,3) 6.0-6.9,6.5,2237,40.526587
325133,Neighbors 2: Sorority Rising,2016-05-04,2016,05 May,1) Summer (May-Jul),35000000.0,108758521.0,73758521.0,3.1073863142857143,1.0,1,Q3,2) 5.0-5.9,5.6,1462,50.179171
140823,Saving Mr. Banks,2013-11-16,2013,11 Nov,2) Holiday (Nov-Dec),35000000.0,112544580.0,77544580.0,3.2155594285714284,1.0,1,Q3,4) 7.0 and above,7.3,1226,31.957947
1883,Malcolm X,1992-11-18,1992,11 Nov,2) Holiday (Nov-Dec),34000000.0,48169908.0,14169908.0,1.416762,1.0,1,Q3,4) 7.0 and above,7.2,370,19.822791
89492,This Is 40,2012-12-20,2012,12 Dec,2) Holiday (Nov-Dec),35000000.0,88058786.0,53058786.0,2.5159653142857143,1.0,1,Q3,2) 5.0-5.9,5.6,896,38.429648
22949,Old Dogs,2009-11-24,2009,11 Nov,2) Holiday (Nov-Dec),35000000.0,92219310.0,57219310.0,2.6348374285714287,1.0,1,Q3,2) 5.0-5.9,5.2,210,13.707843
12437,Underworld: Rise of the Lycans,2009-01-22,2009,01 Jan,3) Other months,35000000.0,91353501.0,56353501.0,2.6101000285714284,1.0,1,Q3,3) 6.0-6.9,6.2,1428,51.927471
2959,License to Wed,2007-07-04,2007,07 Jul,1) Summer (May-Jul),35000000.0,69307224.0,34307224.0,1.9802064,1.0,1,Q3,2) 5.0-5.9,5.2,253,14.503568
9957,The Benchwarmers,2006-04-07,2006,04 Apr,3) Other months,,,,,,0,,2) 5.0-5.9,5.2,242,6.74556
11648,Must Love Dogs,2005-07-21,2005,07 Jul,1) Summer (May-Jul),30000000.0,58405313.0,28405313.0,1.9468437666666667,1.0,1,Q3,2) 5.0-5.9,5.8,140,11.120167
9366,Donnie Brasco,1997-02-27,1997,02 Feb,3) Other months,35000000.0,41954997.0,6954997.0,1.1987142,1.0,1,Q3,4) 7.0 and above,7.4,1147,40.370442
1576,Resident Evil,2002-03-15,2002,03 Mar,3) Other months,33000000.0,102984862.0,69984862.0,3.120753393939394,1.0,1,Q3,3) 6.0-6.9,6.4,2065,40.715623
609,Poltergeist,1982-06-04,1982,06 Jun,1) Summer (May-Jul),10700000.0,122200000.0,111500000.0,11.42056074766355,1.0,1,Q1 (lowest),4) 7.0 and above,7.0,794,36.230204
5516,The Ladykillers,2004-03-25,2004,03 Mar,3) Other months,,,,,,0,,3) 6.0-6.9,6.0,415,23.666229
13051,Max Payne,2008-10-15,2008,10 Oct,3) Other months,35000000.0,85416905.0,50416905.0,2.440483,1.0,1,Q3,2) 5.0-5.9,5.2,613,25.903237
49530,In Time,2011-10-27,2011,10 Oct,3) Other months,40000000.0,173930596.0,133930596.0,4.3482649,1.0,1,Q3,3) 6.0-6.9,6.7,3417,60.231382
34806,The Back-Up Plan,2010-04-23,2010,04 Apr,3) Other months,35000000.0,77477008.0,42477008.0,2.2136288,1.0,1,Q3,2) 5.0-5.9,5.7,458,18.38292
49022,Something Borrowed,2011-05-05,2011,05 May,1) Summer (May-Jul),35000000.0,59901913.0,24901913.0,1.7114832285714285,1.0,1,Q3,2) 5.0-5.9,5.9,296,14.029012
11469,Black Knight,2001-11-21,2001,11 Nov,2) Holiday (Nov-Dec),,,,,,0,,2) 5.0-5.9,5.1,287,15.913783
23479,The Bad News Bears,1976-04-07,1976,04 Apr,3) Other months,35000000.0,35323292.0,323292.0,1.0092369142857143,1.0,1,Q3,3) 6.0-6.9,6.9,97,6.889633
11667,Street Fighter,1994-12-22,1994,12 Dec,2) Holiday (Nov-Dec),35000000.0,99423521.0,64423521.0,2.8406720285714284,1.0,1,Q3,1) Below 5.0,4.1,325,19.286099
423,The Pianist,2002-09-24,2002,09 Sep,3) Other months,35000000.0,120072577.0,85072577.0,3.4306450571428573,1.0,1,Q3,4) 7.0 and above,8.0,1864,50.587541
2447,The Nativity Story,2006-12-01,2006,12 Dec,2) Holiday (Nov-Dec),35000000.0,,,,,0,,3) 6.0-6.9,6.4,35,3.721272
10066,House of Wax,2005-04-30,2005,04 Apr,3) Other months,40000000.0,68766121.0,28766121.0,1.719153025,1.0,1,Q3,2) 5.0-5.9,5.5,677,17.157738
2288,Closer,2004-12-01,2004,12 Dec,2) Holiday (Nov-Dec),27000000.0,115505027.0,88505027.0,4.277963962962963,1.0,1,Q3,3) 6.0-6.9,6.7,811,22.636908
88794,J. Edgar,2011-11-09,2011,11 Nov,2) Holiday (Nov-Dec),35000000.0,84606030.0,49606030.0,2.417315142857143,1.0,1,Q3,3) 6.0-6.9,6.0,741,28.069419
13515,Mirrors,2008-08-15,2008,08 Aug,3) Other months,35000000.0,72436439.0,37436439.0,2.069612542857143,1.0,1,Q3,3) 6.0-6.9,6.0,485,19.774543
11979,Queen of the Damned,2002-02-10,2002,02 Feb,3) Other months,35000000.0,45479110.0,10479110.0,1.2994031428571429,1.0,1,Q3,2) 5.0-5.9,5.4,239,11.644243
169,Predator 2,1990-11-20,1990,11 Nov,2) Holiday (Nov-Dec),35000000.0,57120318.0,22120318.0,1.6320090857142857,1.0,1,Q3,2) 5.0-5.9,5.9,730,27.934978
8090,Untraceable,2008-01-22,2008,01 Jan,3) Other months,35000000.0,32483410.0,-2516590.0,0.9280974285714285,0.0,1,Q3,2) 5.0-5.9,5.9,238,12.677505
11622,Blast from the Past,1999-02-12,1999,02 Feb,3) Other months,35000000.0,40263020.0,5263020.0,1.150372,1.0,1,Q3,3) 6.0-6.9,6.3,245,8.737058
3604,Flash Gordon,1980-09-01,1980,09 Sep,3) Other months,35000000.0,27107960.0,-7892040.0,0.7745131428571429,0.0,1,Q3,3) 6.0-6.9,6.1,233,12.343507
9541,Jersey Girl,2004-03-25,2004,03 Mar,3) Other months,35000000.0,36098382.0,1098382.0,1.031382342857143,1.0,1,Q3,2) 5.0-5.9,5.8,325,14.699342
94348,Alex Cross,2012-10-18,2012,10 Oct,3) Other months,45000000.0,30353232.0,-14646768.0,0.6745162666666666,0.0,1,Q3,2) 5.0-5.9,5.1,300,14.513243
8197,Midnight in the Garden of Good and Evil,1997-11-21,1997,11 Nov,2) Holiday (Nov-Dec),35000000.0,25105255.0,-9894745.0,0.717293,0.0,1,Q3,3) 6.0-6.9,6.3,157,5.525544
336004,Heist,2015-11-13,2015,11 Nov,2) Holiday (Nov-Dec),8900000.0,4100000.0,-4800000.0,0.4606741573033708,0.0,1,Q1 (lowest),2) 5.0-5.9,5.6,318,15.079993
35019,Nanny McPhee and the Big Bang,2010-03-26,2010,03 Mar,3) Other months,35000000.0,93246388.0,58246388.0,2.6641825142857143,1.0,1,Q3,3) 6.0-6.9,6.0,436,23.835055
10410,Hoffa,1992-12-25,1992,12 Dec,2) Holiday (Nov-Dec),35000000.0,,,,,0,,3) 6.0-6.9,6.1,81,5.926966
8836,The X Files: I Want to Believe,2008-07-24,2008,07 Jul,1) Summer (May-Jul),30000000.0,68369434.0,38369434.0,2.278981133333333,1.0,1,Q3,2) 5.0-5.9,5.5,523,25.454549
14442,Ella Enchanted,2004-04-09,2004,04 Apr,3) Other months,31000000.0,27388767.0,-3611233.0,0.8835086129032258,0.0,1,Q3,2) 5.0-5.9,5.9,437,22.71592
321741,Concussion,2015-11-12,2015,11 Nov,2) Holiday (Nov-Dec),35000000.0,50363790.0,15363790.0,1.4389654285714286,1.0,1,Q3,4) 7.0 and above,7.0,823,35.120736
59965,Abduction,2011-09-22,2011,09 Sep,3) Other months,35000000.0,82087155.0,47087155.0,2.345347285714286,1.0,1,Q3,2) 5.0-5.9,5.6,961,19.893646
14175,Valiant,2005-03-25,2005,03 Mar,3) Other months,35000000.0,19478106.0,-15521894.0,0.5565173142857143,0.0,1,Q3,2) 5.0-5.9,5.2,235,14.051852
11004,Wonder Boys,2000-02-22,2000,02 Feb,3) Other months,35000000.0,,,,,0,,3) 6.0-6.9,6.9,161,9.011729
11918,Superhero Movie,2008-03-27,2008,03 Mar,3) Other months,35000000.0,25871834.0,-9128166.0,0.7391952571428572,0.0,1,Q3,1) Below 5.0,4.9,379,19.088655
98357,Broken City,2013-01-18,2013,01 Jan,3) Other months,56000000.0,19701164.0,-36298836.0,0.3518065,0.0,1,Q4 (highest),2) 5.0-5.9,5.7,593,29.490057
10012,Cursed,2005-02-25,2005,02 Feb,3) Other months,35000000.0,19294901.0,-15705099.0,0.5512828857142857,0.0,1,Q3,2) 5.0-5.9,5.1,167,11.195593
49526,Premium Rush,2012-08-24,2012,08 Aug,3) Other months,35000000.0,31083599.0,-3916401.0,0.8881028285714285,0.0,1,Q3,3) 6.0-6.9,6.2,832,17.709888
268920,Hot Pursuit,2015-05-08,2015,05 May,1) Summer (May-Jul),35000000.0,51680201.0,16680201.0,1.4765771714285714,1.0,1,Q3,2) 5.0-5.9,5.4,647,18.262017
9093,The Four Feathers,2002-09-08,2002,09 Sep,3) Other months,35000000.0,29882645.0,-5117355.0,0.8537898571428572,0.0,1,Q3,3) 6.0-6.9,6.5,159,10.10364
119283,Parker,2013-01-23,2013,01 Jan,3) Other months,35000000.0,46216641.0,11216641.0,1.3204754571428572,1.0,1,Q3,2) 5.0-5.9,5.7,1455,28.670477
11823,Wimbledon,2004-09-13,2004,09 Sep,3) Other months,31000000.0,41512007.0,10512007.0,1.339097,1.0,1,Q3,3) 6.0-6.9,6.0,293,16.736734
35169,Furry Vengeance,2010-04-02,2010,04 Apr,3) Other months,35000000.0,39340177.0,4340177.0,1.124005057142857,1.0,1,Q3,1) Below 5.0,4.6,149,13.668633
118957,Bait,2012-09-05,2012,09 Sep,3) Other months,30000000.0,,,,,0,,2) 5.0-5.9,5.3,191,9.780588
849,Krull,1983-07-29,1983,07 Jul,1) Summer (May-Jul),27000000.0,16519460.0,-10480540.0,0.6118318518518518,0.0,1,Q3,2) 5.0-5.9,5.8,129,9.904881
4515,Lions for Lambs,2007-10-22,2007,10 Oct,3) Other months,35000000.0,63215872.0,28215872.0,1.8061677714285713,1.0,1,Q3,3) 6.0-6.9,6.0,216,9.789027
18886,Flight of the Intruder,1991-01-18,1991,01 Jan,3) Other months,35000000.0,,,,,0,,2) 5.0-5.9,5.7,31,6.81729
6575,Walk Hard: The Dewey Cox Story,2007-12-21,2007,12 Dec,2) Holiday (Nov-Dec),35000000.0,18317151.0,-16682849.0,0.5233471714285715,0.0,1,Q3,3) 6.0-6.9,6.6,212,10.73522
6440,The Shipping News,2001-12-18,2001,12 Dec,2) Holiday (Nov-Dec),,,,,,0,,3) 6.0-6.9,6.4,108,11.1399
13496,American Outlaws,2001-08-17,2001,08 Aug,3) Other months,35000000.0,13678913.0,-21321087.0,0.39082608571428573,0.0,1,Q3,2) 5.0-5.9,5.7,55,6.727949
18320,The Young Victoria,2009-03-04,2009,03 Mar,3) Other months,35000000.0,27409889.0,-7590111.0,0.7831396857142857,0.0,1,Q3,4) 7.0 and above,7.0,322,16.343317
22787,Whiteout,2009-09-09,2009,09 Sep,3) Other months,40000000.0,12206028.0,-27793972.0,0.3051507,0.0,1,Q3,2) 5.0-5.9,5.3,220,14.818718
8967,The Tree of Life,2011-05-18,2011,05 May,1) Summer (May-Jul),32000000.0,54674226.0,22674226.0,1.7085695625,1.0,1,Q3,3) 6.0-6.9,6.5,987,43.862456
37498,Knock Off,1998-09-04,1998,09 Sep,3) Other months,33000000.0,,,,,0,,1) Below 5.0,4.7,64,2.706207
144336,Sabotage,2014-03-28,2014,03 Mar,3) Other months,35000000.0,17508518.0,-17491482.0,0.5002433714285714,0.0,1,Q3,2) 5.0-5.9,5.5,555,27.903999
9616,The Order,2003-09-05,2003,09 Sep,3) Other months,35000000.0,11560806.0,-23439194.0,0.33030874285714285,0.0,1,Q3,1) Below 5.0,4.8,91,3.746806
13056,Punisher: War Zone,2008-12-05,2008,12 Dec,2) Holiday (Nov-Dec),20500000.0,10089373.0,-10410627.0,0.49216453658536585,0.0,1,Q2,2) 5.0-5.9,5.6,294,17.112498
14113,Zoom,2006-08-11,2006,08 Aug,3) Other months,35000000.0,12506188.0,-22493812.0,0.35731965714285713,0.0,1,Q3,1) Below 5.0,4.9,135,10.304172
285783,The Walk,2015-09-30,2015,09 Sep,3) Other months,35000000.0,61181942.0,26181942.0,1.7480554857142858,1.0,1,Q3,3) 6.0-6.9,6.9,1121,37.335721
49478,Warriors of Virtue,1997-05-02,1997,05 May,1) Summer (May-Jul),,,,,,0,,,4.7,9,0.912395
9726,A Good Year,2006-09-09,2006,09 Sep,3) Other months,35000000.0,42064105.0,7064105.0,1.2018315714285714,1.0,1,Q3,3) 6.0-6.9,6.5,357,16.782471
20763,Radio Flyer,1992-02-21,1992,02 Feb,3) Other months,35000000.0,4651977.0,-30348023.0,0.13291362857142858,0.0,1,Q3,3) 6.0-6.9,6.6,53,3.503408
9702,Bound by Honor,1993-02-05,1993,02 Feb,3) Other months,35000000.0,,,,,0,,4) 7.0 and above,7.7,115,9.122828
9311,Smilla's Sense of Snow,1997-02-13,1997,02 Feb,3) Other months,35000000.0,,,,,0,,3) 6.0-6.9,6.6,60,5.419181
9280,Femme Fatale,2002-11-06,2002,11 Nov,2) Holiday (Nov-Dec),35000000.0,16838910.0,-18161090.0,0.4811117142857143,0.0,1,Q3,3) 6.0-6.9,6.2,142,9.07278
26843,Lion of the Desert,1981-04-17,1981,04 Apr,3) Other months,35000000.0,,,,,0,,4) 7.0 and above,7.4,34,2.864979
11876,The Horseman on the Roof,1995-09-20,1995,09 Sep,3) Other months,35000000.0,15000000.0,-20000000.0,0.42857142857142855,0.0,1,Q3,3) 6.0-6.9,6.7,25,2.877488
22267,Ride with the Devil,1999-11-24,1999,11 Nov,2) Holiday (Nov-Dec),38000000.0,635096.0,-37364904.0,0.016713052631578948,0.0,1,Q3,3) 6.0-6.9,6.6,49,5.516207
45958,Biutiful,2010-10-20,2010,10 Oct,3) Other months,,25147786.0,,,,0,,4) 7.0 and above,7.0,291,13.930763
1969,Bandidas,2006-01-18,2006,01 Jan,3) Other months,35000000.0,10496317.0,-24503683.0,0.2998947714285714,0.0,1,Q3,2) 5.0-5.9,5.8,307,20.27704
310706,Black Water Transit,2009-05-13,2009,05 May,1) Summer (May-Jul),,,,,,0,,,,0,0.126738
198663,The Maze Runner,2014-09-10,2014,09 Sep,3) Other months,34000000.0,348319861.0,314319861.0,10.244701794117647,1.0,1,Q3,4) 7.0 and above,7.0,5371,131.815575
239573,Unfinished Business,2015-03-05,2015,03 Mar,3) Other months,35000000.0,14431253.0,-20568747.0,0.4123215142857143,0.0,1,Q3,2) 5.0-5.9,5.0,320,16.832312
10436,The Age of Innocence,1993-09-17,1993,09 Sep,3) Other months,34000000.0,32255440.0,-1744560.0,0.9486894117647059,0.0,1,Q3,4) 7.0 and above,7.0,169,9.133747
1381,The Fountain,2006-09-06,2006,09 Sep,3) Other months,35000000.0,15304890.0,-19695110.0,0.4372825714285714,0.0,1,Q3,3) 6.0-6.9,6.8,827,24.606012
2162,Chill Factor,1999-09-01,1999,09 Sep,3) Other months,70000000.0,11263966.0,-58736034.0,0.1609138,0.0,1,Q4 (highest),2) 5.0-5.9,5.3,29,3.276912
127493,Stolen,2012-05-17,2012,05 May,1) Summer (May-Jul),35000000.0,2106557.0,-32893443.0,0.060187342857142855,0.0,1,Q3,2) 5.0-5.9,5.1,344,16.830184
12429,Ponyo,2008-07-19,2008,07 Jul,1) Summer (May-Jul),41677699.0,187479518.0,145801819.0,4.498317385515933,1.0,1,Q3,4) 7.0 and above,7.5,926,39.58676
228205,The Longest Ride,2015-04-09,2015,04 Apr,3) Other months,34000000.0,63013281.0,29013281.0,1.853331794117647,1.0,1,Q3,4) 7.0 and above,7.3,1064,41.946523
2900,The Astronaut's Wife,1999-08-26,1999,08 Aug,3) Other months,75000000.0,19598588.0,-55401412.0,0.26131450666666667,0.0,1,Q4 (highest),2) 5.0-5.9,5.4,254,20.697556
21311,I Dreamed of Africa,2000-05-05,2000,05 May,1) Summer (May-Jul),34000000.0,,,,,0,,2) 5.0-5.9,5.3,18,1.656695
77875,Playing for Keeps,2012-11-29,2012,11 Nov,2) Holiday (Nov-Dec),35000000.0,,,,,0,,2) 5.0-5.9,5.4,240,17.932561
192136,Mandela: Long Walk to Freedom,2013-12-06,2013,12 Dec,2) Holiday (Nov-Dec),35000000.0,27330000.0,-7670000.0,0.7808571428571428,0.0,1,Q3,3) 6.0-6.9,6.5,224,15.50957
18254,Reds,1981-12-25,1981,12 Dec,2) Holiday (Nov-Dec),32000000.0,40382659.0,8382659.0,1.26195809375,1.0,1,Q3,4) 7.0 and above,7.1,67,4.602185
881,A Few Good Men,1992-12-11,1992,12 Dec,2) Holiday (Nov-Dec),40000000.0,243240178.0,203240178.0,6.08100445,1.0,1,Q3,4) 7.0 and above,7.1,877,40.379966
10877,Exit Wounds,2001-03-13,2001,03 Mar,3) Other months,50000000.0,79958599.0,29958599.0,1.59917198,1.0,1,Q3,2) 5.0-5.9,5.3,110,12.601306
9600,Big Momma's House,2000-05-31,2000,05 May,1) Summer (May-Jul),30000000.0,173959438.0,143959438.0,5.798647933333333,1.0,1,Q3,2) 5.0-5.9,5.6,506,24.389194
202575,Thunder and the House of Magic,2013-12-24,2013,12 Dec,2) Holiday (Nov-Dec),34000000.0,,,,,0,,3) 6.0-6.9,6.3,121,12.867326
71469,The Darkest Hour,2011-12-22,2011,12 Dec,2) Holiday (Nov-Dec),30000000.0,64626786.0,34626786.0,2.1542262,1.0,1,Q3,1) Below 5.0,4.8,469,23.328823
85446,Step Up Revolution,2012-07-26,2012,07 Jul,1) Summer (May-Jul),33000000.0,140470746.0,107470746.0,4.2566892727272725,1.0,1,Q3,3) 6.0-6.9,6.7,663,29.775441
326,Snakes on a Plane,2006-08-06,2006,08 Aug,3) Other months,33000000.0,62022014.0,29022014.0,1.8794549696969698,1.0,1,Q3,2) 5.0-5.9,5.1,497,19.642328
10685,The Watcher,2000-09-08,2000,09 Sep,3) Other months,33000000.0,,,,,0,,1) Below 5.0,4.9,110,7.339908
7220,The Punisher,2004-04-15,2004,04 Apr,3) Other months,33000000.0,54700105.0,21700105.0,1.6575789393939393,1.0,1,Q3,3) 6.0-6.9,6.1,766,35.099611
9763,Goal!: The Dream Begins,2005-06-06,2005,06 Jun,1) Summer (May-Jul),30000000.0,27610873.0,-2389127.0,0.9203624333333333,0.0,1,Q3,3) 6.0-6.9,6.6,238,16.541791
72387,Safe,2012-04-16,2012,04 Apr,3) Other months,30000000.0,40346186.0,10346186.0,1.3448728666666667,1.0,1,Q3,3) 6.0-6.9,6.3,799,31.92695
12596,Pushing Tin,1999-04-23,1999,04 Apr,3) Other months,33000000.0,,,,,0,,2) 5.0-5.9,5.7,116,9.060642
1892,Return of the Jedi,1983-05-23,1983,05 May,1) Summer (May-Jul),32350000.0,572700000.0,540350000.0,17.7032457496136,1.0,1,Q3,4) 7.0 and above,7.9,4665,46.509071
13460,Doomsday,2008-03-14,2008,03 Mar,3) Other months,30000000.0,22211426.0,-7788574.0,0.7403808666666667,0.0,1,Q3,2) 5.0-5.9,5.8,363,21.538222
8055,The Reader,2008-12-10,2008,12 Dec,2) Holiday (Nov-Dec),32000000.0,113019290.0,81019290.0,3.5318528125,1.0,1,Q3,4) 7.0 and above,7.2,813,33.923786
50647,Wanderlust,2012-02-23,2012,02 Feb,3) Other months,35000000.0,24159934.0,-10840066.0,0.6902838285714286,0.0,1,Q3,2) 5.0-5.9,5.3,394,20.908494
10719,Elf,2003-10-09,2003,10 Oct,3) Other months,32000000.0,173398518.0,141398518.0,5.4187036875,1.0,1,Q3,3) 6.0-6.9,6.4,987,16.901954
9294,Phenomenon,1996-07-05,1996,07 Jul,1) Summer (May-Jul),32000000.0,152036382.0,120036382.0,4.7511369375,1.0,1,Q3,3) 6.0-6.9,6.2,323,15.039407
11888,Snow Dogs,2002-01-18,2002,01 Jan,3) Other months,33000000.0,,,,,0,,2) 5.0-5.9,5.3,185,13.655735
9647,Scrooged,1988-11-22,1988,11 Nov,2) Holiday (Nov-Dec),,60328000.0,,,,0,,3) 6.0-6.9,6.7,390,21.620317
9353,Nacho Libre,2006-06-16,2006,06 Jun,1) Summer (May-Jul),32000000.0,80197993.0,48197993.0,2.50618728125,1.0,1,Q3,2) 5.0-5.9,5.6,359,14.642055
55721,Bridesmaids,2011-04-28,2011,04 Apr,3) Other months,32500000.0,288383523.0,255883523.0,8.87333916923077,1.0,1,Q3,3) 6.0-6.9,6.5,1661,17.107065
109414,This Is the End,2013-06-12,2013,06 Jun,1) Summer (May-Jul),32000000.0,126041322.0,94041322.0,3.9387913125,1.0,1,Q3,3) 6.0-6.9,6.3,2359,38.21708
10307,Stigmata,1999-09-10,1999,09 Sep,3) Other months,29000000.0,50041732.0,21041732.0,1.7255769655172415,1.0,1,Q3,3) 6.0-6.9,6.0,242,14.993169
11978,Men of Honor,2000-09-13,2000,09 Sep,3) Other months,32000000.0,48814909.0,16814909.0,1.52546590625,1.0,1,Q3,4) 7.0 and above,7.0,544,24.147269
22907,Takers,2010-08-26,2010,08 Aug,3) Other months,32000000.0,69055695.0,37055695.0,2.15799046875,1.0,1,Q3,3) 6.0-6.9,6.0,394,18.47242
87567,The Big Wedding,2013-04-25,2013,04 Apr,3) Other months,35000000.0,21819348.0,-13180652.0,0.6234099428571429,0.0,1,Q3,2) 5.0-5.9,5.7,414,18.84332
38322,"Big Mommas: Like Father, Like Son",2011-02-16,2011,02 Feb,3) Other months,32000000.0,83615414.0,51615414.0,2.6129816875,1.0,1,Q3,2) 5.0-5.9,5.3,313,15.901137
45612,Source Code,2011-03-30,2011,03 Mar,3) Other months,32000000.0,147332697.0,115332697.0,4.60414678125,1.0,1,Q3,4) 7.0 and above,7.1,2699,59.19888
7305,Alive,1993-01-15,1993,01 Jan,3) Other months,32000000.0,36733909.0,4733909.0,1.14793465625,1.0,1,Q3,3) 6.0-6.9,6.7,374,14.48851
3594,The Number 23,2007-02-23,2007,02 Feb,3) Other months,30000000.0,77566815.0,47566815.0,2.5855605,1.0,1,Q3,3) 6.0-6.9,6.3,1018,23.197408
157841,The Young and Prodigious T.S. Spivet,2013-10-16,2013,10 Oct,3) Other months,33000000.0,9494789.0,-23505211.0,0.2877208787878788,0.0,1,Q3,3) 6.0-6.9,6.7,232,10.651202
11519,1941,1979-12-13,1979,12 Dec,2) Holiday (Nov-Dec),35000000.0,31755742.0,-3244258.0,0.9073069142857143,0.0,1,Q3,2) 5.0-5.9,5.6,143,10.032626
12920,Dreamer: Inspired By a True Story,2005-09-10,2005,09 Sep,3) Other months,,,,,,0,,3) 6.0-6.9,6.3,67,6.048743
59,A History of Violence,2005-09-23,2005,09 Sep,3) Other months,32000000.0,60740827.0,28740827.0,1.89815084375,1.0,1,Q3,3) 6.0-6.9,6.9,832,34.628738
9335,Transporter 2,2005-08-02,2005,08 Aug,3) Other months,32000000.0,85167639.0,53167639.0,2.66148871875,1.0,1,Q3,3) 6.0-6.9,6.2,1061,47.5612
12106,The Quick and the Dead,1995-02-09,1995,02 Feb,3) Other months,32000000.0,18552460.0,-13447540.0,0.579764375,0.0,1,Q3,3) 6.0-6.9,6.3,427,16.473355
11141,Laws of Attraction,2004-04-04,2004,04 Apr,3) Other months,28000000.0,30016165.0,2016165.0,1.0720058928571428,1.0,1,Q3,2) 5.0-5.9,5.6,104,6.201404
8649,Bringing Out the Dead,1999-10-22,1999,10 Oct,3) Other months,32000000.0,,,,,0,,3) 6.0-6.9,6.6,225,15.560918
31867,Repo Men,2010-03-18,2010,03 Mar,3) Other months,32000000.0,18409891.0,-13590109.0,0.57530909375,0.0,1,Q3,3) 6.0-6.9,6.2,620,25.799697
10253,Dragon Wars: D-War,2007-02-08,2007,02 Feb,3) Other months,70000000.0,53587404.0,-16412596.0,0.7655343428571428,0.0,1,Q4 (highest),1) Below 5.0,4.0,104,4.822033
3587,Bogus,1996-09-06,1996,09 Sep,3) Other months,32000000.0,,,,,0,,2) 5.0-5.9,5.4,44,3.379454
124459,The Incredible Burt Wonderstone,2013-03-14,2013,03 Mar,3) Other months,30000000.0,27437881.0,-2562119.0,0.9145960333333333,0.0,1,Q3,2) 5.0-5.9,5.3,724,26.9385
24662,Cats Don't Dance,1997-03-26,1997,03 Mar,3) Other months,32000000.0,3566637.0,-28433363.0,0.11145740625,0.0,1,Q3,4) 7.0 and above,7.1,24,4.098444
32274,Cradle Will Rock,1999-12-10,1999,12 Dec,2) Holiday (Nov-Dec),,,,,,0,,4) 7.0 and above,7.2,18,4.901553
182,The Good German,2006-12-08,2006,12 Dec,2) Holiday (Nov-Dec),32000000.0,5914908.0,-26085092.0,0.184840875,0.0,1,Q3,2) 5.0-5.9,5.9,86,5.347936
5494,George and the Dragon,2004-03-28,2004,03 Mar,3) Other months,32000000.0,,,,,0,,2) 5.0-5.9,5.0,13,4.120549
28,Apocalypse Now,1979-08-15,1979,08 Aug,3) Other months,31500000.0,89460381.0,57960381.0,2.8400120952380954,1.0,1,Q3,4) 7.0 and above,8.0,2055,49.973462
38073,Going the Distance,2010-09-01,2010,09 Sep,3) Other months,32000000.0,42045846.0,10045846.0,1.3139326875,1.0,1,Q3,3) 6.0-6.9,6.0,262,13.611544
2054,Mr. Holland's Opus,1995-12-29,1995,12 Dec,2) Holiday (Nov-Dec),,106269971.0,,,,0,,3) 6.0-6.9,6.9,113,6.775294
302156,Criminal,2016-04-14,2016,04 Apr,3) Other months,31500000.0,14708696.0,-16791304.0,0.46694273015873017,0.0,1,Q3,2) 5.0-5.9,5.7,557,27.891012
606,Out of Africa,1985-12-20,1985,12 Dec,2) Holiday (Nov-Dec),31000000.0,128499205.0,97499205.0,4.14513564516129,1.0,1,Q3,4) 7.0 and above,7.0,279,13.864975
87502,Flight,2012-11-02,2012,11 Nov,2) Holiday (Nov-Dec),31000000.0,161772375.0,130772375.0,5.21846370967742,1.0,1,Q3,3) 6.0-6.9,6.5,2415,42.213765
698,Moonraker,1979-06-26,1979,06 Jun,1) Summer (May-Jul),34000000.0,210308099.0,176308099.0,6.1855323235294115,1.0,1,Q3,2) 5.0-5.9,5.9,541,29.887404
120467,The Grand Budapest Hotel,2014-02-26,2014,02 Feb,3) Other months,30000000.0,174600318.0,144600318.0,5.8200106,1.0,1,Q3,4) 7.0 and above,8.0,4519,74.417456
11313,Hearts in Atlantis,2001-09-07,2001,09 Sep,3) Other months,31000000.0,24185781.0,-6814219.0,0.7801864838709678,0.0,1,Q3,3) 6.0-6.9,6.4,131,7.06762
6488,Arachnophobia,1990-08-09,1990,08 Aug,3) Other months,31000000.0,53208180.0,22208180.0,1.7163929032258065,1.0,1,Q3,3) 6.0-6.9,6.2,433,15.895661
10559,Frequency,2000-04-28,2000,04 Apr,3) Other months,31000000.0,68106245.0,37106245.0,2.1969756451612903,1.0,1,Q3,4) 7.0 and above,7.0,462,19.258041
296099,Vacation,2015-07-28,2015,07 Jul,1) Summer (May-Jul),31000000.0,104384188.0,73384188.0,3.367231870967742,1.0,1,Q3,3) 6.0-6.9,6.2,1195,47.753598
8012,Get Shorty,1995-10-20,1995,10 Oct,3) Other months,30250000.0,115101622.0,84851622.0,3.805012297520661,1.0,1,Q3,3) 6.0-6.9,6.4,302,15.585138
1574,Chicago,2002-12-26,2002,12 Dec,2) Holiday (Nov-Dec),45000000.0,306776732.0,261776732.0,6.817260711111111,1.0,1,Q3,3) 6.0-6.9,6.9,677,32.217425
9032,Big Daddy,1999-06-25,1999,06 Jun,1) Summer (May-Jul),34200000.0,234801895.0,200601895.0,6.865552485380117,1.0,1,Q3,3) 6.0-6.9,6.1,875,34.86859
2770,American Pie 2,2001-08-10,2001,08 Aug,3) Other months,30000000.0,287553595.0,257553595.0,9.585119833333334,1.0,1,Q3,3) 6.0-6.9,6.0,1344,36.432598
862,Toy Story,1995-10-30,1995,10 Oct,3) Other months,30000000.0,373554033.0,343554033.0,12.4518011,1.0,1,Q3,4) 7.0 and above,7.7,5269,73.640445
1637,Speed,1994-06-09,1994,06 Jun,1) Summer (May-Jul),30000000.0,350448145.0,320448145.0,11.681604833333333,1.0,1,Q3,3) 6.0-6.9,6.8,1783,49.526736
72570,The Vow,2012-02-05,2012,02 Feb,3) Other months,30000000.0,196114570.0,166114570.0,6.537152333333333,1.0,1,Q3,4) 7.0 and above,7.0,1293,26.780961
27569,Extraordinary Measures,2010-01-21,2010,01 Jan,3) Other months,31000000.0,15134293.0,-15865707.0,0.488203,0.0,1,Q3,3) 6.0-6.9,6.0,89,6.487344
10637,Remember the Titans,2000-09-29,2000,09 Sep,3) Other months,30000000.0,136706683.0,106706683.0,4.556889433333334,1.0,1,Q3,4) 7.0 and above,7.4,821,25.996219
1669,The Hunt for Red October,1990-03-02,1990,03 Mar,3) Other months,30000000.0,199200000.0,169200000.0,6.64,1.0,1,Q3,4) 7.0 and above,7.2,957,46.212155
132363,The Butler,2013-08-16,2013,08 Aug,3) Other months,25000000.0,115922175.0,90922175.0,4.636887,1.0,1,Q2,4) 7.0 and above,7.2,1101,32.105328
9472,DodgeBall: A True Underdog Story,2004-06-18,2004,06 Jun,1) Summer (May-Jul),20000000.0,167722310.0,147722310.0,8.3861155,1.0,1,Q2,3) 6.0-6.9,6.2,981,41.156217
2907,The Addams Family,1991-11-22,1991,11 Nov,2) Holiday (Nov-Dec),30000000.0,191502426.0,161502426.0,6.3834142,1.0,1,Q3,3) 6.0-6.9,6.7,848,37.179547
9273,Ace Ventura: When Nature Calls,1995-11-10,1995,11 Nov,2) Holiday (Nov-Dec),30000000.0,212385533.0,182385533.0,7.079517766666667,1.0,1,Q3,3) 6.0-6.9,6.1,1099,34.391792
9880,The Princess Diaries,2001-08-03,2001,08 Aug,3) Other months,37000000.0,165335153.0,128335153.0,4.468517648648649,1.0,1,Q3,3) 6.0-6.9,6.5,1023,40.176265
2925,The First Wives Club,1996-09-20,1996,09 Sep,3) Other months,26000000.0,116400000.0,90400000.0,4.476923076923077,1.0,1,Q3,3) 6.0-6.9,6.5,166,10.704596
807,Se7en,1995-09-22,1995,09 Sep,3) Other months,33000000.0,327311859.0,294311859.0,9.918541181818181,1.0,1,Q3,4) 7.0 and above,8.1,5765,79.579532
17654,District 9,2009-08-05,2009,08 Aug,3) Other months,30000000.0,210819611.0,180819611.0,7.027320366666666,1.0,1,Q3,4) 7.0 and above,7.3,3382,63.13678
11836,The SpongeBob SquarePants Movie,2004-11-14,2004,11 Nov,2) Holiday (Nov-Dec),30000000.0,140161792.0,110161792.0,4.672059733333334,1.0,1,Q3,3) 6.0-6.9,6.7,574,27.870755
322,Mystic River,2003-10-07,2003,10 Oct,3) Other months,25000000.0,156822020.0,131822020.0,6.2728808,1.0,1,Q2,4) 7.0 and above,7.6,1422,31.242999
70,Million Dollar Baby,2004-12-15,2004,12 Dec,2) Holiday (Nov-Dec),30000000.0,216763646.0,186763646.0,7.2254548666666665,1.0,1,Q3,4) 7.0 and above,7.7,2439,70.456012
9535,Analyze This,1999-03-05,1999,03 Mar,3) Other months,80000000.0,176885658.0,96885658.0,2.211070725,1.0,1,Q4 (highest),3) 6.0-6.9,6.4,503,29.415229
11036,The Notebook,2004-06-25,2004,06 Jun,1) Summer (May-Jul),29000000.0,115603229.0,86603229.0,3.98631824137931,1.0,1,Q3,4) 7.0 and above,7.7,3067,55.109138
6557,27 Dresses,2008-01-10,2008,01 Jan,3) Other months,30000000.0,160259319.0,130259319.0,5.3419773,1.0,1,Q3,3) 6.0-6.9,6.1,978,30.695228
18126,Hannah Montana: The Movie,2009-04-10,2009,04 Apr,3) Other months,35000000.0,155545279.0,120545279.0,4.444150828571429,1.0,1,Q3,3) 6.0-6.9,6.0,449,13.788422
16340,Rugrats in Paris: The Movie,2000-09-14,2000,09 Sep,3) Other months,30.0,103.0,,,,0,,3) 6.0-6.9,6.0,100,4.590277
10333,The Prince of Tides,1991-12-25,1991,12 Dec,2) Holiday (Nov-Dec),30000000.0,74787599.0,44787599.0,2.492919966666667,1.0,1,Q3,2) 5.0-5.9,5.9,56,3.845231
4476,Legends of the Fall,1994-12-16,1994,12 Dec,2) Holiday (Nov-Dec),30000000.0,160638883.0,130638883.0,5.354629433333334,1.0,1,Q3,4) 7.0 and above,7.2,619,26.952727
22947,Up in the Air,2009-09-05,2009,09 Sep,3) Other months,25000000.0,163670000.0,138670000.0,6.5468,1.0,1,Q2,3) 6.0-6.9,6.7,1205,33.704181
2755,About Schmidt,2002-12-13,2002,12 Dec,2) Holiday (Nov-Dec),30000000.0,105834556.0,75834556.0,3.5278185333333334,1.0,1,Q3,3) 6.0-6.9,6.7,362,19.925026
82654,Warm Bodies,2013-01-31,2013,01 Jan,3) Other months,35000000.0,116980662.0,81980662.0,3.3423046285714286,1.0,1,Q3,3) 6.0-6.9,6.4,2652,43.742241
59967,Looper,2012-09-26,2012,09 Sep,3) Other months,30000000.0,47042000.0,17042000.0,1.5680666666666667,1.0,1,Q3,3) 6.0-6.9,6.6,4697,46.377628
16300,Down to Earth,2001-02-16,2001,02 Feb,3) Other months,,,,,,0,,1) Below 5.0,4.9,95,9.166658
9598,Babe,1995-07-18,1995,07 Jul,1) Summer (May-Jul),30000000.0,254134910.0,224134910.0,8.471163666666667,1.0,1,Q3,3) 6.0-6.9,6.0,733,34.36645
82696,Hope Springs,2012-08-07,2012,08 Aug,3) Other months,30000000.0,114281051.0,84281051.0,3.8093683666666665,1.0,1,Q3,2) 5.0-5.9,5.8,284,12.967137
9870,Forgetting Sarah Marshall,2008-04-17,2008,04 Apr,3) Other months,30000000.0,105173115.0,75173115.0,3.5057705,1.0,1,Q3,3) 6.0-6.9,6.4,1172,50.670253
8292,Four Brothers,2005-08-11,2005,08 Aug,3) Other months,45000000.0,92374674.0,47374674.0,2.0527705333333333,1.0,1,Q3,3) 6.0-6.9,6.7,607,24.694551
8780,Baby Mama,2008-04-23,2008,04 Apr,3) Other months,30000000.0,63833449.0,33833449.0,2.1277816333333335,1.0,1,Q3,2) 5.0-5.9,5.8,205,11.409124
9715,Hope Floats,1998-05-29,1998,05 May,1) Summer (May-Jul),,,,,,0,,2) 5.0-5.9,5.8,81,7.922716
10521,Bride Wars,2009-01-09,2009,01 Jan,3) Other months,30000000.0,114663461.0,84663461.0,3.8221153666666665,1.0,1,Q3,2) 5.0-5.9,5.9,856,33.385429
10762,Without a Paddle,2004-08-20,2004,08 Aug,3) Other months,19000000.0,69631118.0,50631118.0,3.6647956842105263,1.0,1,Q2,2) 5.0-5.9,5.3,214,8.584398
10096,13 Going on 30,2004-04-13,2004,04 Apr,3) Other months,37000000.0,96455697.0,59455697.0,2.6069107297297296,1.0,1,Q3,3) 6.0-6.9,6.3,1204,41.569541
59436,Midnight in Paris,2011-05-11,2011,05 May,1) Summer (May-Jul),30000000.0,151119219.0,121119219.0,5.0373073,1.0,1,Q3,4) 7.0 and above,7.4,1990,43.753585
227783,The Nut Job,2014-01-17,2014,01 Jan,3) Other months,,,,,,0,,2) 5.0-5.9,5.5,319,18.568021
4133,Blow,2001-04-04,2001,04 Apr,3) Other months,53000000.0,83282296.0,30282296.0,1.5713640754716982,1.0,1,Q3,4) 7.0 and above,7.4,1317,28.350529
10207,Message in a Bottle,1999-02-22,1999,02 Feb,3) Other months,80000000.0,118880016.0,38880016.0,1.4860002,1.0,1,Q4 (highest),2) 5.0-5.9,5.8,196,10.81051
172,Star Trek V: The Final Frontier,1989-06-09,1989,06 Jun,1) Summer (May-Jul),30000000.0,70200000.0,40200000.0,2.34,1.0,1,Q3,2) 5.0-5.9,5.6,376,19.578249
21972,Like Mike,2002-07-03,2002,07 Jul,1) Summer (May-Jul),30000000.0,,,,,0,,2) 5.0-5.9,5.7,100,5.73667
36593,The Naked Gun 33⅓: The Final Insult,1994-03-18,1994,03 Mar,3) Other months,30000000.0,51132598.0,21132598.0,1.7044199333333334,1.0,1,Q3,3) 6.0-6.9,6.3,521,28.624038
707,A View to a Kill,1985-05-24,1985,05 May,1) Summer (May-Jul),30000000.0,152427960.0,122427960.0,5.080932,1.0,1,Q3,3) 6.0-6.9,6.0,506,27.230493
533,The Curse of the Were-Rabbit,2005-09-04,2005,09 Sep,3) Other months,30000000.0,192452832.0,162452832.0,6.4150944,1.0,1,Q3,3) 6.0-6.9,6.8,643,30.380747
6023,P.S. I Love You,2007-11-15,2007,11 Nov,2) Holiday (Nov-Dec),30000000.0,156835339.0,126835339.0,5.2278446333333335,1.0,1,Q3,3) 6.0-6.9,6.9,977,29.489274
6439,Racing Stripes,2005-01-06,2005,01 Jan,3) Other months,30000000.0,93772522.0,63772522.0,3.125750733333333,1.0,1,Q3,2) 5.0-5.9,5.1,123,8.058109
4347,Atonement,2007-08-29,2007,08 Aug,3) Other months,30000000.0,129266061.0,99266061.0,4.3088687,1.0,1,Q3,4) 7.0 and above,7.4,1049,33.369305
37056,Letters to Juliet,2010-05-14,2010,05 May,1) Summer (May-Jul),30000000.0,,,,,0,,3) 6.0-6.9,6.6,796,16.52083
4105,Black Rain,1989-09-22,1989,09 Sep,3) Other months,30000000.0,45892212.0,15892212.0,1.5297404,1.0,1,Q3,3) 6.0-6.9,6.2,243,11.19602
76489,The Three Stooges,2012-04-13,2012,04 Apr,3) Other months,30000000.0,54819301.0,24819301.0,1.8273100333333334,1.0,1,Q3,1) Below 5.0,4.9,140,14.585968
3933,Corpse Bride,2005-09-09,2005,09 Sep,3) Other months,40000000.0,117195061.0,77195061.0,2.929876525,1.0,1,Q3,4) 7.0 and above,7.2,1894,43.571612
9918,Glory Road,2006-01-13,2006,01 Jan,3) Other months,,42647449.0,,,,0,,4) 7.0 and above,7.2,144,8.305085
273481,Sicario,2015-09-17,2015,09 Sep,3) Other months,30000000.0,84025816.0,54025816.0,2.800860533333333,1.0,1,Q3,4) 7.0 and above,7.2,2416,55.424027
307081,Southpaw,2015-06-15,2015,06 Jun,1) Summer (May-Jul),30000000.0,91709827.0,61709827.0,3.0569942333333335,1.0,1,Q3,4) 7.0 and above,7.3,2067,65.364452
16871,Drag Me to Hell,2009-03-15,2009,03 Mar,3) Other months,30000000.0,90810892.0,60810892.0,3.0270297333333334,1.0,1,Q3,3) 6.0-6.9,6.2,966,45.083509
293863,The Age of Adaline,2015-04-16,2015,04 Apr,3) Other months,25000000.0,65663276.0,40663276.0,2.62653104,1.0,1,Q2,4) 7.0 and above,7.4,1990,82.052056
13156,Secondhand Lions,2003-09-19,2003,09 Sep,3) Other months,,,,,,0,,3) 6.0-6.9,6.9,260,15.011624
41233,Step Up 3D,2010-08-04,2010,08 Aug,3) Other months,30000000.0,159291809.0,129291809.0,5.309726966666667,1.0,1,Q3,3) 6.0-6.9,6.6,582,25.060342
9266,Blue Crush,2002-08-08,2002,08 Aug,3) Other months,25000000.0,51842679.0,26842679.0,2.07370716,1.0,1,Q2,2) 5.0-5.9,5.6,159,11.42943
1262,Stranger Than Fiction,2006-09-09,2006,09 Sep,3) Other months,30000000.0,53653224.0,23653224.0,1.7884408,1.0,1,Q3,4) 7.0 and above,7.1,721,32.26789
4513,30 Days of Night,2007-10-17,2007,10 Oct,3) Other months,30000000.0,75505973.0,45505973.0,2.5168657666666667,1.0,1,Q3,3) 6.0-6.9,6.2,767,33.394082
22970,The Cabin in the Woods,2012-04-12,2012,04 Apr,3) Other months,30000000.0,66486080.0,36486080.0,2.2162026666666668,1.0,1,Q3,3) 6.0-6.9,6.5,2263,73.987775
7278,Meet the Spartans,2008-01-24,2008,01 Jan,3) Other months,30000000.0,84646831.0,54646831.0,2.8215610333333334,1.0,1,Q3,1) Below 5.0,3.7,359,10.608998
9013,Midnight Run,1988-07-20,1988,07 Jul,1) Summer (May-Jul),30000000.0,38413606.0,8413606.0,1.2804535333333333,1.0,1,Q3,4) 7.0 and above,7.2,238,12.821329
865,The Running Man,1987-11-13,1987,11 Nov,2) Holiday (Nov-Dec),27000000.0,38122105.0,11122105.0,1.4119298148148147,1.0,1,Q3,3) 6.0-6.9,6.4,703,30.131498
10776,Little Shop of Horrors,1986-12-19,1986,12 Dec,2) Holiday (Nov-Dec),25000000.0,38748395.0,13748395.0,1.5499358,1.0,1,Q2,3) 6.0-6.9,6.6,384,12.113235
50456,Hanna,2011-04-07,2011,04 Apr,3) Other months,30000000.0,63782078.0,33782078.0,2.1260692666666667,1.0,1,Q3,3) 6.0-6.9,6.5,1263,31.191975
9823,Mortal Kombat: Annihilation,1997-11-21,1997,11 Nov,2) Holiday (Nov-Dec),30000000.0,51376861.0,21376861.0,1.7125620333333333,1.0,1,Q3,1) Below 5.0,3.8,221,11.916389
59861,Larry Crowne,2011-06-30,2011,06 Jun,1) Summer (May-Jul),30000000.0,36160375.0,6160375.0,1.2053458333333333,1.0,1,Q3,2) 5.0-5.9,5.7,359,20.355458
133805,Carrie,2013-10-16,2013,10 Oct,3) Other months,30000000.0,82394288.0,52394288.0,2.746476266666667,1.0,1,Q3,2) 5.0-5.9,5.8,1463,63.848541
12763,Take the Lead,2006-03-17,2006,03 Mar,3) Other months,30000000.0,34742066.0,4742066.0,1.1580688666666668,1.0,1,Q3,3) 6.0-6.9,6.6,162,8.999675
9766,Gridiron Gang,2006-09-15,2006,09 Sep,3) Other months,30000000.0,41480851.0,11480851.0,1.3826950333333334,1.0,1,Q3,3) 6.0-6.9,6.5,206,9.278361
14034,What's the Worst That Could Happen?,2001-05-31,2001,05 May,1) Summer (May-Jul),45000000.0,,,,,0,,2) 5.0-5.9,5.1,66,7.185212
12244,9,2009-08-19,2009,08 Aug,3) Other months,30000000.0,48428063.0,18428063.0,1.6142687666666666,1.0,1,Q3,3) 6.0-6.9,6.6,1262,55.806402
109421,Side Effects,2013-02-07,2013,02 Feb,3) Other months,30000000.0,63372757.0,33372757.0,2.1124252333333335,1.0,1,Q3,3) 6.0-6.9,6.4,1323,48.237797
11137,The Prince & Me,2004-03-28,2004,03 Mar,3) Other months,,,,,,0,,2) 5.0-5.9,5.9,278,17.943945
51162,Winnie the Pooh,2011-04-13,2011,04 Apr,3) Other months,30000000.0,14460000.0,-15540000.0,0.482,0.0,1,Q3,3) 6.0-6.9,6.8,258,19.143721
10152,Dumb and Dumberer: When Harry Met Lloyd,2003-06-13,2003,06 Jun,1) Summer (May-Jul),19000000.0,39267515.0,20267515.0,2.066711315789474,1.0,1,Q2,1) Below 5.0,4.1,210,15.67747
9452,Bulworth,1998-05-15,1998,05 May,1) Summer (May-Jul),30000000.0,29202884.0,-797116.0,0.9734294666666666,0.0,1,Q3,3) 6.0-6.9,6.3,66,4.52363
239566,Get on Up,2014-08-01,2014,08 Aug,3) Other months,,31911598.0,,,,0,,3) 6.0-6.9,6.4,158,13.064264
53113,One True Thing,1998-09-18,1998,09 Sep,3) Other months,,,,,,0,,3) 6.0-6.9,6.2,27,2.644427
9271,Virtuosity,1995-08-04,1995,08 Aug,3) Other months,30000000.0,24048000.0,-5952000.0,0.8016,0.0,1,Q3,2) 5.0-5.9,5.4,163,5.301589
4474,My Super Ex-Girlfriend,2006-06-20,2006,06 Jun,1) Summer (May-Jul),,60896147.0,,,,0,,1) Below 5.0,4.8,442,20.252143
184346,Deliver Us from Evil,2014-07-01,2014,07 Jul,1) Summer (May-Jul),30000000.0,,,,,0,,2) 5.0-5.9,5.9,690,29.359201
48340,Sanctum,2011-02-03,2011,02 Feb,3) Other months,30000000.0,108609310.0,78609310.0,3.6203103333333333,1.0,1,Q3,2) 5.0-5.9,5.8,339,20.063165
14846,Little Black Book,2004-08-06,2004,08 Aug,3) Other months,35000000.0,22034832.0,-12965168.0,0.6295666285714285,0.0,1,Q3,2) 5.0-5.9,5.2,112,6.246199
72207,The Five-Year Engagement,2012-04-27,2012,04 Apr,3) Other months,30000000.0,53909751.0,23909751.0,1.7969917,1.0,1,Q3,2) 5.0-5.9,5.7,457,27.71063
16232,Mr. 3000,2004-06-15,2004,06 Jun,1) Summer (May-Jul),30000000.0,21800302.0,-8199698.0,0.7266767333333334,0.0,1,Q3,2) 5.0-5.9,5.0,66,2.850896
43539,The Next Three Days,2010-11-18,2010,11 Nov,2) Holiday (Nov-Dec),30000000.0,51148651.0,21148651.0,1.7049550333333334,1.0,1,Q3,3) 6.0-6.9,6.9,905,34.421696
9920,Ultraviolet,2006-03-03,2006,03 Mar,3) Other months,30000000.0,31070211.0,1070211.0,1.0356737,1.0,1,Q3,1) Below 5.0,4.8,458,15.89534
8978,Assault on Precinct 13,2005-01-19,2005,01 Jan,3) Other months,30000000.0,35294470.0,5294470.0,1.1764823333333334,1.0,1,Q3,3) 6.0-6.9,6.0,311,18.706504
11702,The Replacement Killers,1998-02-06,1998,02 Feb,3) Other months,30000000.0,19204929.0,-10795071.0,0.6401643,0.0,1,Q3,3) 6.0-6.9,6.0,127,9.607391
18550,Fled,1996-07-19,1996,07 Jul,1) Summer (May-Jul),25000000.0,17193231.0,-7806769.0,0.68772924,0.0,1,Q2,2) 5.0-5.9,5.2,47,2.77255
8869,Eight Legged Freaks,2002-07-17,2002,07 Jul,1) Summer (May-Jul),,,,,,0,,2) 5.0-5.9,5.4,295,17.834976
43347,Love & Other Drugs,2010-11-22,2010,11 Nov,2) Holiday (Nov-Dec),30000000.0,102820008.0,72820008.0,3.4273336,1.0,1,Q3,3) 6.0-6.9,6.6,1233,20.236951
3489,88 Minutes,2007-02-14,2007,02 Feb,3) Other months,30000000.0,16930884.0,-13069116.0,0.5643628,0.0,1,Q3,2) 5.0-5.9,5.7,313,16.883429
9701,North Country,2005-02-12,2005,02 Feb,3) Other months,35000000.0,25224242.0,-9775758.0,0.7206926285714286,0.0,1,Q3,3) 6.0-6.9,6.8,125,12.779201
2122,The Whole Ten Yards,2004-04-07,2004,04 Apr,3) Other months,40000000.0,26155781.0,-13844219.0,0.653894525,0.0,1,Q3,2) 5.0-5.9,5.5,278,14.729386
37707,Splice,2009-10-06,2009,10 Oct,3) Other months,26000000.0,,,,,0,,2) 5.0-5.9,5.5,671,23.227877
10658,Howard the Duck,1986-08-01,1986,08 Aug,3) Other months,37000000.0,37962774.0,962774.0,1.026020918918919,1.0,1,Q3,2) 5.0-5.9,5.1,221,11.374306
13150,Pride and Glory,2008-09-09,2008,09 Sep,3) Other months,30000000.0,31148328.0,1148328.0,1.0382776,1.0,1,Q3,3) 6.0-6.9,6.3,240,10.703602
9042,The Cave,2005-08-25,2005,08 Aug,3) Other months,30000000.0,15007991.0,-14992009.0,0.5002663666666667,0.0,1,Q3,2) 5.0-5.9,5.1,202,10.756266
17813,Alex & Emma,2003-06-16,2003,06 Jun,1) Summer (May-Jul),30000000.0,15368897.0,-14631103.0,0.5122965666666667,0.0,1,Q3,2) 5.0-5.9,5.0,68,4.352422
11208,Wicker Park,2004-09-03,2004,09 Sep,3) Other months,30000000.0,13001257.0,-16998743.0,0.43337523333333333,0.0,1,Q3,3) 6.0-6.9,6.7,157,9.301562
58151,Fright Night,2011-08-18,2011,08 Aug,3) Other months,17000000.0,24922237.0,7922237.0,1.4660139411764705,1.0,1,Q2,3) 6.0-6.9,6.0,603,18.27083
11400,The New World,2005-12-25,2005,12 Dec,2) Holiday (Nov-Dec),30000000.0,30536013.0,536013.0,1.0178671,1.0,1,Q3,3) 6.0-6.9,6.4,330,19.106154
10350,Wing Commander,1999-03-11,1999,03 Mar,3) Other months,30000000.0,,,,,0,,1) Below 5.0,4.0,72,5.259585
28902,In Dreams,1999-01-15,1999,01 Jan,3) Other months,,,,,,0,,2) 5.0-5.9,5.4,44,3.226243
14164,Dragonball Evolution,2009-04-01,2009,04 Apr,3) Other months,100000000.0,,,,,0,,1) Below 5.0,2.9,462,21.677732
76640,The Last Stand,2013-01-12,2013,01 Jan,3) Other months,30000000.0,,,,,0,,2) 5.0-5.9,5.7,1266,43.882857
11058,Godsend,2004-04-30,2004,04 Apr,3) Other months,25000000.0,30114487.0,5114487.0,1.20457948,1.0,1,Q2,1) Below 5.0,4.7,114,12.10235
14844,Chasing Liberty,2004-01-09,2004,01 Jan,3) Other months,23000000.0,12.0,,,,0,,3) 6.0-6.9,6.1,152,3.362045
57089,Hoodwinked Too! Hood VS. Evil,2011-04-29,2011,04 Apr,3) Other months,30000000.0,13521829.0,-16478171.0,0.4507276333333333,0.0,1,Q3,1) Below 5.0,4.8,131,10.694417
1947,An Unfinished Life,2005-09-09,2005,09 Sep,3) Other months,30000000.0,18618284.0,-11381716.0,0.6206094666666667,0.0,1,Q3,3) 6.0-6.9,6.7,161,6.353971
8054,The Imaginarium of Doctor Parnassus,2009-10-01,2009,10 Oct,3) Other months,30000000.0,64352607.0,34352607.0,2.1450869,1.0,1,Q3,3) 6.0-6.9,6.3,869,37.181019
46829,Barney's Version,2010-10-26,2010,10 Oct,3) Other months,30000000.0,8454301.0,-21545699.0,0.2818100333333333,0.0,1,Q3,4) 7.0 and above,7.2,129,4.952735
146238,Runner Runner,2013-09-24,2013,09 Sep,3) Other months,30000000.0,62616646.0,32616646.0,2.0872215333333335,1.0,1,Q3,2) 5.0-5.9,5.5,543,22.975918
9989,Antitrust,2001-01-12,2001,01 Jan,3) Other months,30000000.0,18195610.0,-11804390.0,0.6065203333333333,0.0,1,Q3,2) 5.0-5.9,5.8,153,8.359599
9665,Glory,1989-12-15,1989,12 Dec,2) Holiday (Nov-Dec),18000000.0,26828365.0,8828365.0,1.4904647222222223,1.0,1,Q2,4) 7.0 and above,7.4,383,16.102271
311,Once Upon a Time in America,1984-02-16,1984,02 Feb,3) Other months,30000000.0,,,,,0,,4) 7.0 and above,8.2,1069,49.336397
102362,Dead Man Down,2013-03-08,2013,03 Mar,3) Other months,,18074539.0,,,,0,,2) 5.0-5.9,5.9,638,29.647844
11162,The Merchant of Venice,2004-09-03,2004,09 Sep,3) Other months,,,,,,0,,3) 6.0-6.9,6.7,144,12.467267
6016,The Good Thief,2003-04-03,2003,04 Apr,3) Other months,,,,,,0,,3) 6.0-6.9,6.0,31,2.774811
17186,Supercross,2005-08-16,2005,08 Aug,3) Other months,,3102550.0,,,,0,,2) 5.0-5.9,5.4,29,3.71305
13967,Miss Potter,2006-12-03,2006,12 Dec,2) Holiday (Nov-Dec),30000000.0,35078241.0,5078241.0,1.1692747,1.0,1,Q3,3) 6.0-6.9,6.3,141,8.386432
2008,The Promise,2005-12-15,2005,12 Dec,2) Holiday (Nov-Dec),,,,,,0,,2) 5.0-5.9,5.0,29,3.866026
9053,DOA: Dead or Alive,2006-09-07,2006,09 Sep,3) Other months,21000000.0,480314.0,-20519686.0,0.022872095238095237,0.0,1,Q2,2) 5.0-5.9,5.0,205,12.790408
4512,The Assassination of Jesse James by the Coward Robert Ford,2007-09-02,2007,09 Sep,3) Other months,30000000.0,14711793.0,-15288207.0,0.4903931,0.0,1,Q3,4) 7.0 and above,7.0,776,35.53352
76349,1911,2011-07-03,2011,07 Jul,1) Summer (May-Jul),30000000.0,108348.0,-29891652.0,0.0036116,0.0,1,Q3,2) 5.0-5.9,5.0,41,4.065212
31203,Little Nicholas,2009-09-30,2009,09 Sep,3) Other months,,,,,,0,,2) 5.0-5.9,5.9,306,20.362025
265208,Wild Card,2015-01-14,2015,01 Jan,3) Other months,30000000.0,,,,,0,,2) 5.0-5.9,5.4,656,48.0343
45610,Machine Gun Preacher,2011-09-23,2011,09 Sep,3) Other months,30000000.0,2527904.0,-27472096.0,0.08426346666666666,0.0,1,Q3,3) 6.0-6.9,6.4,286,13.268936
50135,Animals United,2010-10-07,2010,10 Oct,3) Other months,,,,,,0,,2) 5.0-5.9,5.5,90,8.010046
1874,Goodbye Bafana,2007-02-11,2007,02 Feb,3) Other months,30000000.0,,,,,0,,4) 7.0 and above,7.0,38,12.257654
271331,United Passions,2014-06-19,2014,06 Jun,1) Summer (May-Jul),27000000.0,,,,,0,,1) Below 5.0,3.0,16,6.036684
215211,Grace of Monaco,2014-05-14,2014,05 May,1) Summer (May-Jul),30000000.0,,,,,0,,2) 5.0-5.9,5.8,195,10.958697
367961,Savva. Heart of the Warrior,2015-11-12,2015,11 Nov,2) Holiday (Nov-Dec),30000000.0,,,,,0,,,6.4,7,2.625594
10955,Ripley's Game,2002-09-02,2002,09 Sep,3) Other months,30000000.0,,,,,0,,3) 6.0-6.9,6.6,69,2.981047
223702,Sausage Party,2016-07-11,2016,07 Jul,1) Summer (May-Jul),19000000.0,140752617.0,121752617.0,7.4080324736842105,1.0,1,Q2,2) 5.0-5.9,5.6,2238,66.242737
254470,Pitch Perfect 2,2015-05-07,2015,05 May,1) Summer (May-Jul),29000000.0,287506194.0,258506194.0,9.914006689655173,1.0,1,Q3,3) 6.0-6.9,6.8,1940,71.496894
69,Walk the Line,2005-09-13,2005,09 Sep,3) Other months,28000000.0,186438883.0,158438883.0,6.658531535714285,1.0,1,Q3,4) 7.0 and above,7.3,718,35.580032
4967,Keeping the Faith,2000-04-14,2000,04 Apr,3) Other months,30000000.0,37036004.0,7036004.0,1.2345334666666667,1.0,1,Q3,2) 5.0-5.9,5.9,159,8.085872
9449,The Borrowers,1997-12-05,1997,12 Dec,2) Holiday (Nov-Dec),29000000.0,,,,,0,,2) 5.0-5.9,5.8,135,10.364582
11499,Frost/Nixon,2008-10-15,2008,10 Oct,3) Other months,,,,,,0,,4) 7.0 and above,7.2,328,16.87784
4912,Confessions of a Dangerous Mind,2002-12-30,2002,12 Dec,2) Holiday (Nov-Dec),30000000.0,33013805.0,3013805.0,1.1004601666666667,1.0,1,Q3,3) 6.0-6.9,6.6,275,18.165957
12771,Serving Sara,2002-08-20,2002,08 Aug,3) Other months,29000000.0,16930185.0,-12069815.0,0.5837994827586207,0.0,1,Q3,2) 5.0-5.9,5.0,85,8.93941
323676,The Boss,2016-04-07,2016,04 Apr,3) Other months,29000000.0,78636257.0,49636257.0,2.7115950689655173,1.0,1,Q3,2) 5.0-5.9,5.5,431,20.55509
12506,Cry Freedom,1987-11-05,1987,11 Nov,2) Holiday (Nov-Dec),,,,,,0,,3) 6.0-6.9,6.9,51,3.735723
24071,Mumford,1999-09-24,1999,09 Sep,3) Other months,,,,,,0,,3) 6.0-6.9,6.3,26,4.310168
11249,Seed of Chucky,2004-11-11,2004,11 Nov,2) Holiday (Nov-Dec),12000000.0,24829644.0,12829644.0,2.069137,1.0,1,Q2,1) Below 5.0,4.9,287,12.653831
9667,The Jacket,2005-03-04,2005,03 Mar,3) Other months,29000000.0,21126225.0,-7873775.0,0.7284905172413794,0.0,1,Q3,3) 6.0-6.9,6.8,455,24.240361
812,Aladdin,1992-11-25,1992,11 Nov,2) Holiday (Nov-Dec),28000000.0,504050219.0,476050219.0,18.001793535714285,1.0,1,Q3,4) 7.0 and above,7.4,3416,92.982009
277216,Straight Outta Compton,2015-08-13,2015,08 Aug,3) Other months,28000000.0,201634991.0,173634991.0,7.201249678571428,1.0,1,Q3,4) 7.0 and above,7.7,1355,61.76233
87,Indiana Jones and the Temple of Doom,1984-05-23,1984,05 May,1) Summer (May-Jul),28000000.0,333000000.0,305000000.0,11.892857142857142,1.0,1,Q3,4) 7.0 and above,7.1,2781,66.976776
14444,The Rugrats Movie,1998-11-20,1998,11 Nov,2) Holiday (Nov-Dec),30000000.0,100491683.0,70491683.0,3.3497227666666665,1.0,1,Q3,2) 5.0-5.9,5.7,147,7.981116
2043,Along Came a Spider,2001-04-06,2001,04 Apr,3) Other months,60000000.0,105178561.0,45178561.0,1.7529760166666666,1.0,1,Q4 (highest),3) 6.0-6.9,6.1,400,21.252797
315664,Florence Foster Jenkins,2016-05-06,2016,05 May,1) Summer (May-Jul),29000000.0,48902953.0,19902953.0,1.686308724137931,1.0,1,Q3,3) 6.0-6.9,6.6,392,19.237254
1428,Once Upon a Time in Mexico,2003-09-11,2003,09 Sep,3) Other months,29000000.0,98185582.0,69185582.0,3.3857097241379313,1.0,1,Q3,3) 6.0-6.9,6.2,594,27.555646
562,Die Hard,1988-07-15,1988,07 Jul,1) Summer (May-Jul),28000000.0,140767956.0,112767956.0,5.027427,1.0,1,Q3,4) 7.0 and above,7.5,3948,66.169628
15373,Role Models,2008-02-03,2008,02 Feb,3) Other months,28000000.0,92380927.0,64380927.0,3.2993188214285714,1.0,1,Q3,3) 6.0-6.9,6.4,564,24.917665
318846,The Big Short,2015-12-11,2015,12 Dec,2) Holiday (Nov-Dec),28000000.0,133346506.0,105346506.0,4.762375214285714,1.0,1,Q3,4) 7.0 and above,7.3,2607,57.518472
26320,Taking Woodstock,2009-09-03,2009,09 Sep,3) Other months,,,,,,0,,3) 6.0-6.9,6.2,127,11.870161
14292,Miracle,2004-02-06,2004,02 Feb,3) Other months,28000000.0,64445708.0,36445708.0,2.3016324285714287,1.0,1,Q3,4) 7.0 and above,7.0,159,7.534003
924,Dawn of the Dead,2004-03-19,2004,03 Mar,3) Other months,28000000.0,102356381.0,74356381.0,3.6555850357142856,1.0,1,Q3,3) 6.0-6.9,6.8,1016,44.529429
2018,The Wedding Planner,2001-01-26,2001,01 Jan,3) Other months,35000000.0,94728529.0,59728529.0,2.7065294,1.0,1,Q3,2) 5.0-5.9,5.5,427,14.949395
192577,Space Pirate Captain Harlock,2013-09-07,2013,09 Sep,3) Other months,30000000.0,17137302.0,-12862698.0,0.5712434,0.0,1,Q3,3) 6.0-6.9,6.5,356,14.726338
9428,The Royal Tenenbaums,2001-10-05,2001,10 Oct,3) Other months,21000000.0,71441250.0,50441250.0,3.4019642857142856,1.0,1,Q2,4) 7.0 and above,7.4,1286,24.13081
2832,Identity,2003-04-25,2003,04 Apr,3) Other months,30000000.0,90259536.0,60259536.0,3.0086512,1.0,1,Q3,4) 7.0 and above,7.1,1061,45.915165
137093,Last Vegas,2013-10-31,2013,10 Oct,3) Other months,28000000.0,134402450.0,106402450.0,4.8000875,1.0,1,Q3,3) 6.0-6.9,6.4,799,28.043508
699,For Your Eyes Only,1981-06-23,1981,06 Jun,1) Summer (May-Jul),28000000.0,195312802.0,167312802.0,6.975457214285714,1.0,1,Q3,3) 6.0-6.9,6.3,490,26.090746
9778,Serendipity,2001-10-05,2001,10 Oct,3) Other months,28000000.0,77516304.0,49516304.0,2.7684394285714284,1.0,1,Q3,3) 6.0-6.9,6.6,521,14.530803
8831,Timecop,1994-09-15,1994,09 Sep,3) Other months,27000000.0,101646581.0,74646581.0,3.764688185185185,1.0,1,Q3,2) 5.0-5.9,5.5,282,13.308127
9398,Zoolander,2001-09-28,2001,09 Sep,3) Other months,28000000.0,60780981.0,32780981.0,2.1707493214285716,1.0,1,Q3,3) 6.0-6.9,6.1,1337,38.0958
112949,Safe Haven,2013-02-07,2013,02 Feb,3) Other months,28000000.0,97594140.0,69594140.0,3.485505,1.0,1,Q3,3) 6.0-6.9,6.9,823,37.729059
10439,Hocus Pocus,1993-07-16,1993,07 Jul,1) Summer (May-Jul),28000000.0,39514713.0,11514713.0,1.41123975,1.0,1,Q3,3) 6.0-6.9,6.4,471,18.650748
3638,No Reservations,2007-07-25,2007,07 Jul,1) Summer (May-Jul),28000000.0,92601050.0,64601050.0,3.3071803571428573,1.0,1,Q3,3) 6.0-6.9,6.1,327,15.794946
23483,Kick-Ass,2010-03-22,2010,03 Mar,3) Other months,28000000.0,96188903.0,68188903.0,3.4353179642857143,1.0,1,Q3,4) 7.0 and above,7.1,4645,45.054936
62206,30 Minutes or Less,2011-08-11,2011,08 Aug,3) Other months,28000000.0,40547440.0,12547440.0,1.448122857142857,1.0,1,Q3,2) 5.0-5.9,5.6,531,25.039383
10577,Dracula 2000,2000-12-22,2000,12 Dec,2) Holiday (Nov-Dec),28000000.0,33000337.0,5000337.0,1.1785834642857143,1.0,1,Q3,1) Below 5.0,4.6,148,6.756771
218778,"Alexander and the Terrible, Horrible, No Good, Very Bad Day",2014-10-08,2014,10 Oct,3) Other months,28000000.0,100654149.0,72654149.0,3.5947910357142856,1.0,1,Q3,3) 6.0-6.9,6.1,493,22.14595
4348,Pride & Prejudice,2005-09-16,2005,09 Sep,3) Other months,28000000.0,121147947.0,93147947.0,4.326712392857143,1.0,1,Q3,4) 7.0 and above,7.7,1358,36.58383
78,Blade Runner,1982-06-25,1982,06 Jun,1) Summer (May-Jul),28000000.0,33139618.0,5139618.0,1.1835577857142856,1.0,1,Q3,4) 7.0 and above,7.9,3509,94.056131
11780,Rob Roy,1995-04-13,1995,04 Apr,3) Other months,28000000.0,31596911.0,3596911.0,1.1284611071428572,1.0,1,Q3,3) 6.0-6.9,6.5,148,10.703456
192102,3 Days to Kill,2014-02-14,2014,02 Feb,3) Other months,28000000.0,52597999.0,24597999.0,1.8784999642857143,1.0,1,Q3,3) 6.0-6.9,6.0,883,41.638961
2001,We Own the Night,2007-05-25,2007,05 May,1) Summer (May-Jul),21000000.0,54926886.0,33926886.0,2.615566,1.0,1,Q2,3) 6.0-6.9,6.5,323,14.518708
10383,Lost Souls,2000-10-13,2000,10 Oct,3) Other months,,,,,,0,,1) Below 5.0,4.5,38,3.312385
11516,Winged Migration,2001-12-12,2001,12 Dec,2) Holiday (Nov-Dec),35866397.0,20217080.0,-15649317.0,0.5636774722590618,0.0,1,Q3,4) 7.0 and above,7.0,49,3.75074
10025,Just My Luck,2006-05-12,2006,05 May,1) Summer (May-Jul),28000000.0,38159905.0,10159905.0,1.36285375,1.0,1,Q3,2) 5.0-5.9,5.8,491,22.074306
15198,"Mystery, Alaska",1999-10-01,1999,10 Oct,3) Other months,28000000.0,8888143.0,-19111857.0,0.31743367857142857,0.0,1,Q3,3) 6.0-6.9,6.0,69,4.436792
23172,The Spy Next Door,2010-01-15,2010,01 Jan,3) Other months,28000000.0,45236543.0,17236543.0,1.6155908214285715,1.0,1,Q3,2) 5.0-5.9,5.5,345,14.639324
17834,A Simple Wish,1997-07-11,1997,07 Jul,1) Summer (May-Jul),28000000.0,8345056.0,-19654944.0,0.2980377142857143,0.0,1,Q3,2) 5.0-5.9,5.5,46,1.767479
10016,Ghosts of Mars,2001-08-24,2001,08 Aug,3) Other months,28000000.0,14010832.0,-13989168.0,0.5003868571428571,0.0,1,Q3,1) Below 5.0,4.8,296,13.145205
10317,Our Brand Is Crisis,2015-09-11,2015,09 Sep,3) Other months,28000000.0,7002261.0,-20997739.0,0.25008075,0.0,1,Q3,2) 5.0-5.9,5.8,195,12.921594
58431,Pride and Prejudice and Zombies,2016-02-04,2016,02 Feb,3) Other months,28000000.0,16374328.0,-11625672.0,0.5847974285714286,0.0,1,Q3,2) 5.0-5.9,5.5,640,28.397048
9746,Kundun,1997-12-25,1997,12 Dec,2) Holiday (Nov-Dec),28000000.0,5684789.0,-22315211.0,0.20302817857142857,0.0,1,Q3,3) 6.0-6.9,6.8,91,7.039189
13092,How to Lose Friends & Alienate People,2008-10-02,2008,10 Oct,3) Other months,27000000.0,17286299.0,-9713701.0,0.6402332962962963,0.0,1,Q3,3) 6.0-6.9,6.2,244,16.785866
59859,Kick-Ass 2,2013-07-17,2013,07 Jul,1) Summer (May-Jul),28000000.0,60700000.0,32700000.0,2.1678571428571427,1.0,1,Q3,3) 6.0-6.9,6.3,2224,40.28635
13495,Alatriste,2006-09-01,2006,09 Sep,3) Other months,24000000.0,23321954.0,-678046.0,0.9717480833333333,0.0,1,Q2,2) 5.0-5.9,5.6,61,6.009644
254473,Brick Mansions,2014-04-22,2014,04 Apr,3) Other months,28000000.0,68896829.0,40896829.0,2.460601035714286,1.0,1,Q3,2) 5.0-5.9,5.7,615,25.520976
700,Octopussy,1983-06-05,1983,06 Jun,1) Summer (May-Jul),27500000.0,187500000.0,160000000.0,6.818181818181818,1.0,1,Q3,3) 6.0-6.9,6.2,527,25.633663
4964,Knocked Up,2007-06-01,2007,06 Jun,1) Summer (May-Jul),30000000.0,219076518.0,189076518.0,7.3025506,1.0,1,Q3,3) 6.0-6.9,6.2,1214,22.527211
10024,My Sister's Keeper,2009-06-26,2009,06 Jun,1) Summer (May-Jul),30000000.0,95714875.0,65714875.0,3.1904958333333333,1.0,1,Q3,4) 7.0 and above,7.1,598,24.09152
13490,Welcome Home Roscoe Jenkins,2008-02-08,2008,02 Feb,3) Other months,35000000.0,43650785.0,8650785.0,1.2471652857142856,1.0,1,Q3,2) 5.0-5.9,5.7,57,6.248273
15927,A Passage to India,1984-12-14,1984,12 Dec,2) Holiday (Nov-Dec),8000000.0,27187653.0,19187653.0,3.398456625,1.0,1,Q1 (lowest),3) 6.0-6.9,6.9,67,9.548391
1259,Notes on a Scandal,2006-12-25,2006,12 Dec,2) Holiday (Nov-Dec),15000000.0,49469904.0,34469904.0,3.2979936,1.0,1,Q2,3) 6.0-6.9,6.9,235,12.576381
5125,Rendition,2007-09-07,2007,09 Sep,3) Other months,27500000.0,24748670.0,-2751330.0,0.8999516363636364,0.0,1,Q3,3) 6.0-6.9,6.2,205,12.741073
174,Star Trek VI: The Undiscovered Country,1991-12-05,1991,12 Dec,2) Holiday (Nov-Dec),27000000.0,96900000.0,69900000.0,3.588888888888889,1.0,1,Q3,3) 6.0-6.9,6.7,413,16.188572
9583,Divine Secrets of the Ya-Ya Sisterhood,2002-06-07,2002,06 Jun,1) Summer (May-Jul),27000000.0,,,,,0,,2) 5.0-5.9,5.6,65,5.576937
9437,Kiss the Girls,1997-10-03,1997,10 Oct,3) Other months,27000000.0,60527873.0,33527873.0,2.2417730740740742,1.0,1,Q3,3) 6.0-6.9,6.2,345,18.913
525,The Blues Brothers,1980-06-17,1980,06 Jun,1) Summer (May-Jul),27000000.0,115229890.0,88229890.0,4.267773703703703,1.0,1,Q3,4) 7.0 and above,7.5,1065,44.714264
10188,The Sisterhood of the Traveling Pants 2,2008-08-06,2008,08 Aug,3) Other months,27000000.0,44352417.0,17352417.0,1.6426821111111112,1.0,1,Q3,3) 6.0-6.9,6.0,238,11.870301
63574,Joyful Noise,2012-01-13,2012,01 Jan,3) Other months,,,,,,0,,3) 6.0-6.9,6.7,33,5.753705
245,About a Boy,2002-04-26,2002,04 Apr,3) Other months,27000000.0,129000000.0,102000000.0,4.777777777777778,1.0,1,Q3,3) 6.0-6.9,6.6,607,28.227984
9825,Lake Placid,1999-07-15,1999,07 Jul,1) Summer (May-Jul),27000000.0,56870414.0,29870414.0,2.1063116296296296,1.0,1,Q3,2) 5.0-5.9,5.5,247,11.678561
186,Lucky Number Slevin,2006-02-24,2006,02 Feb,3) Other months,27000000.0,56308881.0,29308881.0,2.0855141111111113,1.0,1,Q3,4) 7.0 and above,7.4,1323,36.921445
9549,The Right Stuff,1983-10-20,1983,10 Oct,3) Other months,27000000.0,21500000.0,-5500000.0,0.7962962962962963,0.0,1,Q3,4) 7.0 and above,7.3,235,17.567332
61891,Anonymous,2011-10-21,2011,10 Oct,3) Other months,30000000.0,15395087.0,-14604913.0,0.5131695666666667,0.0,1,Q3,3) 6.0-6.9,6.3,288,16.698316
34584,The NeverEnding Story,1984-04-05,1984,04 Apr,3) Other months,27000000.0,20158808.0,-6841192.0,0.7466225185185185,0.0,1,Q3,4) 7.0 and above,7.0,1002,47.862016
2666,Dark City,1998-02-27,1998,02 Feb,3) Other months,27000000.0,27200316.0,200316.0,1.007419111111111,1.0,1,Q3,4) 7.0 and above,7.2,828,39.324831
12783,The Duchess,2008-09-05,2008,09 Sep,3) Other months,,,,,,0,,3) 6.0-6.9,6.7,396,18.591657
13155,Return to Oz,1985-06-21,1985,06 Jun,1) Summer (May-Jul),25000000.0,11137801.0,-13862199.0,0.44551204,0.0,1,Q2,3) 6.0-6.9,6.7,120,5.650125
42807,The Newton Boys,1998-03-26,1998,03 Mar,3) Other months,27000000.0,76000000.0,49000000.0,2.814814814814815,1.0,1,Q3,2) 5.0-5.9,5.9,44,3.123583
28355,Case 39,2009-08-13,2009,08 Aug,3) Other months,27000000.0,29000000.0,2000000.0,1.0740740740740742,1.0,1,Q3,3) 6.0-6.9,6.1,563,23.917982
8080,Suspect Zero,2004-08-27,2004,08 Aug,3) Other months,27000000.0,13000000.0,-14000000.0,0.48148148148148145,0.0,1,Q3,2) 5.0-5.9,5.5,98,8.715822
5126,Martian Child,2007-11-02,2007,11 Nov,2) Holiday (Nov-Dec),,,,,,0,,3) 6.0-6.9,6.8,79,5.737161
56288,Spy Kids: All the Time in the World,2011-08-18,2011,08 Aug,3) Other months,27000000.0,85564310.0,58564310.0,3.1690485185185184,1.0,1,Q3,1) Below 5.0,4.4,222,14.788073
303858,Money Monster,2016-05-12,2016,05 May,1) Summer (May-Jul),27000000.0,93282604.0,66282604.0,3.4549112592592595,1.0,1,Q3,3) 6.0-6.9,6.5,1068,38.279458
1613,The 51st State,2001-12-07,2001,12 Dec,2) Holiday (Nov-Dec),28.0,14.0,,,,0,,2) 5.0-5.9,5.9,173,9.670031
31582,Flawless,1999-11-26,1999,11 Nov,2) Holiday (Nov-Dec),,4488529.0,,,,0,,2) 5.0-5.9,5.9,56,5.271559
16617,Mindhunters,2004-05-07,2004,05 May,1) Summer (May-Jul),27000000.0,21148829.0,-5851171.0,0.7832899629629629,0.0,1,Q3,3) 6.0-6.9,6.3,333,17.193659
8944,What Just Happened,2008-10-17,2008,10 Oct,3) Other months,25000000.0,6673422.0,-18326578.0,0.26693688,0.0,1,Q2,2) 5.0-5.9,5.2,127,8.31653
41488,The Statement,2003-12-12,2003,12 Dec,2) Holiday (Nov-Dec),,,,,,0,,2) 5.0-5.9,5.9,23,2.653988
37028,The Magic Flute,2006-09-07,2006,09 Sep,3) Other months,,,,,,0,,,6.9,6,0.548435
14560,Paul Blart: Mall Cop,2009-01-15,2009,01 Jan,3) Other months,26000000.0,183293131.0,157293131.0,7.049735807692308,1.0,1,Q3,2) 5.0-5.9,5.2,788,31.250383
10330,Freaky Friday,2003-08-03,2003,08 Aug,3) Other months,26000000.0,110230332.0,84230332.0,4.239628153846154,1.0,1,Q3,3) 6.0-6.9,6.0,879,24.345651
6957,The 40 Year Old Virgin,2005-08-11,2005,08 Aug,3) Other months,26000000.0,109449237.0,83449237.0,4.209586038461539,1.0,1,Q3,3) 6.0-6.9,6.2,1983,38.473732
1934,Shakespeare in Love,1998-12-11,1998,12 Dec,2) Holiday (Nov-Dec),25000000.0,289317794.0,264317794.0,11.57271176,1.0,1,Q2,3) 6.0-6.9,6.8,796,31.792964
169917,A Walk Among the Tombstones,2014-09-18,2014,09 Sep,3) Other months,28000000.0,53181600.0,25181600.0,1.8993428571428572,1.0,1,Q3,3) 6.0-6.9,6.2,1131,61.309619
951,Kindergarten Cop,1990-12-21,1990,12 Dec,2) Holiday (Nov-Dec),15000000.0,201957688.0,186957688.0,13.463845866666666,1.0,1,Q2,2) 5.0-5.9,5.8,628,5.411154
10189,Pineapple Express,2008-08-06,2008,08 Aug,3) Other months,27000000.0,101624843.0,74624843.0,3.763883074074074,1.0,1,Q3,3) 6.0-6.9,6.6,1148,41.832392
9454,Ever After: A Cinderella Story,1998-07-31,1998,07 Jul,1) Summer (May-Jul),26000000.0,65705772.0,39705772.0,2.5271450769230768,1.0,1,Q3,3) 6.0-6.9,6.8,399,21.988861
2055,Open Range,2003-08-29,2003,08 Aug,3) Other months,22000000.0,68296293.0,46296293.0,3.1043769545454545,1.0,1,Q2,4) 7.0 and above,7.0,262,19.068175
1551,Flatliners,1990-08-09,1990,08 Aug,3) Other months,26000000.0,61489265.0,35489265.0,2.3649717307692306,1.0,1,Q3,3) 6.0-6.9,6.3,404,24.114459
5902,A Bridge Too Far,1977-06-15,1977,06 Jun,1) Summer (May-Jul),22000000.0,50750000.0,28750000.0,2.3068181818181817,1.0,1,Q2,3) 6.0-6.9,6.9,207,20.256571
11460,Red Eye,2005-08-04,2005,08 Aug,3) Other months,26000000.0,57891803.0,31891803.0,2.2266078076923077,1.0,1,Q3,3) 6.0-6.9,6.2,455,8.802626
9358,Final Destination 2,2003-01-31,2003,01 Jan,3) Other months,26000000.0,90426405.0,64426405.0,3.4779386538461536,1.0,1,Q3,2) 5.0-5.9,5.9,1023,37.355826
134,"O Brother, Where Art Thou?",2000-08-30,2000,08 Aug,3) Other months,26000000.0,71868327.0,45868327.0,2.764166423076923,1.0,1,Q3,4) 7.0 and above,7.3,1112,39.742009
22894,Legion,2010-01-21,2010,01 Jan,3) Other months,26000000.0,67918658.0,41918658.0,2.6122560769230767,1.0,1,Q3,2) 5.0-5.9,5.2,629,30.981604
134374,Pain & Gain,2013-04-18,2013,04 Apr,3) Other months,25000000.0,86175291.0,61175291.0,3.44701164,1.0,1,Q2,3) 6.0-6.9,6.1,1573,31.893932
1901,In Good Company,2004-12-29,2004,12 Dec,2) Holiday (Nov-Dec),,,,,,0,,2) 5.0-5.9,5.9,194,15.376391
15028,Clockstoppers,2002-03-17,2002,03 Mar,3) Other months,26000000.0,38793283.0,12793283.0,1.4920493461538462,1.0,1,Q3,1) Below 5.0,4.9,89,5.894163
11509,Silverado,1985-07-10,1985,07 Jul,1) Summer (May-Jul),26000000.0,,,,,0,,4) 7.0 and above,7.1,146,10.981038
7445,Brothers,2009-01-27,2009,01 Jan,3) Other months,26000000.0,43318349.0,17318349.0,1.666090346153846,1.0,1,Q3,3) 6.0-6.9,6.8,633,22.07638
17047,Agent Cody Banks 2: Destination London,2004-12-03,2004,12 Dec,2) Holiday (Nov-Dec),26000000.0,28818995.0,2818995.0,1.1084228846153845,1.0,1,Q3,2) 5.0-5.9,5.2,144,10.925618
62838,New Year's Eve,2011-12-08,2011,12 Dec,2) Holiday (Nov-Dec),56000000.0,142044638.0,86044638.0,2.5365113928571428,1.0,1,Q4 (highest),2) 5.0-5.9,5.7,718,21.219292
2057,Original Sin,2001-08-03,2001,08 Aug,3) Other months,42000000.0,35402320.0,-6597680.0,0.842912380952381,0.0,1,Q3,2) 5.0-5.9,5.8,198,14.831402
70436,The Raven,2012-03-09,2012,03 Mar,3) Other months,26000000.0,29657751.0,3657751.0,1.1406827307692309,1.0,1,Q3,3) 6.0-6.9,6.1,426,22.520842
16784,Welcome to Mooseport,2004-02-24,2004,02 Feb,3) Other months,30000000.0,14000000.0,-16000000.0,0.4666666666666667,0.0,1,Q3,1) Below 5.0,4.8,54,3.314094
8011,Highlander: The Final Dimension,1994-11-29,1994,11 Nov,2) Holiday (Nov-Dec),26000000.0,36800000.0,10800000.0,1.4153846153846155,1.0,1,Q3,1) Below 5.0,4.5,110,7.964451
31640,Blood and Wine,1996-10-03,1996,10 Oct,3) Other months,26000000.0,,,,,0,,2) 5.0-5.9,5.5,34,1.492056
9092,Snow White: A Tale of Terror,1997-07-18,1997,07 Jul,1) Summer (May-Jul),26000000.0,,,,,0,,3) 6.0-6.9,6.0,62,4.810621
2779,The Curse of the Jade Scorpion,2001-08-05,2001,08 Aug,3) Other months,,,,,,0,,3) 6.0-6.9,6.5,165,9.317265
316002,Accidental Love,2015-02-10,2015,02 Feb,3) Other months,26000000.0,,,,,0,,1) Below 5.0,3.9,95,5.644844
36355,Flipper,1996-05-17,1996,05 May,1) Summer (May-Jul),25530000.0,20080020.0,-5449980.0,0.7865264394829612,0.0,1,Q3,2) 5.0-5.9,5.3,84,4.475007
238615,Self/less,2015-07-10,2015,07 Jul,1) Summer (May-Jul),26000000.0,30523226.0,4523226.0,1.1739702307692308,1.0,1,Q3,3) 6.0-6.9,6.3,1091,66.097437
1985,The Constant Gardener,2005-08-31,2005,08 Aug,3) Other months,25000000.0,82466670.0,57466670.0,3.2986668,1.0,1,Q2,3) 6.0-6.9,6.8,417,20.679652
615,The Passion of the Christ,2004-02-25,2004,02 Feb,3) Other months,30000000.0,611899420.0,581899420.0,20.396647333333334,1.0,1,Q3,3) 6.0-6.9,6.9,864,38.171417
788,Mrs. Doubtfire,1993-11-24,1993,11 Nov,2) Holiday (Nov-Dec),25000000.0,441286195.0,416286195.0,17.6514478,1.0,1,Q2,4) 7.0 and above,7.0,1591,30.884535
380,Rain Man,1988-12-11,1988,12 Dec,2) Holiday (Nov-Dec),25000000.0,412800000.0,387800000.0,16.512,1.0,1,Q2,4) 7.0 and above,7.6,1709,49.510658
13223,Gran Torino,2008-12-09,2008,12 Dec,2) Holiday (Nov-Dec),33000000.0,269958228.0,236958228.0,8.180552363636364,1.0,1,Q3,4) 7.0 and above,7.8,3086,50.7453
10523,W.,2008-10-17,2008,10 Oct,3) Other months,25100000.0,29506464.0,4406464.0,1.1755563346613547,1.0,1,Q2,3) 6.0-6.9,6.1,143,10.445391
8681,Taken,2008-02-18,2008,02 Feb,3) Other months,25000000.0,226830568.0,201830568.0,9.07322272,1.0,1,Q2,4) 7.0 and above,7.2,4369,80.879032
239571,The Best of Me,2014-10-16,2014,10 Oct,3) Other months,26000000.0,35926213.0,9926213.0,1.381777423076923,1.0,1,Q3,4) 7.0 and above,7.2,765,33.93914
619,The Bodyguard,1992-11-25,1992,11 Nov,2) Holiday (Nov-Dec),25000000.0,411006740.0,386006740.0,16.4402696,1.0,1,Q2,3) 6.0-6.9,6.1,661,26.576385
424,Schindler's List,1993-11-29,1993,11 Nov,2) Holiday (Nov-Dec),22000000.0,321365567.0,299365567.0,14.607525772727273,1.0,1,Q2,4) 7.0 and above,8.3,4329,104.469351
50014,The Help,2011-08-09,2011,08 Aug,3) Other months,25000000.0,124272124.0,99272124.0,4.97088496,1.0,1,Q2,4) 7.0 and above,7.8,1910,42.191509
162903,The Fifth Estate,2013-10-11,2013,10 Oct,3) Other months,28000000.0,8555008.0,-19444992.0,0.305536,0.0,1,Q3,2) 5.0-5.9,5.7,364,20.267062
11024,Scooby-Doo 2: Monsters Unleashed,2004-03-24,2004,03 Mar,3) Other months,,181466833.0,,,,0,,2) 5.0-5.9,5.4,500,22.644275
208763,Forbidden Kingdom,2014-01-30,2014,01 Jan,3) Other months,26000000.0,,,,,0,,1) Below 5.0,4.9,71,7.182761
6466,Freddy vs. Jason,2003-08-15,2003,08 Aug,3) Other months,30000000.0,114908830.0,84908830.0,3.8302943333333332,1.0,1,Q3,2) 5.0-5.9,5.8,594,26.69592
254024,The Face of an Angel,2014-09-06,2014,09 Sep,3) Other months,,,,,,0,,1) Below 5.0,4.7,64,7.336256
12589,Jimmy Neutron: Boy Genius,2001-12-21,2001,12 Dec,2) Holiday (Nov-Dec),25000000.0,80936232.0,55936232.0,3.23744928,1.0,1,Q2,2) 5.0-5.9,5.6,231,12.739721
7191,Cloverfield,2008-01-15,2008,01 Jan,3) Other months,25000000.0,170764026.0,145764026.0,6.83056104,1.0,1,Q2,3) 6.0-6.9,6.4,2251,46.942396
1497,Teenage Mutant Ninja Turtles II: The Secret of the Ooze,1991-03-22,1991,03 Mar,3) Other months,25000000.0,78000000.0,53000000.0,3.12,1.0,1,Q2,2) 5.0-5.9,5.8,286,15.505137
117,The Untouchables,1987-06-02,1987,06 Jun,1) Summer (May-Jul),25000000.0,76270454.0,51270454.0,3.05081816,1.0,1,Q2,4) 7.0 and above,7.6,1384,38.272889
6977,No Country for Old Men,2007-11-08,2007,11 Nov,2) Holiday (Nov-Dec),25000000.0,171600000.0,146600000.0,6.864,1.0,1,Q2,4) 7.0 and above,7.7,3003,53.645267
168530,Ride Along,2014-01-07,2014,01 Jan,3) Other months,25000000.0,153997819.0,128997819.0,6.15991276,1.0,1,Q2,3) 6.0-6.9,6.1,853,28.468
634,Bridget Jones's Diary,2001-04-13,2001,04 Apr,3) Other months,25000000.0,281929795.0,256929795.0,11.2771918,1.0,1,Q2,3) 6.0-6.9,6.5,1356,35.310712
392,Chocolat,2000-12-14,2000,12 Dec,2) Holiday (Nov-Dec),25000000.0,152500343.0,127500343.0,6.10001372,1.0,1,Q2,3) 6.0-6.9,6.8,951,28.727731
10327,"Legally Blonde 2: Red, White & Blonde",2003-07-02,2003,07 Jul,1) Summer (May-Jul),45000000.0,124914842.0,79914842.0,2.7758853777777777,1.0,1,Q3,2) 5.0-5.9,5.1,377,4.340616
88042,Parental Guidance,2012-12-25,2012,12 Dec,2) Holiday (Nov-Dec),25000000.0,119772232.0,94772232.0,4.79088928,1.0,1,Q2,2) 5.0-5.9,5.7,210,14.604911
41630,No Strings Attached,2011-01-21,2011,01 Jan,3) Other months,25000000.0,147780440.0,122780440.0,5.9112176,1.0,1,Q2,3) 6.0-6.9,6.1,1331,38.688822
11969,Tombstone,1993-12-25,1993,12 Dec,2) Holiday (Nov-Dec),25000000.0,56505065.0,31505065.0,2.2602026,1.0,1,Q2,4) 7.0 and above,7.4,626,30.537845
2085,Romeo Must Die,2000-03-20,2000,03 Mar,3) Other months,25000000.0,91036760.0,66036760.0,3.6414704,1.0,1,Q2,3) 6.0-6.9,6.0,330,19.750059
794,The Omen,1976-06-06,1976,06 Jun,1) Summer (May-Jul),2800000.0,60922980.0,58122980.0,21.75820714285714,1.0,1,Q1 (lowest),4) 7.0 and above,7.2,476,25.939385
9286,Final Destination 3,2006-02-10,2006,02 Feb,3) Other months,25000000.0,117719158.0,92719158.0,4.70876632,1.0,1,Q2,2) 5.0-5.9,5.8,974,31.64341
77877,The Lucky One,2012-04-19,2012,04 Apr,3) Other months,25000000.0,99357138.0,74357138.0,3.97428552,1.0,1,Q2,3) 6.0-6.9,6.8,946,26.811541
1265,Bridge to Terabithia,2007-02-16,2007,02 Feb,3) Other months,60000000.0,137587063.0,77587063.0,2.2931177166666665,1.0,1,Q4 (highest),4) 7.0 and above,7.0,1113,40.646102
866,Finding Neverland,2004-10-17,2004,10 Oct,3) Other months,25000000.0,116766556.0,91766556.0,4.67066224,1.0,1,Q2,4) 7.0 and above,7.2,1223,34.160448
175555,A Madea Christmas,2013-12-13,2013,12 Dec,2) Holiday (Nov-Dec),,,,,,0,,4) 7.0 and above,7.0,35,5.377155
75174,The Grey,2012-01-26,2012,01 Jan,3) Other months,25000000.0,77278331.0,52278331.0,3.09113324,1.0,1,Q2,3) 6.0-6.9,6.4,1451,48.552871
11096,Hide and Seek,2005-01-27,2005,01 Jan,3) Other months,25000000.0,122644820.0,97644820.0,4.9057928,1.0,1,Q2,3) 6.0-6.9,6.1,440,18.228538
8699,Anchorman: The Legend of Ron Burgundy,2004-07-09,2004,07 Jul,1) Summer (May-Jul),26000000.0,90574188.0,64574188.0,3.4836226153846153,1.0,1,Q3,3) 6.0-6.9,6.7,1493,29.342744
769,GoodFellas,1990-09-12,1990,09 Sep,3) Other months,25000000.0,46836394.0,21836394.0,1.87345576,1.0,1,Q2,4) 7.0 and above,8.2,3128,63.654244
10923,Agent Cody Banks,2003-03-14,2003,03 Mar,3) Other months,28000000.0,58795814.0,30795814.0,2.0998505,1.0,1,Q3,2) 5.0-5.9,5.0,284,11.859396
11283,Nanny McPhee,2005-10-21,2005,10 Oct,3) Other months,25000000.0,122489822.0,97489822.0,4.89959288,1.0,1,Q2,3) 6.0-6.9,6.4,711,24.356483
111,Scarface,1983-12-08,1983,12 Dec,2) Holiday (Nov-Dec),25000000.0,65884703.0,40884703.0,2.63538812,1.0,1,Q2,4) 7.0 and above,8.0,2948,70.105981
11676,Nothing to Lose,1997-07-18,1997,07 Jul,1) Summer (May-Jul),25000000.0,,,,,0,,3) 6.0-6.9,6.3,174,8.618208
746,The Last Emperor,1987-10-21,1987,10 Oct,3) Other months,23000000.0,43984230.0,20984230.0,1.9123578260869565,1.0,1,Q2,4) 7.0 and above,7.4,355,21.189028
77866,Contraband,2012-01-12,2012,01 Jan,3) Other months,25000000.0,63100000.0,38100000.0,2.524,1.0,1,Q2,3) 6.0-6.9,6.1,770,31.364901
9416,Money Talks,1997-08-22,1997,08 Aug,3) Other months,,,,,,0,,2) 5.0-5.9,5.9,87,7.615653
7345,There Will Be Blood,2007-12-28,2007,12 Dec,2) Holiday (Nov-Dec),25000000.0,77208711.0,52208711.0,3.08834844,1.0,1,Q2,4) 7.0 and above,7.9,1537,37.817905
14317,The Wild Thornberrys Movie,2002-12-20,2002,12 Dec,2) Holiday (Nov-Dec),35000000.0,,,,,0,,2) 5.0-5.9,5.8,44,5.784661
20694,Rugrats Go Wild,2003-06-13,2003,06 Jun,1) Summer (May-Jul),,,,,,0,,2) 5.0-5.9,5.6,61,8.255708
12277,Undercover Brother,2002-05-31,2002,05 May,1) Summer (May-Jul),25000000.0,41604473.0,16604473.0,1.66417892,1.0,1,Q2,2) 5.0-5.9,5.5,112,6.086083
9779,The Sisterhood of the Traveling Pants,2005-06-01,2005,06 Jun,1) Summer (May-Jul),25000000.0,39053061.0,14053061.0,1.56212244,1.0,1,Q2,3) 6.0-6.9,6.3,386,17.17372
2140,Kiss of the Dragon,2001-07-06,2001,07 Jul,1) Summer (May-Jul),25000000.0,64437847.0,39437847.0,2.57751388,1.0,1,Q2,3) 6.0-6.9,6.4,298,16.936576
12620,The House Bunny,2008-08-22,2008,08 Aug,3) Other months,25000000.0,70442940.0,45442940.0,2.8177176,1.0,1,Q2,2) 5.0-5.9,5.6,529,25.838073
14177,Beauty Shop,2005-06-02,2005,06 Jun,1) Summer (May-Jul),25000000.0,36351350.0,11351350.0,1.454054,1.0,1,Q2,2) 5.0-5.9,5.4,115,5.625632
198185,Million Dollar Arm,2014-05-09,2014,05 May,1) Summer (May-Jul),25000000.0,38307627.0,13307627.0,1.53230508,1.0,1,Q2,3) 6.0-6.9,6.6,259,17.312433
227156,The Giver,2014-08-11,2014,08 Aug,3) Other months,25000000.0,66980456.0,41980456.0,2.67921824,1.0,1,Q2,3) 6.0-6.9,6.4,1798,53.811461
10735,What a Girl Wants,2003-03-27,2003,03 Mar,3) Other months,,,,,,0,,2) 5.0-5.9,5.8,368,7.057765
11351,Jeepers Creepers 2,2003-08-08,2003,08 Aug,3) Other months,17000000.0,63102666.0,46102666.0,3.711921529411765,1.0,1,Q2,2) 5.0-5.9,5.5,299,19.045146
10030,Good Luck Chuck,2007-09-21,2007,09 Sep,3) Other months,25000000.0,59192128.0,34192128.0,2.36768512,1.0,1,Q2,2) 5.0-5.9,5.5,444,21.729434
10623,Cradle 2 the Grave,2003-02-28,2003,02 Feb,3) Other months,25000000.0,56489558.0,31489558.0,2.25958232,1.0,1,Q2,2) 5.0-5.9,5.8,236,12.837116
590,The Hours,2002-12-27,2002,12 Dec,2) Holiday (Nov-Dec),25000000.0,41597830.0,16597830.0,1.6639132,1.0,1,Q2,4) 7.0 and above,7.0,451,20.953265
9655,She's the Man,2006-03-17,2006,03 Mar,3) Other months,20000000.0,33889159.0,13889159.0,1.69445795,1.0,1,Q2,3) 6.0-6.9,6.4,671,10.81439
1268,Mr. Bean's Holiday,2007-03-22,2007,03 Mar,3) Other months,25000000.0,229736344.0,204736344.0,9.18945376,1.0,1,Q2,3) 6.0-6.9,6.1,663,27.683874
11237,Anacondas: The Hunt for the Blood Orchid,2004-08-26,2004,08 Aug,3) Other months,20000000.0,70992898.0,50992898.0,3.5496449,1.0,1,Q2,1) Below 5.0,4.9,199,9.855474
190955,Blood Ties,2013-08-22,2013,08 Aug,3) Other months,25500000.0,2415472.0,-23084528.0,0.09472439215686275,0.0,1,Q2,3) 6.0-6.9,6.0,171,12.756344
5123,August Rush,2007-11-21,2007,11 Nov,2) Holiday (Nov-Dec),25000000.0,66122026.0,41122026.0,2.64488104,1.0,1,Q2,4) 7.0 and above,7.1,797,29.533437
4518,Elizabeth,1998-09-13,1998,09 Sep,3) Other months,30000000.0,82150642.0,52150642.0,2.7383547333333333,1.0,1,Q3,4) 7.0 and above,7.1,334,14.179538
11932,Bride of Chucky,1998-10-16,1998,10 Oct,3) Other months,25000000.0,50671850.0,25671850.0,2.026874,1.0,1,Q2,2) 5.0-5.9,5.5,350,14.340095
11165,Tora! Tora! Tora!,1970-01-26,1970,01 Jan,3) Other months,25485000.0,29548291.0,4063291.0,1.1594385324700804,1.0,1,Q2,3) 6.0-6.9,6.9,147,9.795985
6116,Spice World,1997-12-19,1997,12 Dec,2) Holiday (Nov-Dec),25000000.0,100000000.0,75000000.0,4.0,1.0,1,Q2,1) Below 5.0,4.7,123,6.889437
57431,The Sitter,2011-12-09,2011,12 Dec,2) Holiday (Nov-Dec),25000000.0,34942188.0,9942188.0,1.39768752,1.0,1,Q2,2) 5.0-5.9,5.4,325,19.428994
21724,Dance Flick,2009-05-22,2009,05 May,1) Summer (May-Jul),,,,,,0,,1) Below 5.0,4.7,71,7.326034
278,The Shawshank Redemption,1994-09-23,1994,09 Sep,3) Other months,25000000.0,28341469.0,3341469.0,1.13365876,1.0,1,Q2,4) 7.0 and above,8.5,8205,136.747729
9290,Crocodile Dundee in Los Angeles,2001-04-12,2001,04 Apr,3) Other months,21150000.0,39438674.0,18288674.0,1.864712718676123,1.0,1,Q2,1) Below 5.0,4.7,146,6.081772
11543,Kingpin,1996-07-04,1996,07 Jul,1) Summer (May-Jul),27000000.0,25023434.0,-1976566.0,0.9267938518518518,0.0,1,Q3,3) 6.0-6.9,6.7,244,17.329269
284536,The Gambler,2014-12-25,2014,12 Dec,2) Holiday (Nov-Dec),25000000.0,39171130.0,14171130.0,1.5668452,1.0,1,Q2,2) 5.0-5.9,5.7,543,22.622453
152737,August: Osage County,2013-12-26,2013,12 Dec,2) Holiday (Nov-Dec),25000000.0,74188937.0,49188937.0,2.96755748,1.0,1,Q2,3) 6.0-6.9,6.9,483,20.561682
13374,Ice Princess,2005-03-17,2005,03 Mar,3) Other months,25000000.0,27645491.0,2645491.0,1.10581964,1.0,1,Q2,2) 5.0-5.9,5.9,185,13.288177
8976,A Lot Like Love,2005-04-22,2005,04 Apr,3) Other months,30000000.0,42886719.0,12886719.0,1.4295573,1.0,1,Q3,3) 6.0-6.9,6.5,318,19.212552
319888,Eddie the Eagle,2016-02-26,2016,02 Feb,3) Other months,23000000.0,46152800.0,23152800.0,2.0066434782608695,1.0,1,Q2,4) 7.0 and above,7.2,661,29.365851
9469,He Got Game,1998-05-01,1998,05 May,1) Summer (May-Jul),25000000.0,21567853.0,-3432147.0,0.86271412,0.0,1,Q2,3) 6.0-6.9,6.7,134,10.232599
1909,Don Juan DeMarco,1994-10-01,1994,10 Oct,3) Other months,25000000.0,22200000.0,-2800000.0,0.888,0.0,1,Q2,3) 6.0-6.9,6.2,183,8.870614
22971,Dear John,2010-02-04,2010,02 Feb,3) Other months,25000000.0,114977104.0,89977104.0,4.59908416,1.0,1,Q2,3) 6.0-6.9,6.6,1262,19.402816
34813,The Losers,2010-04-23,2010,04 Apr,3) Other months,25000000.0,23580000.0,-1420000.0,0.9432,0.0,1,Q2,3) 6.0-6.9,6.2,515,24.903418
46261,Don't Be Afraid of the Dark,2010-11-06,2010,11 Nov,2) Holiday (Nov-Dec),25000000.0,36993168.0,11993168.0,1.47972672,1.0,1,Q2,2) 5.0-5.9,5.4,341,14.562197
10431,War,2007-08-24,2007,08 Aug,3) Other months,25000000.0,40452643.0,15452643.0,1.61810572,1.0,1,Q2,3) 6.0-6.9,6.0,414,18.896239
8051,Punch-Drunk Love,2002-10-25,2002,10 Oct,3) Other months,25000000.0,17000000.0,-8000000.0,0.68,0.0,1,Q2,3) 6.0-6.9,6.9,530,15.960916
9352,EuroTrip,2004-02-20,2004,02 Feb,3) Other months,25000000.0,20796847.0,-4203153.0,0.83187388,0.0,1,Q2,3) 6.0-6.9,6.5,656,25.848003
10167,Half Past Dead,2002-11-15,2002,11 Nov,2) Holiday (Nov-Dec),13000000.0,,,,,0,,1) Below 5.0,4.6,82,6.337063
18147,Unaccompanied Minors,2006-12-08,2006,12 Dec,2) Holiday (Nov-Dec),26000000.0,,,,,0,,2) 5.0-5.9,5.4,66,10.006282
17170,"Bright Lights, Big City",1988-04-01,1988,04 Apr,3) Other months,,,,,,0,,1) Below 5.0,4.7,28,2.753501
18975,The Adventures of Pinocchio,1996-07-26,1996,07 Jul,1) Summer (May-Jul),,,,,,0,,2) 5.0-5.9,5.0,54,6.718497
15487,The Greatest Game Ever Played,2005-09-30,2005,09 Sep,3) Other months,25000000.0,15431177.0,-9568823.0,0.61724708,0.0,1,Q2,3) 6.0-6.9,6.9,110,7.538513
22825,The Box,2009-09-17,2009,09 Sep,3) Other months,30000000.0,33333531.0,3333531.0,1.1111177,1.0,1,Q3,2) 5.0-5.9,5.4,597,21.606001
11152,The Ruins,2008-04-02,2008,04 Apr,3) Other months,8000000.0,,,,,0,,2) 5.0-5.9,5.6,265,13.715715
1831,The Next Best Thing,2000-03-03,2000,03 Mar,3) Other months,25000000.0,24362772.0,-637228.0,0.97451088,0.0,1,Q2,1) Below 5.0,4.3,29,3.707511
43931,My Soul to Take,2010-10-08,2010,10 Oct,3) Other months,25000000.0,19829957.0,-5170043.0,0.79319828,0.0,1,Q2,2) 5.0-5.9,5.2,147,7.001176
10591,The Girl Next Door,2004-04-09,2004,04 Apr,3) Other months,25000000.0,30411183.0,5411183.0,1.21644732,1.0,1,Q2,3) 6.0-6.9,6.3,824,39.784026
10861,Maximum Risk,1996-09-13,1996,09 Sep,3) Other months,25000000.0,51702483.0,26702483.0,2.06809932,1.0,1,Q2,2) 5.0-5.9,5.2,101,10.115011
12770,Stealing Harvard,2002-09-13,2002,09 Sep,3) Other months,,,,,,0,,1) Below 5.0,4.4,46,7.321181
276907,Legend,2015-09-09,2015,09 Sep,3) Other months,25000000.0,42972994.0,17972994.0,1.71891976,1.0,1,Q2,3) 6.0-6.9,6.7,973,32.854557
10074,Hot Rod,2007-08-03,2007,08 Aug,3) Other months,,14334401.0,,,,0,,3) 6.0-6.9,6.3,313,6.309587
65055,Shark Night,2011-09-02,2011,09 Sep,3) Other months,28000000.0,10126458.0,-17873542.0,0.3616592142857143,0.0,1,Q3,1) Below 5.0,4.9,132,8.363702
10397,Angela's Ashes,1999-12-25,1999,12 Dec,2) Holiday (Nov-Dec),25.0,13.0,,,,0,,4) 7.0 and above,7.0,59,4.88794
200505,Draft Day,2014-04-11,2014,04 Apr,3) Other months,25000000.0,28831145.0,3831145.0,1.1532458,1.0,1,Q2,3) 6.0-6.9,6.5,304,14.17009
11954,Lifeforce,1985-06-20,1985,06 Jun,1) Summer (May-Jul),25000000.0,,,,,0,,3) 6.0-6.9,6.2,135,12.18362
60309,The Conspirator,2010-09-10,2010,09 Sep,3) Other months,25000000.0,15478800.0,-9521200.0,0.619152,0.0,1,Q2,3) 6.0-6.9,6.2,137,9.169271
9787,Lords of Dogtown,2005-06-03,2005,06 Jun,1) Summer (May-Jul),25000000.0,13411957.0,-11588043.0,0.53647828,0.0,1,Q2,4) 7.0 and above,7.0,210,8.127728
293646,The 33,2015-08-06,2015,08 Aug,3) Other months,25000000.0,24902723.0,-97277.0,0.99610892,0.0,1,Q2,3) 6.0-6.9,6.0,378,10.699952
6978,Big Trouble in Little China,1986-05-30,1986,05 May,1) Summer (May-Jul),25000000.0,11000000.0,-14000000.0,0.44,0.0,1,Q2,4) 7.0 and above,7.1,705,29.796394
133698,Fly Me to the Moon,2012-10-29,2012,10 Oct,3) Other months,,,,,,0,,2) 5.0-5.9,5.6,194,11.60921
59440,Warrior,2011-09-09,2011,09 Sep,3) Other months,25000000.0,23057115.0,-1942885.0,0.9222846,0.0,1,Q2,4) 7.0 and above,7.7,1272,51.915025
1770,Michael Collins,1996-10-25,1996,10 Oct,3) Other months,28000000.0,16900000.0,-11100000.0,0.6035714285714285,0.0,1,Q3,3) 6.0-6.9,6.7,97,8.314624
10655,Gettysburg,1993-10-08,1993,10 Oct,3) Other months,,25000000.0,,,,0,,3) 6.0-6.9,6.6,90,5.529035
8988,Stop-Loss,2008-03-28,2008,03 Mar,3) Other months,25000000.0,11207130.0,-13792870.0,0.4482852,0.0,1,Q2,3) 6.0-6.9,6.1,82,4.002579
15992,Abandon,2002-10-14,2002,10 Oct,3) Other months,25000000.0,10719357.0,-14280643.0,0.42877428,0.0,1,Q2,1) Below 5.0,4.6,45,3.888776
17707,Brokedown Palace,1999-08-13,1999,08 Aug,3) Other months,25000000.0,13000000.0,-12000000.0,0.52,0.0,1,Q2,3) 6.0-6.9,6.2,111,7.296459
77883,The Possession,2012-08-30,2012,08 Aug,3) Other months,14000000.0,85446075.0,71446075.0,6.103291071428571,1.0,1,Q2,2) 5.0-5.9,5.8,498,21.680424
40001,Mrs. Winterbourne,1996-04-19,1996,04 Apr,3) Other months,25000000.0,10070000.0,-14930000.0,0.4028,0.0,1,Q2,2) 5.0-5.9,5.3,25,7.946769
64639,Straw Dogs,2011-09-16,2011,09 Sep,3) Other months,25000000.0,10324441.0,-14675559.0,0.41297764,0.0,1,Q2,2) 5.0-5.9,5.5,144,7.473455
9903,The Hoax,2006-10-14,2006,10 Oct,3) Other months,25000000.0,11772461.0,-13227539.0,0.47089844,0.0,1,Q2,3) 6.0-6.9,6.4,60,5.073536
21338,Stone Cold,1991-05-17,1991,05 May,1) Summer (May-Jul),,,,,,0,,2) 5.0-5.9,5.7,34,3.623002
20766,The Road,2009-11-25,2009,11 Nov,2) Holiday (Nov-Dec),32000000.0,27635305.0,-4364695.0,0.86360328125,0.0,1,Q3,3) 6.0-6.9,6.8,1087,41.075532
24264,Sheena,1984-08-17,1984,08 Aug,3) Other months,25000000.0,5778353.0,-19221647.0,0.23113412,0.0,1,Q2,2) 5.0-5.9,5.0,22,4.020194
19803,Underclassman,2005-09-02,2005,09 Sep,3) Other months,,,,,,0,,2) 5.0-5.9,5.5,28,2.083856
20309,Say It Isn't So,2001-03-12,2001,03 Mar,3) Other months,25000000.0,,,,,0,,1) Below 5.0,4.8,47,2.909346
9912,The World's Fastest Indian,2005-10-12,2005,10 Oct,3) Other months,25000000.0,,,,,0,,4) 7.0 and above,7.3,166,8.450513
9067,Tank Girl,1995-03-31,1995,03 Mar,3) Other months,25000000.0,4064495.0,-20935505.0,0.1625798,0.0,1,Q2,2) 5.0-5.9,5.5,138,8.186936
27360,King's Ransom,2005-04-22,2005,04 Apr,3) Other months,,,,,,0,,2) 5.0-5.9,5.1,14,5.079017
8338,Blindness,2008-05-14,2008,05 May,1) Summer (May-Jul),25000000.0,19844979.0,-5155021.0,0.79379916,0.0,1,Q2,3) 6.0-6.9,6.4,387,17.603823
168705,BloodRayne,2005-10-22,2005,10 Oct,3) Other months,25000000.0,2405420.0,-22594580.0,0.0962168,0.0,1,Q2,1) Below 5.0,3.5,118,7.008216
72113,Carnage,2011-09-16,2011,09 Sep,3) Other months,25000000.0,27603069.0,2603069.0,1.10412276,1.0,1,Q2,4) 7.0 and above,7.0,738,20.011435
9729,Where the Truth Lies,2005-10-07,2005,10 Oct,3) Other months,25000000.0,,,,,0,,2) 5.0-5.9,5.9,66,4.051221
94352,Cirque du Soleil: Worlds Away,2012-11-09,2012,11 Nov,2) Holiday (Nov-Dec),,34153101.0,,,,0,,3) 6.0-6.9,6.1,58,5.987486
22256,Without Limits,1998-09-11,1998,09 Sep,3) Other months,25000000.0,777423.0,-24222577.0,0.03109692,0.0,1,Q2,3) 6.0-6.9,6.2,19,3.849873
12404,Me and Orson Welles,2009-11-25,2009,11 Nov,2) Holiday (Nov-Dec),25000000.0,2336172.0,-22663828.0,0.09344688,0.0,1,Q2,3) 6.0-6.9,6.6,49,3.593165
152742,The Best Offer,2013-01-01,2013,01 Jan,3) Other months,13500000.0,19255873.0,5755873.0,1.426360962962963,1.0,1,Q2,4) 7.0 and above,7.7,704,30.058263
11699,The Bad Lieutenant: Port of Call - New Orleans,2009-09-11,2009,09 Sep,3) Other months,25000000.0,10589102.0,-14410898.0,0.42356408,0.0,1,Q2,3) 6.0-6.9,6.0,326,17.339852
49953,A Turtle's Tale: Sammy's Adventures,2010-08-03,2010,08 Aug,3) Other months,,,,,,0,,2) 5.0-5.9,5.6,151,15.805449
48034,Little White Lies,2010-10-20,2010,10 Oct,3) Other months,25000000.0,48531470.0,23531470.0,1.9412588,1.0,1,Q2,4) 7.0 and above,7.1,380,15.279021
39845,Love Ranch,2010-06-30,2010,06 Jun,1) Summer (May-Jul),,,,,,0,,3) 6.0-6.9,6.0,21,5.000126
25353,The True Story of Puss 'n Boots,2009-04-01,2009,04 Apr,3) Other months,,,,,,0,,,3.8,7,1.684948
36696,Space Dogs,2010-03-18,2010,03 Mar,3) Other months,25000000.0,6500000.0,-18500000.0,0.26,0.0,1,Q2,3) 6.0-6.9,6.3,10,5.753564
109091,The Counselor,2013-10-25,2013,10 Oct,3) Other months,25000000.0,71009334.0,46009334.0,2.84037336,1.0,1,Q2,2) 5.0-5.9,5.0,712,35.022029
38543,Ironclad,2011-03-03,2011,03 Mar,3) Other months,25000000.0,,,,,0,,3) 6.0-6.9,6.2,227,12.31708
33157,Waterloo,1970-10-26,1970,10 Oct,3) Other months,25000000.0,3052000.0,-21948000.0,0.12208,0.0,1,Q2,4) 7.0 and above,7.0,31,1.894749
290864,Kung Fu Jungle,2014-10-31,2014,10 Oct,3) Other months,25000000.0,,,,,0,,3) 6.0-6.9,6.5,114,6.895866
242166,Red Sky,2014-03-12,2014,03 Mar,3) Other months,25000000.0,,,,,0,,1) Below 5.0,4.1,26,3.344158
859,Dangerous Liaisons,1988-12-16,1988,12 Dec,2) Holiday (Nov-Dec),14000000.0,34670720.0,20670720.0,2.47648,1.0,1,Q2,4) 7.0 and above,7.0,257,14.480628
83770,On the Road,2012-05-22,2012,05 May,1) Summer (May-Jul),25000000.0,8784318.0,-16215682.0,0.35137272,0.0,1,Q2,2) 5.0-5.9,5.5,301,14.613152
168,Star Trek IV: The Voyage Home,1986-11-25,1986,11 Nov,2) Holiday (Nov-Dec),24000000.0,133000000.0,109000000.0,5.541666666666667,1.0,1,Q2,3) 6.0-6.9,6.9,477,22.258428
1246,Rocky Balboa,2006-12-20,2006,12 Dec,2) Holiday (Nov-Dec),24000000.0,155721132.0,131721132.0,6.4883805,1.0,1,Q2,3) 6.0-6.9,6.5,835,30.445257
4233,Scream 2,1997-12-09,1997,12 Dec,2) Holiday (Nov-Dec),24000000.0,172363301.0,148363301.0,7.181804208333333,1.0,1,Q2,3) 6.0-6.9,6.1,840,35.244037
174751,Jane Got a Gun,2016-01-01,2016,01 Jan,3) Other months,25000000.0,1397284.0,-23602716.0,0.05589136,0.0,1,Q2,2) 5.0-5.9,5.4,285,15.333575
184098,Think Like a Man Too,2014-06-20,2014,06 Jun,1) Summer (May-Jul),24000000.0,70181428.0,46181428.0,2.9242261666666667,1.0,1,Q2,3) 6.0-6.9,6.4,225,15.237142
2069,The Whole Nine Yards,2000-02-18,2000,02 Feb,3) Other months,41300000.0,106371651.0,65071651.0,2.575584769975787,1.0,1,Q3,3) 6.0-6.9,6.2,531,23.441135
1788,Footloose,1984-02-17,1984,02 Feb,3) Other months,8200000.0,80035402.0,71835402.0,9.760414878048781,1.0,1,Q1 (lowest),3) 6.0-6.9,6.4,505,25.03414
11635,Old School,2003-02-21,2003,02 Feb,3) Other months,24000000.0,87055349.0,63055349.0,3.627306208333333,1.0,1,Q2,3) 6.0-6.9,6.6,541,24.70166
177,The Fisher King,1991-09-09,1991,09 Sep,3) Other months,24000000.0,41895491.0,17895491.0,1.7456454583333334,1.0,1,Q2,4) 7.0 and above,7.2,341,16.146572
3600,I Still Know What You Did Last Summer,1998-11-13,1998,11 Nov,2) Holiday (Nov-Dec),65000000.0,40002112.0,-24997888.0,0.6154171076923077,0.0,1,Q4 (highest),2) 5.0-5.9,5.1,374,20.793026
2621,Return to Me,2000-04-07,2000,04 Apr,3) Other months,24000000.0,36609995.0,12609995.0,1.5254164583333334,1.0,1,Q2,3) 6.0-6.9,6.1,67,5.771479
10358,Zack and Miri Make a Porno,2008-09-18,2008,09 Sep,3) Other months,24000000.0,42105111.0,18105111.0,1.754379625,1.0,1,Q2,3) 6.0-6.9,6.1,721,27.326466
10480,Nurse Betty,2000-09-08,2000,09 Sep,3) Other months,24000000.0,,,,,0,,2) 5.0-5.9,5.9,111,3.572339
10313,The Men Who Stare at Goats,2009-10-17,2009,10 Oct,3) Other months,24000000.0,68729358.0,44729358.0,2.86372325,1.0,1,Q2,2) 5.0-5.9,5.9,742,20.69219
18828,Double Take,2001-01-12,2001,01 Jan,3) Other months,,,,,,0,,2) 5.0-5.9,5.5,24,1.903405
3558,"Girl, Interrupted",1999-12-21,1999,12 Dec,2) Holiday (Nov-Dec),40000000.0,,,,,0,,4) 7.0 and above,7.6,721,10.713521
13476,Win a Date with Tad Hamilton!,2004-01-23,2004,01 Jan,3) Other months,17000000.0,16980098.0,-19902.0,0.9988292941176471,0.0,1,Q2,2) 5.0-5.9,5.5,160,7.701041
10208,Muppets from Space,1999-07-14,1999,07 Jul,1) Summer (May-Jul),24000000.0,16290976.0,-7709024.0,0.6787906666666667,0.0,1,Q2,2) 5.0-5.9,5.8,92,6.589193
24961,The Wiz,1978-10-24,1978,10 Oct,3) Other months,24000000.0,21049053.0,-2950947.0,0.877043875,0.0,1,Q2,2) 5.0-5.9,5.9,58,2.753313
20697,Ready to Rumble,2000-04-07,2000,04 Apr,3) Other months,24000000.0,12372410.0,-11627590.0,0.5155170833333333,0.0,1,Q2,1) Below 5.0,4.7,49,3.113009
20761,Play It to the Bone,1999-12-25,1999,12 Dec,2) Holiday (Nov-Dec),24000000.0,8434146.0,-15565854.0,0.35142275,0.0,1,Q2,2) 5.0-5.9,5.7,53,5.566203
70868,I Don't Know How She Does It,2011-09-16,2011,09 Sep,3) Other months,24000000.0,30551495.0,6551495.0,1.2729789583333333,1.0,1,Q2,2) 5.0-5.9,5.0,141,8.630825
43593,Piranha 3D,2010-08-20,2010,08 Aug,3) Other months,24000000.0,83188165.0,59188165.0,3.4661735416666666,1.0,1,Q2,2) 5.0-5.9,5.3,581,23.343839
6478,Beyond the Sea,2004-12-17,2004,12 Dec,2) Holiday (Nov-Dec),23000000.0,,,,,0,,3) 6.0-6.9,6.5,55,6.138213
40688,Meet the Deedles,1998-03-27,1998,03 Mar,3) Other months,24000000.0,4562146.0,-19437854.0,0.19008941666666668,0.0,1,Q2,1) Below 5.0,4.1,19,2.353441
26672,The Thief and the Cobbler,1993-09-23,1993,09 Sep,3) Other months,28000000.0,669276.0,-27330724.0,0.023902714285714284,0.0,1,Q3,3) 6.0-6.9,6.8,26,2.439184
45881,The Bridge of San Luis Rey,2004-01-01,2004,01 Jan,3) Other months,,,,,,0,,2) 5.0-5.9,5.4,15,0.515677
41283,Faster,2010-11-23,2010,11 Nov,2) Holiday (Nov-Dec),24000000.0,23081726.0,-918274.0,0.9617385833333333,0.0,1,Q2,3) 6.0-6.9,6.1,568,26.324874
4935,Howl's Moving Castle,2004-11-19,2004,11 Nov,2) Holiday (Nov-Dec),24000000.0,234710455.0,210710455.0,9.779602291666667,1.0,1,Q2,4) 7.0 and above,8.2,1991,49.549984
19908,Zombieland,2009-10-07,2009,10 Oct,3) Other months,23600000.0,102391382.0,78791382.0,4.338617881355932,1.0,1,Q2,4) 7.0 and above,7.2,3550,57.300674
10663,The Waterboy,1998-11-06,1998,11 Nov,2) Holiday (Nov-Dec),23000000.0,185991646.0,162991646.0,8.086593304347826,1.0,1,Q2,2) 5.0-5.9,5.9,512,23.839127
1891,The Empire Strikes Back,1980-05-17,1980,05 May,1) Summer (May-Jul),18000000.0,538400000.0,520400000.0,29.91111111111111,1.0,1,Q2,4) 7.0 and above,8.2,5879,78.51783
9737,Bad Boys,1995-04-07,1995,04 Apr,3) Other months,19000000.0,141407024.0,122407024.0,7.442474947368421,1.0,1,Q2,3) 6.0-6.9,6.5,1699,33.872182
37137,The Naked Gun 2½: The Smell of Fear,1991-06-28,1991,06 Jun,1) Summer (May-Jul),23000000.0,86930411.0,63930411.0,3.7795830869565217,1.0,1,Q2,3) 6.0-6.9,6.6,546,27.33256
9532,Final Destination,2000-03-16,2000,03 Mar,3) Other months,23000000.0,53302314.0,30302314.0,2.317491913043478,1.0,1,Q2,3) 6.0-6.9,6.4,1378,38.799596
10316,The Ides of March,2011-09-24,2011,09 Sep,3) Other months,12500000.0,75993061.0,63493061.0,6.07944488,1.0,1,Q2,3) 6.0-6.9,6.5,910,20.317469
2787,Pitch Black,2000-02-18,2000,02 Feb,3) Other months,23000000.0,53187659.0,30187659.0,2.312506913043478,1.0,1,Q2,3) 6.0-6.9,6.7,1789,18.493202
12658,Someone Like You...,2001-03-30,2001,03 Mar,3) Other months,23000000.0,,,,,0,,3) 6.0-6.9,6.0,118,7.901891
152601,Her,2013-12-18,2013,12 Dec,2) Holiday (Nov-Dec),23000000.0,47351251.0,24351251.0,2.058750043478261,1.0,1,Q2,4) 7.0 and above,7.9,4097,53.682367
10866,Joy Ride,2001-10-05,2001,10 Oct,3) Other months,23000000.0,36642838.0,13642838.0,1.5931668695652175,1.0,1,Q2,3) 6.0-6.9,6.3,325,11.183197
227707,The Adventurer: The Curse of the Midas Box,2013-12-05,2013,12 Dec,2) Holiday (Nov-Dec),25000000.0,6399.0,,,,0,,2) 5.0-5.9,5.1,73,8.842722
21349,Anywhere But Here,1999-11-12,1999,11 Nov,2) Holiday (Nov-Dec),23000000.0,18653615.0,-4346385.0,0.8110267391304348,0.0,1,Q2,2) 5.0-5.9,5.9,66,8.976738
19150,The Crew,2000-08-21,2000,08 Aug,3) Other months,,,,,,0,,3) 6.0-6.9,6.4,11,2.634119
70435,Haywire,2011-11-06,2011,11 Nov,2) Holiday (Nov-Dec),23000000.0,33372606.0,10372606.0,1.4509828695652174,1.0,1,Q2,2) 5.0-5.9,5.6,505,26.257951
580,Jaws: The Revenge,1987-07-17,1987,07 Jul,1) Summer (May-Jul),23000000.0,51881013.0,28881013.0,2.2556962173913044,1.0,1,Q2,1) Below 5.0,3.5,224,12.777008
9819,Marvin's Room,1996-12-18,1996,12 Dec,2) Holiday (Nov-Dec),,,,,,0,,3) 6.0-6.9,6.6,124,6.130231
13579,The Longshots,2008-08-22,2008,08 Aug,3) Other months,,,,,,0,,3) 6.0-6.9,6.5,11,4.030724
20024,The End of the Affair,1999-12-03,1999,12 Dec,2) Holiday (Nov-Dec),23000000.0,10827816.0,-12172184.0,0.4707746086956522,0.0,1,Q2,3) 6.0-6.9,6.6,55,6.921263
2453,Harley Davidson and the Marlboro Man,1991-08-23,1991,08 Aug,3) Other months,23000000.0,7434726.0,-15565274.0,0.32324895652173913,0.0,1,Q2,3) 6.0-6.9,6.1,82,12.869436
6973,In the Valley of Elah,2007-08-31,2007,08 Aug,3) Other months,23000000.0,29541790.0,6541790.0,1.284425652173913,1.0,1,Q2,3) 6.0-6.9,6.6,261,15.676123
11156,Coco Before Chanel,2009-04-22,2009,04 Apr,3) Other months,,,,,,0,,3) 6.0-6.9,6.6,246,8.426589
354110,Forsaken,2015-09-16,2015,09 Sep,3) Other months,11000000.0,,,,,0,,2) 5.0-5.9,5.8,101,11.071522
22215,Cheri,2009-02-10,2009,02 Feb,3) Other months,23000000.0,9366227.0,-13633773.0,0.40722726086956523,0.0,1,Q2,2) 5.0-5.9,5.9,56,5.494047
11632,Vanity Fair,2004-09-01,2004,09 Sep,3) Other months,23000000.0,16123851.0,-6876149.0,0.701037,0.0,1,Q2,2) 5.0-5.9,5.5,73,6.618149
30596,Bodyguards and Assassins,2009-12-18,2009,12 Dec,2) Holiday (Nov-Dec),23000000.0,5837674.0,-17162326.0,0.2538119130434783,0.0,1,Q2,3) 6.0-6.9,6.5,57,7.876883
3021,1408,2007-07-12,2007,07 Jul,1) Summer (May-Jul),25000000.0,94679598.0,69679598.0,3.78718392,1.0,1,Q2,3) 6.0-6.9,6.5,1343,35.169779
957,Spaceballs,1987-06-24,1987,06 Jun,1) Summer (May-Jul),22700000.0,38119483.0,15419483.0,1.6792723788546255,1.0,1,Q2,3) 6.0-6.9,6.7,902,39.890798
256917,The Water Diviner,2014-12-25,2014,12 Dec,2) Holiday (Nov-Dec),22500000.0,15520023.0,-6979977.0,0.6897788,0.0,1,Q2,3) 6.0-6.9,6.8,431,22.096286
251,Ghost,1990-07-12,1990,07 Jul,1) Summer (May-Jul),22000000.0,505000000.0,483000000.0,22.954545454545453,1.0,1,Q2,3) 6.0-6.9,6.9,1339,41.967005
544,There's Something About Mary,1998-07-15,1998,07 Jul,1) Summer (May-Jul),23000000.0,369884651.0,346884651.0,16.08194134782609,1.0,1,Q2,3) 6.0-6.9,6.5,1590,57.110486
11395,The Santa Clause,1994-11-10,1994,11 Nov,2) Holiday (Nov-Dec),22000000.0,189833357.0,167833357.0,8.628788954545454,1.0,1,Q2,3) 6.0-6.9,6.3,489,16.234053
14635,The Rookie,2002-03-25,2002,03 Mar,3) Other months,20000000.0,75597042.0,55597042.0,3.7798521,1.0,1,Q2,3) 6.0-6.9,6.5,110,11.263361
13680,The Game Plan,2007-09-28,2007,09 Sep,3) Other months,22000000.0,147880543.0,125880543.0,6.721842863636364,1.0,1,Q2,3) 6.0-6.9,6.0,428,20.699212
688,The Bridges of Madison County,1995-05-28,1995,05 May,1) Summer (May-Jul),24000000.0,182016617.0,158016617.0,7.584025708333333,1.0,1,Q2,4) 7.0 and above,7.3,385,17.606087
11090,The Animal,2001-06-01,2001,06 Jun,1) Summer (May-Jul),22000000.0,84772742.0,62772742.0,3.8533064545454545,1.0,1,Q2,1) Below 5.0,4.6,304,13.786075
783,Gandhi,1982-11-30,1982,11 Nov,2) Holiday (Nov-Dec),22000000.0,77737889.0,55737889.0,3.533540409090909,1.0,1,Q2,4) 7.0 and above,7.4,716,35.227212
228194,The Hundred-Foot Journey,2014-08-06,2014,08 Aug,3) Other months,22000000.0,88880821.0,66880821.0,4.0400373181818185,1.0,1,Q2,4) 7.0 and above,7.3,508,27.898438
1642,The Net,1995-07-28,1995,07 Jul,1) Summer (May-Jul),22000000.0,110627965.0,88627965.0,5.028543863636363,1.0,1,Q2,2) 5.0-5.9,5.6,354,23.218144
10950,I Am Sam,2001-12-28,2001,12 Dec,2) Holiday (Nov-Dec),22000000.0,92542418.0,70542418.0,4.206473545454545,1.0,1,Q2,4) 7.0 and above,7.2,530,26.071644
235260,Son of God,2014-02-28,2014,02 Feb,3) Other months,22000000.0,67800064.0,45800064.0,3.081821090909091,1.0,1,Q2,2) 5.0-5.9,5.9,83,9.175762
277,Underworld,2003-09-19,2003,09 Sep,3) Other months,22000000.0,95708457.0,73708457.0,4.350384409090909,1.0,1,Q2,3) 6.0-6.9,6.6,2512,81.829237
8999,Derailed,2005-11-11,2005,11 Nov,2) Holiday (Nov-Dec),22000000.0,57479076.0,35479076.0,2.6126852727272727,1.0,1,Q2,3) 6.0-6.9,6.1,319,17.7091
11323,The Informant!,2009-09-18,2009,09 Sep,3) Other months,22000000.0,35424826.0,13424826.0,1.6102193636363635,1.0,1,Q2,3) 6.0-6.9,6.0,301,17.772518
10445,Shadowlands,1993-12-25,1993,12 Dec,2) Holiday (Nov-Dec),22000000.0,,,,,0,,3) 6.0-6.9,6.8,61,5.609755
11453,Deuce Bigalow: European Gigolo,2005-08-06,2005,08 Aug,3) Other months,22000000.0,22400154.0,400154.0,1.0181888181818182,1.0,1,Q2,1) Below 5.0,4.7,225,10.259461
146239,Delivery Man,2013-10-10,2013,10 Oct,3) Other months,26000000.0,51164106.0,25164106.0,1.9678502307692307,1.0,1,Q3,3) 6.0-6.9,6.2,551,30.114383
205588,Our Kind of Traitor,2016-05-05,2016,05 May,1) Summer (May-Jul),,9930095.0,,,,0,,3) 6.0-6.9,6.0,160,10.547959
10878,Saving Silverman,2001-02-09,2001,02 Feb,3) Other months,22000000.0,19351569.0,-2648431.0,0.8796167727272727,0.0,1,Q2,2) 5.0-5.9,5.4,154,12.887673
82650,Diary of a Wimpy Kid: Dog Days,2012-08-02,2012,08 Aug,3) Other months,22000000.0,77112176.0,55112176.0,3.505098909090909,1.0,1,Q2,3) 6.0-6.9,6.0,223,13.410919
10279,Summer of Sam,1999-07-02,1999,07 Jul,1) Summer (May-Jul),,,,,,0,,3) 6.0-6.9,6.3,112,3.70789
2294,Jay and Silent Bob Strike Back,2001-08-22,2001,08 Aug,3) Other months,22000000.0,33788161.0,11788161.0,1.5358255,1.0,1,Q2,3) 6.0-6.9,6.4,480,21.865021
2176,The Glass House,2001-09-14,2001,09 Sep,3) Other months,30000000.0,23619609.0,-6380391.0,0.7873203,0.0,1,Q3,2) 5.0-5.9,5.4,201,9.448517
270487,"Hail, Caesar!",2016-02-05,2016,02 Feb,3) Other months,22000000.0,63647656.0,41647656.0,2.893075272727273,1.0,1,Q2,2) 5.0-5.9,5.7,1309,39.006187
19366,Josie and the Pussycats,2001-04-06,2001,04 Apr,3) Other months,22000000.0,,,,,0,,2) 5.0-5.9,5.3,72,6.404571
204082,Homefront,2013-11-27,2013,11 Nov,2) Holiday (Nov-Dec),22000000.0,43058898.0,21058898.0,1.9572226363636365,1.0,1,Q2,3) 6.0-6.9,6.4,875,35.737655
24100,The Little Vampire,2000-10-27,2000,10 Oct,3) Other months,22000000.0,13555988.0,-8444012.0,0.6161812727272727,0.0,1,Q2,3) 6.0-6.9,6.1,77,4.365196
1599,I Heart Huckabees,2004-09-10,2004,09 Sep,3) Other months,22000000.0,,,,,0,,3) 6.0-6.9,6.2,239,14.925633
5550,RoboCop 3,1993-04-17,1993,04 Apr,3) Other months,22000000.0,10696210.0,-11303790.0,0.4861913636363636,0.0,1,Q2,1) Below 5.0,4.2,305,14.725467
30379,Megiddo: The Omega Code 2,2001-09-07,2001,09 Sep,3) Other months,,,,,,0,,,3.6,8,0.809588
42586,Darling Lili,1970-01-01,1970,01 Jan,3) Other months,,,,,,0,,,4.9,8,0.816883
17709,Dudley Do-Right,1999-08-27,1999,08 Aug,3) Other months,70000000.0,,,,,0,,1) Below 5.0,3.8,48,8.792054
287948,The Transporter Refueled,2015-09-03,2015,09 Sep,3) Other months,25000000.0,72629670.0,47629670.0,2.9051868,1.0,1,Q2,2) 5.0-5.9,5.2,559,25.002715
7548,The Libertine,2004-09-16,2004,09 Sep,3) Other months,,,,,,0,,2) 5.0-5.9,5.9,128,7.588597
9075,Black Book,2006-09-01,2006,09 Sep,3) Other months,21000000.0,26193068.0,5193068.0,1.2472889523809523,1.0,1,Q2,4) 7.0 and above,7.2,277,13.906611
11661,Joyeux Noël,2005-11-09,2005,11 Nov,2) Holiday (Nov-Dec),22000000.0,17709155.0,-4290845.0,0.8049615909090909,0.0,1,Q2,4) 7.0 and above,7.2,212,13.960945
109513,Hit & Run,2012-08-22,2012,08 Aug,3) Other months,2000000.0,14400000.0,12400000.0,7.2,1.0,1,Q1 (lowest),2) 5.0-5.9,5.5,224,16.668854
12085,Mad Money,2008-01-17,2008,01 Jan,3) Other months,,,,,,0,,2) 5.0-5.9,5.9,140,6.847133
204922,Before I Go to Sleep,2014-09-03,2014,09 Sep,3) Other months,22000000.0,15447154.0,-6552846.0,0.7021433636363636,0.0,1,Q2,3) 6.0-6.9,6.2,659,48.784734
38985,Sorcerer,1977-06-24,1977,06 Jun,1) Summer (May-Jul),22000000.0,12000000.0,-10000000.0,0.5454545454545454,0.0,1,Q2,4) 7.0 and above,7.4,98,9.088209
44113,Stone,2010-10-07,2010,10 Oct,3) Other months,22000000.0,9479718.0,-12520282.0,0.4308962727272727,0.0,1,Q2,2) 5.0-5.9,5.2,192,12.445176
21494,Moliere,2007-01-31,2007,01 Jan,3) Other months,,,,,,0,,3) 6.0-6.9,6.7,45,4.61335
164457,Out of the Furnace,2013-12-06,2013,12 Dec,2) Holiday (Nov-Dec),22000000.0,15400000.0,-6600000.0,0.7,0.0,1,Q2,3) 6.0-6.9,6.5,720,29.230298
4566,Michael Clayton,2007-09-28,2007,09 Sep,3) Other months,25000000.0,92991835.0,67991835.0,3.7196734,1.0,1,Q2,3) 6.0-6.9,6.5,501,18.961323
17795,My Fellow Americans,1996-12-20,1996,12 Dec,2) Holiday (Nov-Dec),,,,,,0,,3) 6.0-6.9,6.3,46,2.809378
1073,Arlington Road,1999-03-19,1999,03 Mar,3) Other months,21500000.0,,,,,0,,4) 7.0 and above,7.0,239,12.819447
153158,Underdogs,2013-07-18,2013,07 Jul,1) Summer (May-Jul),22000000.0,24000000.0,2000000.0,1.0909090909090908,1.0,1,Q2,3) 6.0-6.9,6.0,122,14.866351
81836,To Rome with Love,2012-04-20,2012,04 Apr,3) Other months,17000000.0,73244881.0,56244881.0,4.308522411764706,1.0,1,Q2,2) 5.0-5.9,5.6,546,15.013386
10724,Firefox,1982-06-13,1982,06 Jun,1) Summer (May-Jul),18000000.0,70687344.0,52687344.0,3.9270746666666665,1.0,1,Q2,2) 5.0-5.9,5.5,139,8.700565
9473,"South Park: Bigger, Longer & Uncut",1999-06-30,1999,06 Jun,1) Summer (May-Jul),21000000.0,,,,,0,,4) 7.0 and above,7.1,893,27.197799
2196,Death at a Funeral,2007-02-09,2007,02 Feb,3) Other months,9000000.0,46.0,,,,0,,3) 6.0-6.9,6.9,497,20.410354
1499,Teenage Mutant Ninja Turtles III,1993-03-17,1993,03 Mar,3) Other months,21000000.0,42000000.0,21000000.0,2.0,1.0,1,Q2,2) 5.0-5.9,5.1,184,10.207065
20857,Hardball,2001-09-14,2001,09 Sep,3) Other months,32000000.0,40222729.0,8222729.0,1.25696028125,1.0,1,Q3,3) 6.0-6.9,6.3,123,5.683281
82693,Silver Linings Playbook,2012-09-08,2012,09 Sep,3) Other months,21000000.0,205738714.0,184738714.0,9.797081619047619,1.0,1,Q2,3) 6.0-6.9,6.9,4742,63.599973
1646,Freedom Writers,2007-01-05,2007,01 Jan,3) Other months,21000000.0,41170784.0,20170784.0,1.9605135238095237,1.0,1,Q2,4) 7.0 and above,7.5,356,17.746981
44944,For Colored Girls,2010-11-05,2010,11 Nov,2) Holiday (Nov-Dec),,37000000.0,,,,0,,4) 7.0 and above,7.0,22,1.934524
4108,The Transporter,2002-10-02,2002,10 Oct,3) Other months,21000000.0,43928932.0,22928932.0,2.091853904761905,1.0,1,Q2,3) 6.0-6.9,6.6,1692,34.433521
8456,Never Back Down,2008-03-04,2008,03 Mar,3) Other months,20000000.0,41627431.0,21627431.0,2.08137155,1.0,1,Q2,3) 6.0-6.9,6.4,497,26.21425
7341,The Rage: Carrie 2,1999-03-11,1999,03 Mar,3) Other months,21000000.0,17762705.0,-3237295.0,0.8458430952380952,0.0,1,Q2,2) 5.0-5.9,5.1,76,4.781538
19255,Away We Go,2009-06-05,2009,06 Jun,1) Summer (May-Jul),17000000.0,14899417.0,-2100583.0,0.876436294117647,0.0,1,Q2,3) 6.0-6.9,6.7,189,10.13559
10187,Swing Vote,2008-08-01,2008,08 Aug,3) Other months,21000000.0,17600000.0,-3400000.0,0.8380952380952381,0.0,1,Q2,2) 5.0-5.9,5.8,65,5.815881
31005,Moonlight Mile,2002-09-09,2002,09 Sep,3) Other months,21000000.0,10011050.0,-10988950.0,0.4767166666666667,0.0,1,Q2,3) 6.0-6.9,6.5,52,8.982335
49517,Tinker Tailor Soldier Spy,2011-09-16,2011,09 Sep,3) Other months,30000000.0,,,,,0,,3) 6.0-6.9,6.6,840,33.649652
44857,Molly,1999-10-22,1999,10 Oct,3) Other months,,,,,,0,,2) 5.0-5.9,5.5,14,2.636193
50780,The Beaver,2011-02-11,2011,02 Feb,3) Other months,21000000.0,970816.0,-20029184.0,0.04622933333333333,0.0,1,Q2,3) 6.0-6.9,6.3,276,13.847872
16363,The Best Little Whorehouse in Texas,1982-07-23,1982,07 Jul,1) Summer (May-Jul),35000000.0,69701637.0,34701637.0,1.9914753428571428,1.0,1,Q3,2) 5.0-5.9,5.9,41,4.189378
1946,eXistenZ,1999-04-14,1999,04 Apr,3) Other months,15000000.0,2856712.0,-12143288.0,0.19044746666666668,0.0,1,Q2,3) 6.0-6.9,6.7,475,21.928025
85,Raiders of the Lost Ark,1981-06-12,1981,06 Jun,1) Summer (May-Jul),18000000.0,389925971.0,371925971.0,21.662553944444443,1.0,1,Q2,4) 7.0 and above,7.7,3854,68.159596
772,Home Alone 2: Lost in New York,1992-11-19,1992,11 Nov,2) Holiday (Nov-Dec),18000000.0,358991681.0,340991681.0,19.943982277777778,1.0,1,Q2,3) 6.0-6.9,6.3,2395,81.487685
840,Close Encounters of the Third Kind,1977-11-16,1977,11 Nov,2) Holiday (Nov-Dec),20000000.0,303788635.0,283788635.0,15.18943175,1.0,1,Q2,4) 7.0 and above,7.2,1098,52.456505
9682,Pulse,2006-08-11,2006,08 Aug,3) Other months,38000000.0,29907685.0,-8092315.0,0.7870443421052632,0.0,1,Q3,2) 5.0-5.9,5.0,150,9.662715
96,Beverly Hills Cop II,1987-05-18,1987,05 May,1) Summer (May-Jul),20000000.0,299965036.0,279965036.0,14.9982518,1.0,1,Q2,3) 6.0-6.9,6.1,613,25.28436
10678,Bringing Down the House,2003-03-07,2003,03 Mar,3) Other months,20000000.0,132675402.0,112675402.0,6.6337701,1.0,1,Q2,2) 5.0-5.9,5.4,183,8.351385
274,The Silence of the Lambs,1991-02-01,1991,02 Feb,3) Other months,19000000.0,272742922.0,253742922.0,14.354890631578947,1.0,1,Q2,4) 7.0 and above,8.1,4443,18.174804
8872,Wayne's World,1992-02-14,1992,02 Feb,3) Other months,20000000.0,121697323.0,101697323.0,6.08486615,1.0,1,Q2,3) 6.0-6.9,6.5,728,21.815122
16290,Jackass 3D,2010-10-15,2010,10 Oct,3) Other months,20000000.0,117224271.0,97224271.0,5.86121355,1.0,1,Q2,3) 6.0-6.9,6.4,428,20.99174
579,Jaws 2,1978-06-16,1978,06 Jun,1) Summer (May-Jul),20000000.0,187884007.0,167884007.0,9.39420035,1.0,1,Q2,2) 5.0-5.9,5.9,406,19.636044
14405,Beverly Hills Chihuahua,2008-10-03,2008,10 Oct,3) Other months,20000000.0,149281606.0,129281606.0,7.4640803,1.0,1,Q2,1) Below 5.0,4.9,209,12.25264
138843,The Conjuring,2013-07-18,2013,07 Jul,1) Summer (May-Jul),13000000.0,318000141.0,305000141.0,24.46154930769231,1.0,1,Q2,4) 7.0 and above,7.4,3092,49.975409
11637,Are We There Yet?,2005-01-20,2005,01 Jan,3) Other months,32000000.0,97918663.0,65918663.0,3.05995821875,1.0,1,Q3,2) 5.0-5.9,5.2,221,13.590677
226486,Tammy,2014-07-02,2014,07 Jul,1) Summer (May-Jul),20000000.0,100525432.0,80525432.0,5.0262716,1.0,1,Q2,2) 5.0-5.9,5.0,500,21.657563
1584,School of Rock,2003-10-03,2003,10 Oct,3) Other months,35000000.0,131282949.0,96282949.0,3.7509414,1.0,1,Q3,3) 6.0-6.9,6.7,1414,43.057323
9312,Mortal Kombat,1995-08-18,1995,08 Aug,3) Other months,18000000.0,122195920.0,104195920.0,6.788662222222222,1.0,1,Q2,2) 5.0-5.9,5.4,442,16.470895
12153,White Chicks,2004-06-23,2004,06 Jun,1) Summer (May-Jul),37000000.0,113086475.0,76086475.0,3.056391216216216,1.0,1,Q3,3) 6.0-6.9,6.3,679,28.703007
65057,The Descendants,2011-09-09,2011,09 Sep,3) Other months,20000000.0,177243185.0,157243185.0,8.86215925,1.0,1,Q2,3) 6.0-6.9,6.7,934,40.903931
8326,Holes,2003-04-18,2003,04 Apr,3) Other months,20000000.0,,,,,0,,3) 6.0-6.9,6.7,383,22.001408
35690,The Last Song,2010-03-31,2010,03 Mar,3) Other months,,,,,,0,,3) 6.0-6.9,6.9,923,23.139971
76203,12 Years a Slave,2013-10-18,2013,10 Oct,3) Other months,20000000.0,187000000.0,167000000.0,9.35,1.0,1,Q2,4) 7.0 and above,7.9,3674,95.9229
13497,Drumline,2002-12-13,2002,12 Dec,2) Holiday (Nov-Dec),20000000.0,57588485.0,37588485.0,2.87942425,1.0,1,Q2,3) 6.0-6.9,6.2,116,4.748929
35688,Why Did I Get Married Too?,2010-04-02,2010,04 Apr,3) Other months,20000000.0,60072596.0,40072596.0,3.0036298,1.0,1,Q2,3) 6.0-6.9,6.1,29,2.986286
162,Edward Scissorhands,1990-12-05,1990,12 Dec,2) Holiday (Nov-Dec),20000000.0,53000000.0,33000000.0,2.65,1.0,1,Q2,4) 7.0 and above,7.5,3601,47.51363
296096,Me Before You,2016-06-02,2016,06 Jun,1) Summer (May-Jul),20000000.0,207945075.0,187945075.0,10.39725375,1.0,1,Q2,4) 7.0 and above,7.6,2562,53.161905
103370,Madea's Witness Protection,2012-06-29,2012,06 Jun,1) Summer (May-Jul),,,,,,0,,2) 5.0-5.9,5.9,52,7.050951
1051,The French Connection,1971-10-09,1971,10 Oct,3) Other months,1800000.0,41158757.0,39358757.0,22.86597611111111,1.0,1,Q1 (lowest),4) 7.0 and above,7.4,422,15.978136
376659,Bad Moms,2016-07-28,2016,07 Jul,1) Summer (May-Jul),20000000.0,183936074.0,163936074.0,9.1968037,1.0,1,Q2,3) 6.0-6.9,6.3,1252,42.512296
10073,Date Movie,2006-02-17,2006,02 Feb,3) Other months,20000000.0,48548426.0,28548426.0,2.4274213,1.0,1,Q2,1) Below 5.0,3.6,222,10.098722
16690,Return to Never Land,2002-02-14,2002,02 Feb,3) Other months,20000000.0,109862682.0,89862682.0,5.4931341,1.0,1,Q2,3) 6.0-6.9,6.1,290,15.341196
273895,Selma,2014-12-25,2014,12 Dec,2) Holiday (Nov-Dec),20000000.0,66787908.0,46787908.0,3.3393954,1.0,1,Q2,4) 7.0 and above,7.4,817,29.023184
14873,The Jungle Book 2,2003-02-07,2003,02 Feb,3) Other months,20000000.0,135680000.0,115680000.0,6.784,1.0,1,Q2,2) 5.0-5.9,5.6,269,19.819893
8968,Boogeyman,2005-02-04,2005,02 Feb,3) Other months,20000000.0,67192859.0,47192859.0,3.35964295,1.0,1,Q2,1) Below 5.0,4.6,191,11.62423
9963,Premonition,2007-02-08,2007,02 Feb,3) Other months,20000000.0,84146832.0,64146832.0,4.2073416,1.0,1,Q2,2) 5.0-5.9,5.8,381,22.049787
15655,The Tigger Movie,2000-02-11,2000,02 Feb,3) Other months,30000000.0,45554533.0,15554533.0,1.5184844333333334,1.0,1,Q3,3) 6.0-6.9,6.3,143,9.829859
21208,Orphan,2009-07-24,2009,07 Jul,1) Summer (May-Jul),20000000.0,41596251.0,21596251.0,2.07981255,1.0,1,Q2,3) 6.0-6.9,6.7,1261,29.295801
272878,Max,2015-06-26,2015,06 Jun,1) Summer (May-Jul),20000000.0,43967255.0,23967255.0,2.19836275,1.0,1,Q2,3) 6.0-6.9,6.8,276,14.136476
9760,Epic Movie,2007-01-25,2007,01 Jan,3) Other months,20000000.0,86865564.0,66865564.0,4.3432782,1.0,1,Q2,1) Below 5.0,3.2,326,6.064638
314365,Spotlight,2015-11-06,2015,11 Nov,2) Holiday (Nov-Dec),20000000.0,88346473.0,68346473.0,4.41732365,1.0,1,Q2,4) 7.0 and above,7.8,2686,41.503588
13279,Lakeview Terrace,2008-09-19,2008,09 Sep,3) Other months,20000000.0,27640028.0,7640028.0,1.3820014,1.0,1,Q2,2) 5.0-5.9,5.9,292,20.495749
1975,The Grudge 2,2006-10-13,2006,10 Oct,3) Other months,20000000.0,39143839.0,19143839.0,1.95719195,1.0,1,Q2,2) 5.0-5.9,5.2,283,13.906944
33644,How Stella Got Her Groove Back,1998-08-14,1998,08 Aug,3) Other months,20000000.0,37672350.0,17672350.0,1.8836175,1.0,1,Q2,3) 6.0-6.9,6.0,24,2.003047
1649,Bill & Ted's Bogus Journey,1991-07-19,1991,07 Jul,1) Summer (May-Jul),,,,,,0,,2) 5.0-5.9,5.9,308,11.349664
9895,Man of the Year,2006-10-09,2006,10 Oct,3) Other months,20000000.0,41237648.0,21237648.0,2.0618824,1.0,1,Q2,2) 5.0-5.9,5.8,129,11.203335
9570,The Black Hole,1979-12-18,1979,12 Dec,2) Holiday (Nov-Dec),20000000.0,35841901.0,15841901.0,1.79209505,1.0,1,Q2,3) 6.0-6.9,6.1,131,8.265317
27579,The American,2010-08-31,2010,08 Aug,3) Other months,20000000.0,65464324.0,45464324.0,3.2732162,1.0,1,Q2,2) 5.0-5.9,5.8,481,18.632156
16052,Selena,1997-03-21,1997,03 Mar,3) Other months,20000000.0,60000000.0,40000000.0,3.0,1.0,1,Q2,4) 7.0 and above,7.0,114,6.92592
40264,Vampires Suck,2010-08-18,2010,08 Aug,3) Other months,20000000.0,80547866.0,60547866.0,4.0273933,1.0,1,Q2,1) Below 5.0,4.2,315,17.165039
1164,Babel,2006-09-08,2006,09 Sep,3) Other months,25000000.0,135330182.0,110330182.0,5.41320728,1.0,1,Q2,3) 6.0-6.9,6.9,1055,25.785925
239678,This Is Where I Leave You,2014-09-10,2014,09 Sep,3) Other months,19800000.0,41296320.0,21496320.0,2.085672727272727,1.0,1,Q2,3) 6.0-6.9,6.5,505,20.311684
14359,Doubt,2008-11-27,2008,11 Nov,2) Holiday (Nov-Dec),20000000.0,50907234.0,30907234.0,2.5453617,1.0,1,Q2,4) 7.0 and above,7.0,435,20.975165
3989,Team America: World Police,2004-10-10,2004,10 Oct,3) Other months,32000000.0,50907422.0,18907422.0,1.5908569375,1.0,1,Q3,3) 6.0-6.9,6.6,660,26.509175
76617,Texas Chainsaw 3D,2013-01-03,2013,01 Jan,3) Other months,20000000.0,47241945.0,27241945.0,2.36209725,1.0,1,Q2,2) 5.0-5.9,5.3,465,26.497025
1710,Copycat,1995-10-27,1995,10 Oct,3) Other months,,,,,,0,,3) 6.0-6.9,6.4,194,14.211699
4258,Scary Movie 5,2013-04-11,2013,04 Apr,3) Other months,20000000.0,78378744.0,58378744.0,3.9189372,1.0,1,Q2,1) Below 5.0,4.6,793,36.819044
20391,Paint Your Wagon,1969-10-15,1969,10 Oct,3) Other months,20000000.0,31678778.0,11678778.0,1.5839389,1.0,1,Q2,3) 6.0-6.9,6.2,63,7.902536
10139,Milk,2008-11-26,2008,11 Nov,2) Holiday (Nov-Dec),20000000.0,54586584.0,34586584.0,2.7293292,1.0,1,Q2,4) 7.0 and above,7.1,612,30.909699
335778,Risen,2016-02-19,2016,02 Feb,3) Other months,20000000.0,46069568.0,26069568.0,2.3034784,1.0,1,Q2,2) 5.0-5.9,5.7,295,16.663797
9645,Ghost Ship,2002-10-25,2002,10 Oct,3) Other months,35000000.0,68349884.0,33349884.0,1.9528538285714285,1.0,1,Q3,2) 5.0-5.9,5.3,531,27.724913
55465,A Very Harold & Kumar Christmas,2011-11-04,2011,11 Nov,2) Holiday (Nov-Dec),19000000.0,35387212.0,16387212.0,1.862484842105263,1.0,1,Q2,3) 6.0-6.9,6.0,328,17.971883
617,Wild Things,1998-03-20,1998,03 Mar,3) Other months,20000000.0,67200000.0,47200000.0,3.36,1.0,1,Q2,3) 6.0-6.9,6.3,444,25.041992
19904,The Stepfather,2009-10-16,2009,10 Oct,3) Other months,,,,,,0,,2) 5.0-5.9,5.4,167,7.924428
48289,The Debt,2010-04-11,2010,04 Apr,3) Other months,20000000.0,45636368.0,25636368.0,2.2818184,1.0,1,Q2,3) 6.0-6.9,6.3,257,14.857884
243,High Fidelity,2000-03-17,2000,03 Mar,3) Other months,30000000.0,47126295.0,17126295.0,1.5708765,1.0,1,Q3,4) 7.0 and above,7.0,628,23.982956
6933,One Missed Call,2008-01-04,2008,01 Jan,3) Other months,20000000.0,,,,,0,,1) Below 5.0,4.7,171,12.458131
17182,Eye for an Eye,1996-01-12,1996,01 Jan,3) Other months,20000000.0,,,,,0,,2) 5.0-5.9,5.8,63,3.996392
8848,The Bank Job,2008-02-28,2008,02 Feb,3) Other months,20000000.0,64822796.0,44822796.0,3.2411398,1.0,1,Q2,3) 6.0-6.9,6.6,697,30.387754
38,Eternal Sunshine of the Spotless Mind,2004-03-19,2004,03 Mar,3) Other months,20000000.0,72258126.0,52258126.0,3.6129063,1.0,1,Q2,4) 7.0 and above,7.9,3652,56.481487
38303,You Again,2010-09-24,2010,09 Sep,3) Other months,20000000.0,32005248.0,12005248.0,1.6002624,1.0,1,Q2,3) 6.0-6.9,6.0,368,19.962713
1266,Street Kings,2008-04-10,2008,04 Apr,3) Other months,20000000.0,65569869.0,45569869.0,3.27849345,1.0,1,Q2,3) 6.0-6.9,6.3,363,18.666876
107985,The World's End,2013-07-18,2013,07 Jul,1) Summer (May-Jul),20000000.0,46089287.0,26089287.0,2.30446435,1.0,1,Q2,3) 6.0-6.9,6.7,1778,55.964605
14043,Nancy Drew,2007-06-15,2007,06 Jun,1) Summer (May-Jul),,,,,,0,,2) 5.0-5.9,5.8,143,5.0348
19901,Daybreakers,2009-01-06,2009,01 Jan,3) Other months,20000000.0,51416464.0,31416464.0,2.5708232,1.0,1,Q2,3) 6.0-6.9,6.0,634,28.019226
34016,She's Out of My League,2010-03-11,2010,03 Mar,3) Other months,20000000.0,49779728.0,29779728.0,2.4889864,1.0,1,Q2,2) 5.0-5.9,5.9,525,16.176976
59860,Monte Carlo,2011-07-01,2011,07 Jul,1) Summer (May-Jul),20000000.0,17425000.0,-2575000.0,0.87125,0.0,1,Q2,3) 6.0-6.9,6.0,593,17.237143
10069,Stay Alive,2006-03-24,2006,03 Mar,3) Other months,9000000.0,27105095.0,18105095.0,3.011677222222222,1.0,1,Q1 (lowest),2) 5.0-5.9,5.3,155,4.34503
9588,Quigley Down Under,1990-10-17,1990,10 Oct,3) Other months,,,,,,0,,3) 6.0-6.9,6.5,119,11.360997
12819,Alpha and Omega,2010-09-17,2010,09 Sep,3) Other months,20000000.0,39300000.0,19300000.0,1.965,1.0,1,Q2,2) 5.0-5.9,5.3,124,12.300789
9954,The Covenant,2006-09-08,2006,09 Sep,3) Other months,20000000.0,37597471.0,17597471.0,1.87987355,1.0,1,Q2,2) 5.0-5.9,5.2,288,15.804814
10115,Stick It,2006-04-21,2006,04 Apr,3) Other months,,,,,,0,,3) 6.0-6.9,6.3,148,9.750557
25132,Shorts,2009-08-21,2009,08 Aug,3) Other months,40000000.0,28972508.0,-11027492.0,0.7243127,0.0,1,Q3,2) 5.0-5.9,5.1,44,4.100942
577,To Die For,1995-05-20,1995,05 May,1) Summer (May-Jul),20000000.0,21284514.0,1284514.0,1.0642257,1.0,1,Q2,3) 6.0-6.9,6.7,175,12.309715
328387,Nerve,2016-07-27,2016,07 Jul,1) Summer (May-Jul),20000000.0,83707310.0,63707310.0,4.1853655,1.0,1,Q2,4) 7.0 and above,7.1,2181,62.933899
12690,Appaloosa,2008-09-12,2008,09 Sep,3) Other months,20000000.0,20211394.0,211394.0,1.0105697,1.0,1,Q2,3) 6.0-6.9,6.3,299,16.074397
9945,Vampires,1998-04-15,1998,04 Apr,3) Other months,20000000.0,,,,,0,,2) 5.0-5.9,5.8,255,17.016284
539,Psycho,1960-06-16,1960,06 Jun,1) Summer (May-Jul),806948.0,32000000.0,31193052.0,39.655591190510414,1.0,1,Q1 (lowest),4) 7.0 and above,8.2,2320,93.067866
13596,My Best Friend's Girl,2008-09-19,2008,09 Sep,3) Other months,20000000.0,36620508.0,16620508.0,1.8310254,1.0,1,Q2,2) 5.0-5.9,5.4,220,17.145287
226857,Endless Love,2014-02-12,2014,02 Feb,3) Other months,20000000.0,34077920.0,14077920.0,1.703896,1.0,1,Q2,3) 6.0-6.9,6.7,542,27.256849
13159,Georgia Rule,2007-05-11,2007,05 May,1) Summer (May-Jul),20000000.0,,,,,0,,2) 5.0-5.9,5.6,130,7.878177
47941,Under the Rainbow,1981-07-31,1981,07 Jul,1) Summer (May-Jul),20000000.0,2297493.0,-17702507.0,0.11487465,0.0,1,Q2,,4.9,7,0.173964
526,Ladyhawke,1985-03-27,1985,03 Mar,3) Other months,20000000.0,18432000.0,-1568000.0,0.9216,0.0,1,Q2,3) 6.0-6.9,6.8,260,14.370111
22796,Simon Birch,1998-09-11,1998,09 Sep,3) Other months,20000000.0,18253415.0,-1746585.0,0.91267075,0.0,1,Q2,3) 6.0-6.9,6.5,52,11.090254
2355,Reign Over Me,2007-03-23,2007,03 Mar,3) Other months,20000000.0,22222308.0,2222308.0,1.1111154,1.0,1,Q2,4) 7.0 and above,7.1,334,20.82778
5915,Into the Wild,2007-09-11,2007,09 Sep,3) Other months,15000000.0,56255142.0,41255142.0,3.7503428,1.0,1,Q2,4) 7.0 and above,7.8,3045,43.644978
9842,School for Scoundrels,2006-09-29,2006,09 Sep,3) Other months,20000000.0,17807569.0,-2192431.0,0.89037845,0.0,1,Q2,2) 5.0-5.9,5.6,111,8.244324
61012,Silent Hill: Revelation 3D,2012-10-10,2012,10 Oct,3) Other months,20000000.0,52302796.0,32302796.0,2.6151398,1.0,1,Q2,2) 5.0-5.9,5.0,432,23.292761
755,From Dusk Till Dawn,1996-01-19,1996,01 Jan,3) Other months,19000000.0,25836616.0,6836616.0,1.3598218947368421,1.0,1,Q2,3) 6.0-6.9,6.9,1603,64.181668
13682,Pooh's Heffalump Movie,2005-02-11,2005,02 Feb,3) Other months,,,,,,0,,3) 6.0-6.9,6.4,88,9.03154
9089,Home for the Holidays,1995-11-02,1995,11 Nov,2) Holiday (Nov-Dec),,17519169.0,,,,0,,3) 6.0-6.9,6.3,39,4.031585
9470,Kung Fu Hustle,2004-02-10,2004,02 Feb,3) Other months,20000000.0,100914445.0,80914445.0,5.04572225,1.0,1,Q2,4) 7.0 and above,7.2,831,13.658985
18357,The Country Bears,2002-07-26,2002,07 Jul,1) Summer (May-Jul),35000000.0,,,,,0,,1) Below 5.0,4.3,20,6.908351
7979,The Kite Runner,2007-10-14,2007,10 Oct,3) Other months,20000000.0,73276047.0,53276047.0,3.66380235,1.0,1,Q2,4) 7.0 and above,7.3,394,10.446722
470,21 Grams,2003-09-06,2003,09 Sep,3) Other months,20000000.0,60427839.0,40427839.0,3.02139195,1.0,1,Q2,4) 7.0 and above,7.2,918,32.243357
15644,Paparazzi,2004-09-03,2004,09 Sep,3) Other months,20000000.0,16605763.0,-3394237.0,0.83028815,0.0,1,Q2,2) 5.0-5.9,5.8,52,9.149089
9582,A Guy Thing,2003-01-17,2003,01 Jan,3) Other months,20000000.0,17432163.0,-2567837.0,0.87160815,0.0,1,Q2,2) 5.0-5.9,5.3,83,5.596835
10642,Loser,2000-07-21,2000,07 Jul,1) Summer (May-Jul),,,,,,0,,2) 5.0-5.9,5.0,120,5.214408
22074,Capitalism: A Love Story,2009-09-06,2009,09 Sep,3) Other months,20000000.0,17436509.0,-2563491.0,0.87182545,0.0,1,Q2,4) 7.0 and above,7.0,167,10.50098
2428,The Greatest Story Ever Told,1965-02-15,1965,02 Feb,3) Other months,20000000.0,15473333.0,-4526667.0,0.77366665,0.0,1,Q2,3) 6.0-6.9,6.5,41,3.011205
290751,Secret in Their Eyes,2015-10-14,2015,10 Oct,3) Other months,19500000.0,34854990.0,15354990.0,1.7874353846153845,1.0,1,Q2,3) 6.0-6.9,6.2,336,15.012237
13805,Disaster Movie,2008-08-29,2008,08 Aug,3) Other months,25000000.0,14109284.0,-10890716.0,0.56437136,0.0,1,Q2,1) Below 5.0,3.0,240,16.238961
4597,Armored,2009-12-04,2009,12 Dec,2) Holiday (Nov-Dec),20000000.0,22942221.0,2942221.0,1.14711105,1.0,1,Q2,2) 5.0-5.9,5.5,208,15.21229
9414,The Man Who Knew Too Little,1997-11-14,1997,11 Nov,2) Holiday (Nov-Dec),20000000.0,13801755.0,-6198245.0,0.69008775,0.0,1,Q2,3) 6.0-6.9,6.5,125,6.397042
63492,What's Your Number?,2011-09-30,2011,09 Sep,3) Other months,20000000.0,30426096.0,10426096.0,1.5213048,1.0,1,Q2,3) 6.0-6.9,6.2,671,19.220789
81796,Lockout,2012-04-12,2012,04 Apr,3) Other months,20000000.0,32204030.0,12204030.0,1.6102015,1.0,1,Q2,2) 5.0-5.9,5.8,715,35.232278
10710,Envy,2004-04-30,2004,04 Apr,3) Other months,40000000.0,,,,,0,,1) Below 5.0,4.8,139,9.842771
15092,Crank: High Voltage,2009-04-16,2009,04 Apr,3) Other months,20000000.0,34560577.0,14560577.0,1.72802885,1.0,1,Q2,2) 5.0-5.9,5.9,861,35.542809
11382,Bullets Over Broadway,1994-10-14,1994,10 Oct,3) Other months,,,,,,0,,4) 7.0 and above,7.0,130,7.829295
15005,One Night with the King,2006-10-13,2006,10 Oct,3) Other months,20000000.0,13391174.0,-6608826.0,0.6695587,0.0,1,Q2,3) 6.0-6.9,6.1,12,3.476925
8198,The Quiet American,2002-11-22,2002,11 Nov,2) Holiday (Nov-Dec),30000000.0,27674124.0,-2325876.0,0.9224708,0.0,1,Q3,3) 6.0-6.9,6.4,81,5.133744
6963,The Weather Man,2005-10-20,2005,10 Oct,3) Other months,20000000.0,12482775.0,-7517225.0,0.62413875,0.0,1,Q2,3) 6.0-6.9,6.0,289,14.031377
15070,Undisputed,2002-08-23,2002,08 Aug,3) Other months,20000000.0,12398628.0,-7601372.0,0.6199314,0.0,1,Q2,3) 6.0-6.9,6.1,139,17.227376
12797,Ghost Town,2008-09-19,2008,09 Sep,3) Other months,,,,,,0,,3) 6.0-6.9,6.4,286,17.98817
17134,12 Rounds,2009-03-19,2009,03 Mar,3) Other months,20000000.0,17280326.0,-2719674.0,0.8640163,0.0,1,Q2,2) 5.0-5.9,5.7,220,15.66135
41402,Let Me In,2010-10-01,2010,10 Oct,3) Other months,20000000.0,24145613.0,4145613.0,1.20728065,1.0,1,Q2,3) 6.0-6.9,6.7,641,19.705311
18885,3 Ninjas Kick Back,1994-05-06,1994,05 May,1) Summer (May-Jul),,,,,,0,,1) Below 5.0,4.5,48,2.645722
4953,Be Kind Rewind,2008-01-20,2008,01 Jan,3) Other months,,,,,,0,,3) 6.0-6.9,6.2,424,17.662683
10773,Mrs Henderson Presents,2005-09-09,2005,09 Sep,3) Other months,,,,,,0,,3) 6.0-6.9,6.4,62,2.894154
146198,Triple 9,2016-02-19,2016,02 Feb,3) Other months,20000000.0,12639297.0,-7360703.0,0.63196485,0.0,1,Q2,2) 5.0-5.9,5.6,797,29.371987
2639,Deconstructing Harry,1997-08-26,1997,08 Aug,3) Other months,20000000.0,10686841.0,-9313159.0,0.53434205,0.0,1,Q2,4) 7.0 and above,7.3,187,11.352693
10563,Three to Tango,1999-10-22,1999,10 Oct,3) Other months,20000000.0,,,,,0,,2) 5.0-5.9,5.4,62,7.553773
295964,Burnt,2015-10-02,2015,10 Oct,3) Other months,20000000.0,36606743.0,16606743.0,1.83033715,1.0,1,Q2,3) 6.0-6.9,6.3,950,30.477114
5971,We're No Angels,1989-12-15,1989,12 Dec,2) Holiday (Nov-Dec),20000000.0,,,,,0,,2) 5.0-5.9,5.6,105,9.927018
9716,Everyone Says I Love You,1996-12-06,1996,12 Dec,2) Holiday (Nov-Dec),20000000.0,,,,,0,,3) 6.0-6.9,6.5,147,12.379781
11835,Death Sentence,2007-08-31,2007,08 Aug,3) Other months,20000000.0,16974459.0,-3025541.0,0.84872295,0.0,1,Q2,3) 6.0-6.9,6.5,297,12.643703
26171,Everybody's Fine,2009-12-04,2009,12 Dec,2) Holiday (Nov-Dec),21000000.0,,,,,0,,3) 6.0-6.9,6.5,284,15.440465
31117,Superbabies: Baby Geniuses 2,2004-08-27,2004,08 Aug,3) Other months,,9109322.0,,,,0,,1) Below 5.0,1.9,35,5.886228
9074,The Man,2005-09-08,2005,09 Sep,3) Other months,,12382362.0,,,,0,,2) 5.0-5.9,5.4,133,6.925645
14396,Code Name: The Cleaner,2007-01-05,2007,01 Jan,3) Other months,20000000.0,10337477.0,-9662523.0,0.51687385,0.0,1,Q2,1) Below 5.0,4.7,78,9.36146
15673,Connie and Carla,2004-04-16,2004,04 Apr,3) Other months,20000000.0,11341016.0,-8658984.0,0.5670508,0.0,1,Q2,3) 6.0-6.9,6.4,24,6.102663
42618,Sweet Charity,1969-01-01,1969,01 Jan,3) Other months,8000000.0,20000000.0,12000000.0,2.5,1.0,1,Q1 (lowest),3) 6.0-6.9,6.5,15,0.709143
171274,Inherent Vice,2014-12-25,2014,12 Dec,2) Holiday (Nov-Dec),20000000.0,11110975.0,-8889025.0,0.55554875,0.0,1,Q2,3) 6.0-6.9,6.5,833,45.742217
24432,Doogal,2006-02-24,2006,02 Feb,3) Other months,,,,,,0,,1) Below 5.0,3.2,18,1.682839
109417,Battle of the Year,2013-09-21,2013,09 Sep,3) Other months,20000000.0,16549477.0,-3450523.0,0.82747385,0.0,1,Q2,2) 5.0-5.9,5.9,88,8.237336
13948,An American Carol,2008-10-03,2008,10 Oct,3) Other months,20000000.0,7000000.0,-13000000.0,0.35,0.0,1,Q2,1) Below 5.0,4.1,20,2.605374
106747,Machete Kills,2013-09-12,2013,09 Sep,3) Other months,12000000.0,15008161.0,3008161.0,1.2506800833333334,1.0,1,Q2,2) 5.0-5.9,5.3,631,29.072964
10929,Willard,2003-03-14,2003,03 Mar,3) Other months,22000000.0,,,,,0,,2) 5.0-5.9,5.8,82,1.322528
14220,Strange Wilderness,2008-02-01,2008,02 Feb,3) Other months,,6575282.0,,,,0,,1) Below 5.0,4.7,69,4.961306
46435,Topsy-Turvy,1999-09-03,1999,09 Sep,3) Other months,,,,,,0,,3) 6.0-6.9,6.7,41,8.628519
256962,Little Boy,2015-04-23,2015,04 Apr,3) Other months,20000000.0,6420319.0,-13579681.0,0.32101595,0.0,1,Q2,4) 7.0 and above,7.0,185,12.232048
48231,A Dangerous Method,2011-09-30,2011,09 Sep,3) Other months,15000000.0,27462041.0,12462041.0,1.8308027333333334,1.0,1,Q2,3) 6.0-6.9,6.2,571,27.133277
3509,A Scanner Darkly,2006-05-25,2006,05 May,1) Summer (May-Jul),8700000.0,7659918.0,-1040082.0,0.8804503448275862,0.0,1,Q1 (lowest),3) 6.0-6.9,6.8,532,26.093043
82684,Chasing Mavericks,2012-10-25,2012,10 Oct,3) Other months,,,,,,0,,4) 7.0 and above,7.0,216,13.621201
12142,Alone in the Dark,2005-01-28,2005,01 Jan,3) Other months,20000000.0,10442808.0,-9557192.0,0.5221404,0.0,1,Q2,1) Below 5.0,3.1,173,9.292987
23367,Bandslam,2009-08-06,2009,08 Aug,3) Other months,20000000.0,5210988.0,-14789012.0,0.2605494,0.0,1,Q2,2) 5.0-5.9,5.4,126,7.716606
10740,Birth,2004-09-08,2004,09 Sep,3) Other months,20000000.0,,,,,0,,2) 5.0-5.9,5.9,179,7.698075
241239,A Most Violent Year,2014-12-30,2014,12 Dec,2) Holiday (Nov-Dec),20000000.0,12007070.0,-7992930.0,0.6003535,0.0,1,Q2,3) 6.0-6.9,6.5,546,37.629309
14582,Passchendaele,2008-10-17,2008,10 Oct,3) Other months,,,,,,0,,3) 6.0-6.9,6.3,26,2.405911
14914,Flash of Genius,2008-09-07,2008,09 Sep,3) Other months,,,,,,0,,3) 6.0-6.9,6.3,59,3.350297
3902,I'm Not There.,2007-10-01,2007,10 Oct,3) Other months,20000000.0,4001121.0,-15998879.0,0.20005605,0.0,1,Q2,3) 6.0-6.9,6.6,195,13.032308
77948,The Cold Light of Day,2012-04-04,2012,04 Apr,3) Other months,20000000.0,16863583.0,-3136417.0,0.84317915,0.0,1,Q2,1) Below 5.0,4.8,271,15.131867
21755,The Brothers Bloom,2008-09-09,2008,09 Sep,3) Other months,20000000.0,5530764.0,-14469236.0,0.2765382,0.0,1,Q2,3) 6.0-6.9,6.8,203,10.218307
4960,"Synecdoche, New York",2008-10-24,2008,10 Oct,3) Other months,21000000.0,,,,,0,,4) 7.0 and above,7.4,278,12.761176
128,Princess Mononoke,1997-07-12,1997,07 Jul,1) Summer (May-Jul),26500000.0,159375308.0,132875308.0,6.014162566037736,1.0,1,Q3,4) 7.0 and above,8.2,1983,60.732738
14652,Bon voyage,2003-04-16,2003,04 Apr,3) Other months,,,,,,0,,2) 5.0-5.9,5.7,20,0.49446
40932,Can't Stop the Music,1980-06-20,1980,06 Jun,1) Summer (May-Jul),,,,,,0,,,4.9,9,6.574285
16608,The Proposition,2005-10-06,2005,10 Oct,3) Other months,2000000.0,5048693.0,3048693.0,2.5243465,1.0,1,Q1 (lowest),4) 7.0 and above,7.1,218,14.617944
334531,My All American,2015-11-13,2015,11 Nov,2) Holiday (Nov-Dec),20000000.0,,,,,0,,3) 6.0-6.9,6.8,36,3.102987
32316,Marci X,2003-08-22,2003,08 Aug,3) Other months,20000000.0,1675706.0,-18324294.0,0.0837853,0.0,1,Q2,1) Below 5.0,3.3,12,5.65327
7299,Equilibrium,2002-12-06,2002,12 Dec,2) Holiday (Nov-Dec),20000000.0,5359645.0,-14640355.0,0.26798225,0.0,1,Q2,3) 6.0-6.9,6.9,1552,44.566609
13405,The Children of Huang Shi,2008-07-03,2008,07 Jul,1) Summer (May-Jul),40000000.0,7400000.0,-32600000.0,0.185,0.0,1,Q3,3) 6.0-6.9,6.5,52,8.978408
19457,The Yards,2000-04-27,2000,04 Apr,3) Other months,,,,,,0,,3) 6.0-6.9,6.0,97,10.150993
112937,The Oogieloves in the Big Balloon Adventure,2012-08-29,2012,08 Aug,3) Other months,,,,,,0,,,2.2,8,0.28576
314385,By the Sea,2015-11-12,2015,11 Nov,2) Holiday (Nov-Dec),10000000.0,3727746.0,-6272254.0,0.3727746,0.0,1,Q1 (lowest),2) 5.0-5.9,5.4,156,11.267676
8953,Steamboy,2004-07-17,2004,07 Jul,1) Summer (May-Jul),20000000.0,,,,,0,,3) 6.0-6.9,6.4,102,9.129808
29078,The Game of Their Lives,2005-01-01,2005,01 Jan,3) Other months,,,,,,0,,2) 5.0-5.9,5.8,14,2.013405
46503,All Good Things,2010-12-03,2010,12 Dec,2) Holiday (Nov-Dec),,,,,,0,,2) 5.0-5.9,5.9,286,20.086645
10448,Rapa Nui,1994-09-09,1994,09 Sep,3) Other months,20000000.0,305070.0,-19694930.0,0.0152535,0.0,1,Q2,3) 6.0-6.9,6.2,33,3.581906
13688,CJ7,2008-01-30,2008,01 Jan,3) Other months,,47301471.0,,,,0,,3) 6.0-6.9,6.1,107,12.373248
10353,The Visitors II: The Corridors of Time,1998-02-11,1998,02 Feb,3) Other months,,,,,,0,,2) 5.0-5.9,5.8,221,12.283025
43935,Dylan Dog: Dead of Night,2011-03-16,2011,03 Mar,3) Other months,20000000.0,4634062.0,-15365938.0,0.2317031,0.0,1,Q2,1) Below 5.0,4.5,139,10.617236
11458,People I Know,2002-11-21,2002,11 Nov,2) Holiday (Nov-Dec),20000000.0,,,,,0,,2) 5.0-5.9,5.5,48,6.377308
44638,The Tempest,2010-12-10,2010,12 Dec,2) Holiday (Nov-Dec),20000000.0,346594.0,-19653406.0,0.0173297,0.0,1,Q2,3) 6.0-6.9,6.0,31,3.620537
241257,Regression,2015-10-01,2015,10 Oct,3) Other months,,17671101.0,,,,0,,2) 5.0-5.9,5.3,585,27.215666
14538,Three Kingdoms: Resurrection of the Dragon,2008-04-03,2008,04 Apr,3) Other months,,,,,,0,,3) 6.0-6.9,6.6,35,4.127155
13250,Butterfly on a Wheel,2007-07-27,2007,07 Jul,1) Summer (May-Jul),20000000.0,,,,,0,,3) 6.0-6.9,6.3,130,13.118983
133931,Zambezia,2012-06-05,2012,06 Jun,1) Summer (May-Jul),20000000.0,,,,,0,,2) 5.0-5.9,5.3,68,14.182301
280871,Ramanujan,2014-07-11,2014,07 Jul,1) Summer (May-Jul),,,,,,0,,,5.0,3,0.416179
239897,Dwegons,2014-01-24,2014,01 Jan,3) Other months,,,,,,0,,,0.5,1,0.485405
184341,Hands of Stone,2016-08-26,2016,08 Aug,3) Other months,20000000.0,,,,,0,,3) 6.0-6.9,6.1,109,7.444189
334074,Survivor,2015-05-21,2015,05 May,1) Summer (May-Jul),20000000.0,,,,,0,,2) 5.0-5.9,5.4,404,33.625477
199373,The Frozen Ground,2013-07-18,2013,07 Jul,1) Summer (May-Jul),27220000.0,5496951.0,-21723049.0,0.20194529757531227,0.0,1,Q3,3) 6.0-6.9,6.1,465,28.060472
14202,The Painted Veil,2006-12-09,2006,12 Dec,2) Holiday (Nov-Dec),19400000.0,,,,,0,,4) 7.0 and above,7.1,312,20.746932
6968,The Baader Meinhof Complex,2008-09-24,2008,09 Sep,3) Other months,27000000.0,,,,,0,,4) 7.0 and above,7.1,157,7.727035
581,Dances with Wolves,1990-11-09,1990,11 Nov,2) Holiday (Nov-Dec),22000000.0,424208848.0,402208848.0,19.282220363636362,1.0,1,Q2,4) 7.0 and above,7.6,1046,45.707835
52449,Bad Teacher,2011-05-16,2011,05 May,1) Summer (May-Jul),20000000.0,216197492.0,196197492.0,10.8098746,1.0,1,Q2,2) 5.0-5.9,5.4,1584,28.497242
12150,Sea of Love,1989-09-15,1989,09 Sep,3) Other months,19000000.0,110879513.0,91879513.0,5.835763842105263,1.0,1,Q2,3) 6.0-6.9,6.7,141,11.47316
11247,A Cinderella Story,2004-07-10,2004,07 Jul,1) Summer (May-Jul),19000000.0,70067909.0,51067909.0,3.687784684210526,1.0,1,Q2,3) 6.0-6.9,6.1,713,25.28132
4232,Scream,1996-12-20,1996,12 Dec,2) Holiday (Nov-Dec),14000000.0,173046663.0,159046663.0,12.360475928571429,1.0,1,Q2,4) 7.0 and above,7.0,1476,45.99611
9378,Thir13en Ghosts,2001-10-26,2001,10 Oct,3) Other months,,,,,,0,,2) 5.0-5.9,5.4,440,20.392858
694,The Shining,1980-05-22,1980,05 May,1) Summer (May-Jul),19000000.0,44017374.0,25017374.0,2.316703894736842,1.0,1,Q2,4) 7.0 and above,8.1,3757,78.699993
105,Back to the Future,1985-07-03,1985,07 Jul,1) Summer (May-Jul),19000000.0,381109762.0,362109762.0,20.05840852631579,1.0,1,Q2,4) 7.0 and above,8.0,6079,76.603233
11377,House on Haunted Hill,1999-10-29,1999,10 Oct,3) Other months,19000000.0,40846082.0,21846082.0,2.149793789473684,1.0,1,Q2,2) 5.0-5.9,5.5,209,13.664614
26367,I Can Do Bad All By Myself,2009-09-11,2009,09 Sep,3) Other months,,,,,,0,,3) 6.0-6.9,6.0,40,2.242809
385383,Fight Valley,2016-07-22,2016,07 Jul,1) Summer (May-Jul),27000000.0,,,,,0,,,3.9,8,1.224105
41210,The Switch,2010-05-11,2010,05 May,1) Summer (May-Jul),19000000.0,49830607.0,30830607.0,2.6226635263157894,1.0,1,Q2,2) 5.0-5.9,5.9,583,27.494037
12090,Just Married,2003-01-09,2003,01 Jan,3) Other months,18000000.0,101564935.0,83564935.0,5.642496388888889,1.0,1,Q2,2) 5.0-5.9,5.3,404,18.47518
62630,The Devil's Double,2011-02-11,2011,02 Feb,3) Other months,19100000.0,5728213.0,-13371787.0,0.2999064397905759,0.0,1,Q2,3) 6.0-6.9,6.5,208,10.559414
16110,Thomas and the Magic Railroad,2000-07-26,2000,07 Jul,1) Summer (May-Jul),,,,,,0,,,4.6,8,1.916351
29427,The Crazies,2010-02-26,2010,02 Feb,3) Other months,20000000.0,54956140.0,34956140.0,2.747807,1.0,1,Q2,3) 6.0-6.9,6.2,633,28.867568
129,Spirited Away,2001-07-20,2001,07 Jul,1) Summer (May-Jul),15000000.0,274925095.0,259925095.0,18.32833966666667,1.0,1,Q2,4) 7.0 and above,8.3,3840,118.968562
244114,Firestorm,2013-12-12,2013,12 Dec,2) Holiday (Nov-Dec),,,,,,0,,2) 5.0-5.9,5.9,43,3.376967
2669,The Bounty,1984-05-04,1984,05 May,1) Summer (May-Jul),25000000.0,8613462.0,-16386538.0,0.34453848,0.0,1,Q2,3) 6.0-6.9,6.5,108,7.436491
203833,The Book Thief,2013-11-08,2013,11 Nov,2) Holiday (Nov-Dec),,76586316.0,,,,0,,4) 7.0 and above,7.4,1486,57.84156
13523,Sex Drive,2008-10-16,2008,10 Oct,3) Other months,19000000.0,18755936.0,-244064.0,0.9871545263157895,0.0,1,Q2,3) 6.0-6.9,6.0,342,17.952817
25195,Leap Year,2010-01-08,2010,01 Jan,3) Other months,19000000.0,29922472.0,10922472.0,1.5748669473684211,1.0,1,Q2,3) 6.0-6.9,6.4,465,21.959742
17277,The Fall of the Roman Empire,1964-03-24,1964,03 Mar,3) Other months,19000000.0,4750000.0,-14250000.0,0.25,0.0,1,Q2,3) 6.0-6.9,6.0,33,4.229942
50725,Take Me Home Tonight,2011-03-04,2011,03 Mar,3) Other months,19000000.0,6928068.0,-12071932.0,0.3646351578947368,0.0,1,Q2,3) 6.0-6.9,6.2,208,11.766564
82631,Won't Back Down,2012-09-28,2012,09 Sep,3) Other months,,5310554.0,,,,0,,2) 5.0-5.9,5.8,40,2.366251
73191,The Nutcracker,1993-11-24,1993,11 Nov,2) Holiday (Nov-Dec),19000000.0,2119994.0,-16880006.0,0.11157863157894737,0.0,1,Q2,,5.6,5,0.068228
22479,Kansas City,1996-08-16,1996,08 Aug,3) Other months,18000000.0,,,,,0,,3) 6.0-6.9,6.1,12,5.380733
340611,Indignation,2016-07-29,2016,07 Jul,1) Summer (May-Jul),,,,,,0,,3) 6.0-6.9,6.8,69,5.625989
10065,The Amityville Horror,2005-04-15,2005,04 Apr,3) Other months,19000000.0,108047131.0,89047131.0,5.686691105263158,1.0,1,Q2,3) 6.0-6.9,6.0,588,30.205943
2757,Adaptation.,2002-12-06,2002,12 Dec,2) Holiday (Nov-Dec),19000000.0,32801173.0,13801173.0,1.7263775263157894,1.0,1,Q2,4) 7.0 and above,7.3,638,26.441669
11683,Land of the Dead,2005-06-24,2005,06 Jun,1) Summer (May-Jul),15000000.0,46770602.0,31770602.0,3.1180401333333334,1.0,1,Q2,3) 6.0-6.9,6.0,381,15.262492
244339,Out of Inferno,2013-03-10,2013,03 Mar,3) Other months,,,,,,0,,2) 5.0-5.9,5.8,11,1.583918
1878,Fear and Loathing in Las Vegas,1998-05-22,1998,05 May,1) Summer (May-Jul),18500000.0,10680275.0,-7819725.0,0.5773121621621622,0.0,1,Q2,4) 7.0 and above,7.2,1301,44.511363
23082,The Invention of Lying,2009-09-13,2009,09 Sep,3) Other months,18500000.0,31912793.0,13412793.0,1.7250158378378377,1.0,1,Q2,3) 6.0-6.9,6.0,518,16.665841
195589,Neighbors,2014-05-08,2014,05 May,1) Summer (May-Jul),18000000.0,268157400.0,250157400.0,14.897633333333333,1.0,1,Q2,3) 6.0-6.9,6.2,2713,36.471231
854,The Mask,1994-07-29,1994,07 Jul,1) Summer (May-Jul),23000000.0,351583407.0,328583407.0,15.286235086956522,1.0,1,Q2,3) 6.0-6.9,6.6,2472,85.30318
2280,Big,1988-06-03,1988,06 Jun,1) Summer (May-Jul),18000000.0,151668774.0,133668774.0,8.426043,1.0,1,Q2,3) 6.0-6.9,6.9,993,20.716023
496,Borat: Cultural Learnings of America for Make Benefit Glorious Nation of Kazakhstan,2006-11-01,2006,11 Nov,2) Holiday (Nov-Dec),18000000.0,261572744.0,243572744.0,14.531819111111112,1.0,1,Q2,3) 6.0-6.9,6.5,1579,29.487784
8835,Legally Blonde,2001-07-13,2001,07 Jul,1) Summer (May-Jul),18000000.0,141774679.0,123774679.0,7.8763710555555555,1.0,1,Q2,3) 6.0-6.9,6.1,882,25.43954
157,Star Trek III: The Search for Spock,1984-05-31,1984,05 May,1) Summer (May-Jul),18000000.0,87000000.0,69000000.0,4.833333333333333,1.0,1,Q2,3) 6.0-6.9,6.4,434,15.314027
8643,The Exorcism of Emily Rose,2005-09-09,2005,09 Sep,3) Other months,19000000.0,144216468.0,125216468.0,7.590340421052631,1.0,1,Q2,3) 6.0-6.9,6.3,659,32.602868
10402,Deuce Bigalow: Male Gigolo,1999-12-10,1999,12 Dec,2) Holiday (Nov-Dec),17000000.0,65535067.0,48535067.0,3.8550039411764705,1.0,1,Q2,2) 5.0-5.9,5.5,308,9.832326
218043,Left Behind,2014-10-03,2014,10 Oct,3) Other months,16000000.0,19682924.0,3682924.0,1.23018275,1.0,1,Q2,1) Below 5.0,3.7,392,33.452469
9043,The Family Stone,2005-12-14,2005,12 Dec,2) Holiday (Nov-Dec),,,,,,0,,3) 6.0-6.9,6.2,249,14.190837
21301,Barbershop 2:  Back in Business,2004-01-20,2004,01 Jan,3) Other months,18000000.0,65070412.0,47070412.0,3.615022888888889,1.0,1,Q2,2) 5.0-5.9,5.6,74,6.501815
10147,Bad Santa,2003-11-26,2003,11 Nov,2) Holiday (Nov-Dec),23000000.0,76488889.0,53488889.0,3.3256038695652173,1.0,1,Q2,3) 6.0-6.9,6.5,656,26.58873
816,Austin Powers: International Man of Mystery,1997-05-02,1997,05 May,1) Summer (May-Jul),16500000.0,67683989.0,51183989.0,4.102059939393939,1.0,1,Q2,3) 6.0-6.9,6.5,1013,36.15716
302688,My Big Fat Greek Wedding 2,2016-03-23,2016,03 Mar,3) Other months,18000000.0,88923251.0,70923251.0,4.940180611111111,1.0,1,Q2,2) 5.0-5.9,5.5,322,16.027955
60307,Diary of a Wimpy Kid: Rodrick Rules,2011-03-25,2011,03 Mar,3) Other months,21000000.0,72417394.0,51417394.0,3.448447333333333,1.0,1,Q2,3) 6.0-6.9,6.3,238,14.329891
106,Predator,1987-06-11,1987,06 Jun,1) Summer (May-Jul),18000000.0,98235548.0,80235548.0,5.457530444444444,1.0,1,Q2,4) 7.0 and above,7.3,2093,50.009408
279,Amadeus,1984-10-26,1984,10 Oct,3) Other months,18000000.0,51973029.0,33973029.0,2.8873905,1.0,1,Q2,4) 7.0 and above,7.8,1076,31.82675
8617,Prom Night,2008-04-10,2008,04 Apr,3) Other months,,14796236.0,,,,0,,1) Below 5.0,4.8,167,9.642041
10625,Mean Girls,2004-04-30,2004,04 Apr,3) Other months,17000000.0,129042871.0,112042871.0,7.590757117647059,1.0,1,Q2,3) 6.0-6.9,6.9,2320,36.423717
10934,Under the Tuscan Sun,2003-04-30,2003,04 Apr,3) Other months,,,,,,0,,3) 6.0-6.9,6.4,172,12.309718
5279,Gosford Park,2001-11-07,2001,11 Nov,2) Holiday (Nov-Dec),19800000.0,87754044.0,67954044.0,4.432022424242424,1.0,1,Q2,3) 6.0-6.9,6.8,246,11.693272
10013,Peggy Sue Got Married,1986-10-05,1986,10 Oct,3) Other months,18000000.0,41382841.0,23382841.0,2.299046722222222,1.0,1,Q2,2) 5.0-5.9,5.9,136,12.243887
194662,Birdman,2014-08-27,2014,08 Aug,3) Other months,18000000.0,103215094.0,85215094.0,5.734171888888889,1.0,1,Q2,4) 7.0 and above,7.4,4535,89.811154
160588,Blue Jasmine,2013-07-25,2013,07 Jul,1) Summer (May-Jul),18000000.0,99206215.0,81206215.0,5.511456388888889,1.0,1,Q2,4) 7.0 and above,7.0,1098,34.694216
9829,United 93,2006-04-28,2006,04 Apr,3) Other months,15000000.0,76286096.0,61286096.0,5.085739733333333,1.0,1,Q2,3) 6.0-6.9,6.9,367,17.50138
10028,Honey,2003-11-24,2003,11 Nov,2) Holiday (Nov-Dec),18000000.0,62646763.0,44646763.0,3.480375722222222,1.0,1,Q2,3) 6.0-6.9,6.0,303,18.492655
10535,Spy Hard,1996-05-24,1996,05 May,1) Summer (May-Jul),18000000.0,,,,,0,,1) Below 5.0,4.9,147,11.238522
790,The Fog,1980-02-08,1980,02 Feb,3) Other months,1000000.0,21378361.0,20378361.0,21.378361,1.0,1,Q1 (lowest),3) 6.0-6.9,6.4,311,14.518598
43959,Soul Surfer,2011-04-08,2011,04 Apr,3) Other months,18000000.0,47088990.0,29088990.0,2.616055,1.0,1,Q2,3) 6.0-6.9,6.9,342,19.234672
10364,Catch-22,1970-06-24,1970,06 Jun,1) Summer (May-Jul),18000000.0,24911670.0,6911670.0,1.3839816666666667,1.0,1,Q2,3) 6.0-6.9,6.7,72,4.504377
16991,Observe and Report,2009-04-10,2009,04 Apr,3) Other months,,24007324.0,,,,0,,2) 5.0-5.9,5.6,225,10.529143
9610,Conan the Destroyer,1984-06-29,1984,06 Jun,1) Summer (May-Jul),18000000.0,100000000.0,82000000.0,5.555555555555555,1.0,1,Q2,2) 5.0-5.9,5.8,383,18.379124
1578,Raging Bull,1980-11-14,1980,11 Nov,2) Holiday (Nov-Dec),18000000.0,23000000.0,5000000.0,1.2777777777777777,1.0,1,Q2,4) 7.0 and above,7.7,938,35.524457
25643,Love Happens,2009-09-18,2009,09 Sep,3) Other months,18000000.0,36133014.0,18133014.0,2.0073896666666666,1.0,1,Q2,2) 5.0-5.9,5.6,180,13.472365
11904,Young Sherlock Holmes,1985-12-04,1985,12 Dec,2) Holiday (Nov-Dec),18000000.0,,,,,0,,3) 6.0-6.9,6.7,167,8.321586
28665,Fame,2009-01-01,2009,01 Jan,3) Other months,,,,,,0,,2) 5.0-5.9,5.5,135,7.668063
44115,127 Hours,2010-11-05,2010,11 Nov,2) Holiday (Nov-Dec),18000000.0,35692920.0,17692920.0,1.98294,1.0,1,Q2,4) 7.0 and above,7.0,2606,52.464877
10569,Small Time Crooks,2000-05-19,2000,05 May,1) Summer (May-Jul),,,,,,0,,3) 6.0-6.9,6.4,155,11.423533
10560,Center Stage,2000-05-12,2000,05 May,1) Summer (May-Jul),18000000.0,17200925.0,-799075.0,0.9556069444444445,0.0,1,Q2,3) 6.0-6.9,6.8,90,6.961736
333348,Love the Coopers,2015-11-12,2015,11 Nov,2) Holiday (Nov-Dec),17000000.0,24000000.0,7000000.0,1.411764705882353,1.0,1,Q2,2) 5.0-5.9,5.4,167,9.191187
20483,Catch That Kid,2004-02-06,2004,02 Feb,3) Other months,18000000.0,16702864.0,-1297136.0,0.9279368888888889,0.0,1,Q2,1) Below 5.0,4.9,76,4.492859
11457,Life as a House,2001-10-25,2001,10 Oct,3) Other months,18000000.0,,,,,0,,4) 7.0 and above,7.2,120,5.706767
321697,Steve Jobs,2015-10-09,2015,10 Oct,3) Other months,30000000.0,34441873.0,4441873.0,1.1480624333333334,1.0,1,Q3,3) 6.0-6.9,6.8,1573,53.670525
19840,"I Love You, Beth Cooper",2009-07-10,2009,07 Jul,1) Summer (May-Jul),18000000.0,,,,,0,,2) 5.0-5.9,5.1,197,14.15192
22327,Youth in Revolt,2009-09-11,2009,09 Sep,3) Other months,18000000.0,,,,,0,,2) 5.0-5.9,5.9,319,13.462544
38665,The Legend of the Lone Ranger,1981-08-20,1981,08 Aug,3) Other months,18000000.0,2945600.0,-15054400.0,0.16364444444444445,0.0,1,Q2,1) Below 5.0,3.7,14,11.725805
2575,The Tailor of Panama,2001-02-11,2001,02 Feb,3) Other months,21000000.0,28008462.0,7008462.0,1.3337362857142858,1.0,1,Q2,3) 6.0-6.9,6.2,92,7.047975
11644,Blow Out,1981-07-24,1981,07 Jul,1) Summer (May-Jul),18000000.0,12000000.0,-6000000.0,0.6666666666666666,0.0,1,Q2,4) 7.0 and above,7.3,236,13.628601
146227,Getaway,2013-08-29,2013,08 Aug,3) Other months,18000000.0,10501938.0,-7498062.0,0.583441,0.0,1,Q2,1) Below 5.0,4.9,246,16.520516
68924,The Ice Storm,1997-09-27,1997,09 Sep,3) Other months,18000000.0,8038061.0,-9961939.0,0.44655894444444444,0.0,1,Q2,3) 6.0-6.9,6.9,176,14.916264
253235,And So It Goes,2014-07-20,2014,07 Jul,1) Summer (May-Jul),18000000.0,25312387.0,7312387.0,1.4062437222222222,1.0,1,Q2,2) 5.0-5.9,5.7,164,9.633711
22102,Troop Beverly Hills,1989-03-22,1989,03 Mar,3) Other months,,,,,,0,,2) 5.0-5.9,5.6,56,3.455018
18701,Being Julia,2004-09-03,2004,09 Sep,3) Other months,,,,,,0,,3) 6.0-6.9,6.4,23,1.946634
10068,Nine 1/2 Weeks,1986-02-14,1986,02 Feb,3) Other months,17000000.0,6735922.0,-10264078.0,0.39623070588235293,0.0,1,Q2,2) 5.0-5.9,5.8,177,12.313143
848,Dragonslayer,1981-06-26,1981,06 Jun,1) Summer (May-Jul),18000000.0,14110013.0,-3889987.0,0.7838896111111111,0.0,1,Q2,3) 6.0-6.9,6.5,67,3.258422
36811,The Last Station,2009-09-04,2009,09 Sep,3) Other months,,,,,,0,,3) 6.0-6.9,6.7,55,3.659292
522,Ed Wood,1994-09-27,1994,09 Sep,3) Other months,18000000.0,5887457.0,-12112543.0,0.32708094444444447,0.0,1,Q2,4) 7.0 and above,7.3,630,24.548633
130150,Labor Day,2013-12-27,2013,12 Dec,2) Holiday (Nov-Dec),18000000.0,20275812.0,2275812.0,1.126434,1.0,1,Q2,3) 6.0-6.9,6.7,299,17.683563
12246,Mongol: The Rise of Genghis Khan,2007-09-20,2007,09 Sep,3) Other months,18000000.0,26527510.0,8527510.0,1.4737505555555555,1.0,1,Q2,3) 6.0-6.9,6.5,158,10.1449
13809,RockNRolla,2008-09-04,2008,09 Sep,3) Other months,18000000.0,25739015.0,7739015.0,1.4299452777777777,1.0,1,Q2,3) 6.0-6.9,6.9,836,31.887978
27380,Megaforce,1982-06-25,1982,06 Jun,1) Summer (May-Jul),,,,,,0,,1) Below 5.0,3.5,15,1.110179
10549,Hamlet,1996-12-25,1996,12 Dec,2) Holiday (Nov-Dec),,,,,,0,,4) 7.0 and above,7.3,117,9.814785
33870,Mao's Last Dancer,2009-10-01,2009,10 Oct,3) Other months,25000000.0,20719451.0,-4280549.0,0.82877804,0.0,1,Q2,3) 6.0-6.9,6.8,28,1.876811
245703,Midnight Special,2016-02-18,2016,02 Feb,3) Other months,18000000.0,6212282.0,-11787718.0,0.3451267777777778,0.0,1,Q2,3) 6.0-6.9,6.2,694,32.717853
10739,Anything Else,2003-08-27,2003,08 Aug,3) Other months,,,,,,0,,3) 6.0-6.9,6.2,149,8.945081
127560,The Railway Man,2013-12-26,2013,12 Dec,2) Holiday (Nov-Dec),18000000.0,22309223.0,4309223.0,1.2394012777777779,1.0,1,Q2,3) 6.0-6.9,6.7,273,13.916583
37903,The White Ribbon,2009-05-21,2009,05 May,1) Summer (May-Jul),15238800.0,,,,,0,,4) 7.0 and above,7.2,255,17.94739
396152,Restoration,2016-05-03,2016,05 May,1) Summer (May-Jul),,,,,,0,,2) 5.0-5.9,5.3,11,2.525569
10017,The Wraith,1986-11-21,1986,11 Nov,2) Holiday (Nov-Dec),2700000.0,3500000.0,800000.0,1.2962962962962963,1.0,1,Q1 (lowest),2) 5.0-5.9,5.9,108,10.47644
11468,Salton Sea,2002-01-01,2002,01 Jan,3) Other months,18000000.0,676698.0,-17323302.0,0.037594333333333334,0.0,1,Q2,4) 7.0 and above,7.0,104,10.991281
193613,Metallica: Through the Never,2013-09-25,2013,09 Sep,3) Other months,18000000.0,7972967.0,-10027033.0,0.4429426111111111,0.0,1,Q2,3) 6.0-6.9,6.7,83,7.871686
17436,The Informers,2008-11-05,2008,11 Nov,2) Holiday (Nov-Dec),18000000.0,382174.0,-17617826.0,0.02123188888888889,0.0,1,Q2,1) Below 5.0,4.4,60,6.333869
43434,Carlos,2010-05-19,2010,05 May,1) Summer (May-Jul),18000000.0,871279.0,-17128721.0,0.048404388888888886,0.0,1,Q2,3) 6.0-6.9,6.7,50,1.138383
31166,I Come with the Rain,2009-05-14,2009,05 May,1) Summer (May-Jul),18000000.0,,,,,0,,2) 5.0-5.9,5.6,20,8.266124
69848,One Man's Hero,1999-08-02,1999,08 Aug,3) Other months,,,,,,0,,,9.3,2,0.910529
8408,Day of the Dead,1985-07-19,1985,07 Jul,1) Summer (May-Jul),3500000.0,34000000.0,30500000.0,9.714285714285714,1.0,1,Q1 (lowest),3) 6.0-6.9,6.9,270,18.025206
332411,I Am Wrath,2016-04-14,2016,04 Apr,3) Other months,18000000.0,,,,,0,,1) Below 5.0,4.5,179,10.144222
9389,Renaissance,2006-03-16,2006,03 Mar,3) Other months,18000000.0,1831348.0,-16168652.0,0.10174155555555556,0.0,1,Q2,3) 6.0-6.9,6.7,77,9.244181
9626,Red Sonja,1985-04-09,1985,04 Apr,3) Other months,17900000.0,6948633.0,-10951367.0,0.3881917877094972,0.0,1,Q2,2) 5.0-5.9,5.0,206,12.752463
75638,Red Lights,2012-03-02,2012,03 Mar,3) Other months,14000000.0,13551174.0,-448826.0,0.967941,0.0,1,Q2,3) 6.0-6.9,6.0,376,22.748174
8363,Superbad,2007-08-17,2007,08 Aug,3) Other months,20000000.0,121463226.0,101463226.0,6.0731613,1.0,1,Q2,4) 7.0 and above,7.0,2100,33.436092
15670,Madea Goes to Jail,2009-02-16,2009,02 Feb,3) Other months,,90508336.0,,,,0,,3) 6.0-6.9,6.4,52,3.107371
290555,Wolves,2014-08-28,2014,08 Aug,3) Other months,18000000.0,,,,,0,,2) 5.0-5.9,5.7,82,7.922639
8328,Step Up 2: The Streets,2008-02-14,2008,02 Feb,3) Other months,23000000.0,150816700.0,127816700.0,6.557247826086956,1.0,1,Q2,3) 6.0-6.9,6.5,640,28.973074
10982,Hoodwinked!,2005-12-16,2005,12 Dec,2) Holiday (Nov-Dec),15000000.0,51053787.0,36053787.0,3.4035858,1.0,1,Q2,2) 5.0-5.9,5.9,479,23.980329
205,Hotel Rwanda,2004-09-11,2004,09 Sep,3) Other months,17500000.0,38000000.0,20500000.0,2.1714285714285713,1.0,1,Q2,4) 7.0 and above,7.5,793,28.60542
1620,Hitman,2007-11-21,2007,11 Nov,2) Holiday (Nov-Dec),24000000.0,99965753.0,75965753.0,4.165239708333333,1.0,1,Q2,2) 5.0-5.9,5.9,966,42.669304
175541,Black Nativity,2013-11-27,2013,11 Nov,2) Holiday (Nov-Dec),17500000.0,7018189.0,-10481811.0,0.40103937142857143,0.0,1,Q2,2) 5.0-5.9,5.8,16,7.180403
241254,The Prince,2014-08-22,2014,08 Aug,3) Other months,18000000.0,266586800.0,248586800.0,14.810377777777777,1.0,1,Q2,1) Below 5.0,4.6,218,21.638673
31932,City of Ghosts,2002-01-01,2002,01 Jan,3) Other months,,,,,,0,,2) 5.0-5.9,5.4,18,2.64486
1933,The Others,2001-08-02,2001,08 Aug,3) Other months,,,,,,0,,4) 7.0 and above,7.4,1660,25.881355
679,Aliens,1986-07-18,1986,07 Jul,1) Summer (May-Jul),18500000.0,183316455.0,164816455.0,9.908997567567567,1.0,1,Q2,4) 7.0 and above,7.7,3220,67.66094
11113,My Fair Lady,1964-10-21,1964,10 Oct,3) Other months,17000000.0,72070731.0,55070731.0,4.239454764705882,1.0,1,Q2,4) 7.0 and above,7.4,352,20.786616
3597,I Know What You Did Last Summer,1997-10-17,1997,10 Oct,3) Other months,17000000.0,125586134.0,108586134.0,7.387419647058824,1.0,1,Q2,2) 5.0-5.9,5.6,687,27.654472
193893,Let's Be Cops,2014-08-13,2014,08 Aug,3) Other months,17000000.0,136621271.0,119621271.0,8.036545352941177,1.0,1,Q2,3) 6.0-6.9,6.4,1219,70.668923
9675,Sideways,2004-10-22,2004,10 Oct,3) Other months,16000000.0,109502303.0,93502303.0,6.8438939375,1.0,1,Q2,3) 6.0-6.9,6.9,478,23.425431
9988,Beerfest,2006-08-25,2006,08 Aug,3) Other months,17500000.0,19179969.0,1679969.0,1.0959982285714285,1.0,1,Q2,2) 5.0-5.9,5.8,172,14.304444
948,Halloween,1978-10-25,1978,10 Oct,3) Other months,300000.0,70000000.0,69700000.0,233.33333333333334,1.0,1,Q1 (lowest),4) 7.0 and above,7.4,1035,30.301307
21765,Good Boy!,2003-10-10,2003,10 Oct,3) Other months,17000000.0,,,,,0,,1) Below 5.0,4.7,30,3.56033
146304,The Best Man Holiday,2013-11-15,2013,11 Nov,2) Holiday (Nov-Dec),17000000.0,71625195.0,54625195.0,4.213246764705882,1.0,1,Q2,3) 6.0-6.9,6.7,110,7.210095
7516,Smokin' Aces,2006-12-09,2006,12 Dec,2) Holiday (Nov-Dec),17000000.0,57103895.0,40103895.0,3.3590526470588236,1.0,1,Q2,3) 6.0-6.9,6.4,534,23.491962
41439,Saw: The Final Chapter,2010-10-21,2010,10 Oct,3) Other months,20000000.0,136150434.0,116150434.0,6.8075217,1.0,1,Q2,2) 5.0-5.9,5.8,730,36.133536
2752,40 Days and 40 Nights,2002-03-01,2002,03 Mar,3) Other months,17000000.0,,,,,0,,2) 5.0-5.9,5.2,297,14.18136
9429,A Night at the Roxbury,1998-10-01,1998,10 Oct,3) Other months,17000000.0,30331165.0,13331165.0,1.7841861764705882,1.0,1,Q2,2) 5.0-5.9,5.9,198,12.709227
38117,Beastly,2011-01-21,2011,01 Jan,3) Other months,17000000.0,43165571.0,26165571.0,2.5391512352941175,1.0,1,Q2,3) 6.0-6.9,6.0,849,24.054062
9792,The Hills Have Eyes,2006-03-10,2006,03 Mar,3) Other months,15000000.0,69623713.0,54623713.0,4.641580866666667,1.0,1,Q2,3) 6.0-6.9,6.1,705,35.107857
13778,Dickie Roberts: Former Child Star,2003-09-05,2003,09 Sep,3) Other months,,,,,,0,,2) 5.0-5.9,5.1,64,10.149569
228203,"McFarland, USA",2015-02-20,2015,02 Feb,3) Other months,,45710059.0,,,,0,,4) 7.0 and above,7.4,213,14.023082
41382,Lottery Ticket,2010-08-20,2010,08 Aug,3) Other months,,,,,,0,,2) 5.0-5.9,5.6,54,9.054803
13960,ATL,2006-03-31,2006,03 Mar,3) Other months,20000000.0,21170563.0,1170563.0,1.05852815,1.0,1,Q2,3) 6.0-6.9,6.0,32,5.422285
114150,Pitch Perfect,2012-09-28,2012,09 Sep,3) Other months,17000000.0,115350426.0,98350426.0,6.785319176470588,1.0,1,Q2,4) 7.0 and above,7.3,2247,32.746486
26602,Summer Catch,2001-08-22,2001,08 Aug,3) Other months,34000000.0,19693891.0,-14306109.0,0.5792320882352942,0.0,1,Q3,1) Below 5.0,4.8,63,3.960098
10223,A Simple Plan,1998-12-11,1998,12 Dec,2) Holiday (Nov-Dec),,,,,,0,,3) 6.0-6.9,6.9,187,10.178917
16028,They,2002-11-01,2002,11 Nov,2) Holiday (Nov-Dec),17000000.0,,,,,0,,1) Below 5.0,4.6,74,4.544216
15639,Larry the Cable Guy: Health Inspector,2006-03-24,2006,03 Mar,3) Other months,,,,,,0,,1) Below 5.0,3.3,17,2.184708
16112,The Adventures of Elmo in Grouchland,1999-10-01,1999,10 Oct,3) Other months,,,,,,0,,3) 6.0-6.9,6.3,14,3.09159
26390,Brooklyn's Finest,2009-01-16,2009,01 Jan,3) Other months,17000000.0,29536299.0,12536299.0,1.7374293529411764,1.0,1,Q2,3) 6.0-6.9,6.2,293,18.790102
27759,55 Days at Peking,1963-05-06,1963,05 May,1) Summer (May-Jul),17000000.0,10000000.0,-7000000.0,0.5882352941176471,0.0,1,Q2,3) 6.0-6.9,6.3,36,3.321095
109428,Evil Dead,2013-04-05,2013,04 Apr,3) Other months,17000000.0,97542952.0,80542952.0,5.737820705882353,1.0,1,Q2,3) 6.0-6.9,6.4,1723,33.912116
23049,My Life in Ruins,2009-02-06,2009,02 Feb,3) Other months,17000000.0,20455276.0,3455276.0,1.2032515294117647,1.0,1,Q2,2) 5.0-5.9,5.6,101,5.787891
9310,American Dreamz,2006-03-04,2006,03 Mar,3) Other months,17000000.0,7314027.0,-9685973.0,0.43023688235294116,0.0,1,Q2,1) Below 5.0,4.9,95,7.864011
11411,Superman IV: The Quest for Peace,1987-07-23,1987,07 Jul,1) Summer (May-Jul),17000000.0,19300000.0,2300000.0,1.1352941176470588,1.0,1,Q2,1) Below 5.0,4.1,318,17.062117
16988,How She Move,2008-01-25,2008,01 Jan,3) Other months,,,,,,0,,,3.0,6,1.782666
7304,Running Scared,2006-01-06,2006,01 Jan,3) Other months,17000000.0,9500000.0,-7500000.0,0.5588235294117647,0.0,1,Q2,4) 7.0 and above,7.0,331,19.311572
24747,Bobby Jones: Stroke of Genius,2004-04-30,2004,04 Apr,3) Other months,,,,,,0,,2) 5.0-5.9,5.5,19,2.897449
58048,Shanghai Surprise,1986-08-29,1986,08 Aug,3) Other months,17000000.0,,,,,0,,1) Below 5.0,2.9,15,0.138564
1491,The Illusionist,2006-08-18,2006,08 Aug,3) Other months,40000000.0,86915017.0,46915017.0,2.172875425,1.0,1,Q3,4) 7.0 and above,7.1,1615,36.960953
2989,Roar,1981-11-12,1981,11 Nov,2) Holiday (Nov-Dec),17000000.0,2000000.0,-15000000.0,0.11764705882352941,0.0,1,Q2,2) 5.0-5.9,5.6,19,1.15641
10629,Veronica Guerin,2003-07-11,2003,07 Jul,1) Summer (May-Jul),17000000.0,1569918.0,-15430082.0,0.09234811764705882,0.0,1,Q2,3) 6.0-6.9,6.8,59,9.583578
255343,Escobar: Paradise Lost,2014-10-11,2014,10 Oct,3) Other months,17000000.0,3758328.0,-13241672.0,0.2210781176470588,0.0,1,Q2,3) 6.0-6.9,6.1,271,25.112567
4723,Southland Tales,2006-05-15,2006,05 May,1) Summer (May-Jul),17000000.0,374743.0,-16625257.0,0.02204370588235294,0.0,1,Q2,2) 5.0-5.9,5.2,153,9.349386
10800,Dragon Hunters,2008-03-19,2008,03 Mar,3) Other months,15000000.0,,,,,0,,3) 6.0-6.9,6.5,129,8.884405
25763,Damnation Alley,1977-09-10,1977,09 Sep,3) Other months,17000000.0,8720000.0,-8280000.0,0.5129411764705882,0.0,1,Q2,2) 5.0-5.9,5.0,27,2.215261
79694,The Apparition,2012-08-23,2012,08 Aug,3) Other months,17000000.0,9627492.0,-7372508.0,0.5663230588235294,0.0,1,Q2,1) Below 5.0,4.5,140,6.385234
4032,My Girl,1991-11-27,1991,11 Nov,2) Holiday (Nov-Dec),16500000.0,,,,,0,,4) 7.0 and above,7.0,428,20.935169
18615,Fur: An Imaginary Portrait of Diane Arbus,2006-08-30,2006,08 Aug,3) Other months,16800000.0,2281089.0,-14518911.0,0.13577910714285715,0.0,1,Q2,2) 5.0-5.9,5.8,73,4.358255
10673,Wall Street,1987-12-10,1987,12 Dec,2) Holiday (Nov-Dec),15000000.0,43848069.0,28848069.0,2.9232046,1.0,1,Q2,4) 7.0 and above,7.0,546,24.898687
4584,Sense and Sensibility,1995-12-13,1995,12 Dec,2) Holiday (Nov-Dec),16500000.0,135000000.0,118500000.0,8.181818181818182,1.0,1,Q2,4) 7.0 and above,7.2,352,20.898711
2977,Becoming Jane,2007-03-02,2007,03 Mar,3) Other months,16500000.0,37311672.0,20811672.0,2.2613134545454545,1.0,1,Q2,3) 6.0-6.9,6.9,317,18.236284
10760,Sydney White,2007-09-21,2007,09 Sep,3) Other months,16500000.0,13620075.0,-2879925.0,0.8254590909090909,0.0,1,Q2,3) 6.0-6.9,6.0,236,10.74648
11093,House of Sand and Fog,2003-12-19,2003,12 Dec,2) Holiday (Nov-Dec),16500000.0,16942795.0,442795.0,1.0268360606060607,1.0,1,Q2,4) 7.0 and above,7.0,199,12.102725
207,Dead Poets Society,1989-06-02,1989,06 Jun,1) Summer (May-Jul),16400000.0,235860116.0,219460116.0,14.381714390243902,1.0,1,Q2,4) 7.0 and above,8.1,2705,55.458584
8467,Dumb and Dumber,1994-12-16,1994,12 Dec,2) Holiday (Nov-Dec),16000000.0,247275374.0,231275374.0,15.454710875,1.0,1,Q2,3) 6.0-6.9,6.5,1859,35.777067
639,When Harry Met Sally...,1989-07-21,1989,07 Jul,1) Summer (May-Jul),16000000.0,92823546.0,76823546.0,5.801471625,1.0,1,Q2,4) 7.0 and above,7.3,950,18.430419
24226,The Verdict,1982-12-08,1982,12 Dec,2) Holiday (Nov-Dec),16000000.0,53977250.0,37977250.0,3.373578125,1.0,1,Q2,4) 7.0 and above,7.4,131,7.980632
9285,Road Trip,2000-05-19,2000,05 May,1) Summer (May-Jul),16000000.0,119754278.0,103754278.0,7.484642375,1.0,1,Q2,2) 5.0-5.9,5.9,542,14.759948
14709,Varsity Blues,1999-01-15,1999,01 Jan,3) Other months,,,,,,0,,3) 6.0-6.9,6.0,122,9.229999
74643,The Artist,2011-05-15,2011,05 May,1) Summer (May-Jul),15000000.0,133432856.0,118432856.0,8.895523733333333,1.0,1,Q2,4) 7.0 and above,7.3,1049,29.943316
13788,The Unborn,2009-01-09,2009,01 Jan,3) Other months,16000000.0,76514050.0,60514050.0,4.782128125,1.0,1,Q2,1) Below 5.0,4.8,365,15.788784
83666,Moonrise Kingdom,2012-05-16,2012,05 May,1) Summer (May-Jul),16000000.0,68263166.0,52263166.0,4.266447875,1.0,1,Q2,4) 7.0 and above,7.6,1662,41.083914
10781,The Texas Chainsaw Massacre: The Beginning,2006-10-06,2006,10 Oct,3) Other months,16000000.0,,,,,0,,2) 5.0-5.9,5.9,402,21.380635
318850,The Young Messiah,2016-03-10,2016,03 Mar,3) Other months,18500000.0,6490401.0,-12009599.0,0.35083248648648646,0.0,1,Q2,3) 6.0-6.9,6.4,30,1.884558
13908,The Master of Disguise,2002-08-02,2002,08 Aug,3) Other months,,,,,,0,,1) Below 5.0,3.7,78,4.382761
1417,Pan's Labyrinth,2006-05-27,2006,05 May,1) Summer (May-Jul),19000000.0,83258226.0,64258226.0,4.382011894736842,1.0,1,Q2,4) 7.0 and above,7.6,3041,90.809408
39180,See Spot Run,2001-03-02,2001,03 Mar,3) Other months,,,,,,0,,1) Below 5.0,4.8,44,6.579017
16161,Baby Boy,2001-06-27,2001,06 Jun,1) Summer (May-Jul),16000000.0,29381649.0,13381649.0,1.8363530625,1.0,1,Q2,4) 7.0 and above,7.4,55,7.854989
49950,The Roommate,2011-02-04,2011,02 Feb,3) Other months,16000000.0,40492759.0,24492759.0,2.5307974375,1.0,1,Q2,2) 5.0-5.9,5.3,224,11.807269
10956,Joe Dirt,2001-04-10,2001,04 Apr,3) Other months,17700000.0,30987695.0,13287695.0,1.750717231638418,1.0,1,Q2,2) 5.0-5.9,5.5,242,15.976335
9594,Double Impact,1991-08-10,1991,08 Aug,3) Other months,15000000.0,30102717.0,15102717.0,2.0068478,1.0,1,Q2,2) 5.0-5.9,5.3,215,10.484642
4638,Hot Fuzz,2007-02-14,2007,02 Feb,3) Other months,12000000.0,80573774.0,68573774.0,6.714481166666666,1.0,1,Q2,4) 7.0 and above,7.4,2199,38.623178
13972,The Women,2008-09-12,2008,09 Sep,3) Other months,16000000.0,50007546.0,34007546.0,3.125471625,1.0,1,Q2,1) Below 5.0,4.6,96,8.8321
5038,Vicky Cristina Barcelona,2008-08-15,2008,08 Aug,3) Other months,15000000.0,96408652.0,81408652.0,6.427243466666667,1.0,1,Q2,3) 6.0-6.9,6.7,1020,32.758254
13491,Arn: The Knight Templar,2007-12-17,2007,12 Dec,2) Holiday (Nov-Dec),25000000.0,,,,,0,,3) 6.0-6.9,6.4,76,6.091033
10571,Boys and Girls,2000-06-16,2000,06 Jun,1) Summer (May-Jul),16000000.0,20627372.0,4627372.0,1.28921075,1.0,1,Q2,2) 5.0-5.9,5.4,103,9.119797
10994,White Oleander,2002-10-11,2002,10 Oct,3) Other months,,,,,,0,,4) 7.0 and above,7.2,108,9.423866
19994,Jennifer's Body,2009-09-18,2009,09 Sep,3) Other months,16000000.0,31556061.0,15556061.0,1.9722538125,1.0,1,Q2,2) 5.0-5.9,5.3,837,32.257414
25166,Drowning Mona,2000-03-03,2000,03 Mar,3) Other months,16000000.0,15427192.0,-572808.0,0.9641995,0.0,1,Q2,2) 5.0-5.9,5.4,43,3.021835
30890,Radio Days,1987-01-30,1987,01 Jan,3) Other months,16000000.0,,,,,0,,4) 7.0 and above,7.0,127,7.612849
23169,Remember Me,2010-03-12,2010,03 Mar,3) Other months,20000000.0,,,,,0,,3) 6.0-6.9,6.9,948,36.764666
17403,How to Deal,2003-07-18,2003,07 Jul,1) Summer (May-Jul),,,,,,0,,2) 5.0-5.9,5.7,42,3.199784
12120,My Stepmother is an Alien,1988-12-09,1988,12 Dec,2) Holiday (Nov-Dec),20000000.0,13854000.0,-6146000.0,0.6927,0.0,1,Q2,2) 5.0-5.9,5.3,131,9.455596
9800,Philadelphia,1993-12-22,1993,12 Dec,2) Holiday (Nov-Dec),26000000.0,206678440.0,180678440.0,7.949170769230769,1.0,1,Q3,4) 7.0 and above,7.6,988,44.301745
1090,The Thirteenth Floor,1999-04-16,1999,04 Apr,3) Other months,16000000.0,18564088.0,2564088.0,1.1602555,1.0,1,Q2,3) 6.0-6.9,6.8,378,19.890428
18475,The Cookout,2004-09-03,2004,09 Sep,3) Other months,16000000.0,12.0,,,,0,,1) Below 5.0,4.6,10,0.830596
40160,Meteor,1979-10-19,1979,10 Oct,3) Other months,,,,,,0,,2) 5.0-5.9,5.1,36,2.637355
18074,Duets,2000-09-09,2000,09 Sep,3) Other months,,,,,,0,,2) 5.0-5.9,5.5,34,2.25453
9689,Hollywood Ending,2002-05-03,2002,05 May,1) Summer (May-Jul),16000000.0,,,,,0,,3) 6.0-6.9,6.4,113,8.711782
9781,Detroit Rock City,1999-08-13,1999,08 Aug,3) Other months,6500000.0,4217115.0,-2282885.0,0.6487869230769231,0.0,1,Q1 (lowest),3) 6.0-6.9,6.7,100,5.700333
8009,Highlander,1986-03-07,1986,03 Mar,3) Other months,16000000.0,5900000.0,-10100000.0,0.36875,0.0,1,Q2,3) 6.0-6.9,6.8,624,29.253833
3877,Things We Lost in the Fire,2007-09-26,2007,09 Sep,3) Other months,16000000.0,2849142.0,-13150858.0,0.178071375,0.0,1,Q2,3) 6.0-6.9,6.7,90,8.842869
8854,Steel,1997-08-15,1997,08 Aug,3) Other months,16000000.0,1686429.0,-14313571.0,0.1054018125,0.0,1,Q2,1) Below 5.0,4.3,48,2.848727
152599,The Immigrant,2013-07-03,2013,07 Jul,1) Summer (May-Jul),16000000.0,5867686.0,-10132314.0,0.366730375,0.0,1,Q2,3) 6.0-6.9,6.2,250,13.832464
18840,The White Countess,2005-10-30,2005,10 Oct,3) Other months,,,,,,0,,3) 6.0-6.9,6.9,21,4.488547
68727,Trance,2013-03-27,2013,03 Mar,3) Other months,20000000.0,24261569.0,4261569.0,1.21307845,1.0,1,Q2,3) 6.0-6.9,6.5,956,38.802415
12657,Soul Plane,2004-05-28,2004,05 May,1) Summer (May-Jul),16000000.0,14822346.0,-1177654.0,0.926396625,0.0,1,Q2,1) Below 5.0,4.7,108,9.400404
8265,Welcome to the Sticks,2008-01-09,2008,01 Jan,3) Other months,11000000.0,53191886.0,42191886.0,4.835626,1.0,1,Q1 (lowest),3) 6.0-6.9,6.8,615,18.923181
12410,Good,2008-12-11,2008,12 Dec,2) Holiday (Nov-Dec),,,,,,0,,3) 6.0-6.9,6.3,29,2.397987
34647,Enter the Void,2009-05-05,2009,05 May,1) Summer (May-Jul),13000000.0,754249.0,-12245751.0,0.058019153846153845,0.0,1,Q2,4) 7.0 and above,7.2,387,20.39955
73935,Vamps,2012-08-25,2012,08 Aug,3) Other months,16000000.0,,,,,0,,1) Below 5.0,4.8,91,7.251897
28178,Hachi: A Dog's Tale,2009-06-13,2009,06 Jun,1) Summer (May-Jul),16000000.0,47801389.0,31801389.0,2.9875868125,1.0,1,Q2,4) 7.0 and above,7.7,1717,43.217089
185567,Zulu,2013-12-04,2013,12 Dec,2) Holiday (Nov-Dec),16000000.0,,,,,0,,3) 6.0-6.9,6.7,172,14.529496
264656,The Homesman,2014-05-18,2014,05 May,1) Summer (May-Jul),16000000.0,3442853.0,-12557147.0,0.2151783125,0.0,1,Q2,3) 6.0-6.9,6.4,258,20.59148
35696,Juwanna Mann,2002-06-21,2002,06 Jun,1) Summer (May-Jul),15600000.0,,,,,0,,1) Below 5.0,4.2,20,2.244947
16351,Ararat,2002-05-20,2002,05 May,1) Summer (May-Jul),,,,,,0,,2) 5.0-5.9,5.7,16,1.326264
38717,Madison,2001-01-23,2001,01 Jan,3) Other months,,,,,,0,,,5.3,3,0.212108
18777,Slow Burn,2005-09-12,2005,09 Sep,3) Other months,15500000.0,1237615.0,-14262385.0,0.07984612903225806,0.0,1,Q2,2) 5.0-5.9,5.5,16,6.630856
2110,Wasabi,2001-10-31,2001,10 Oct,3) Other months,15300000.0,,,,,0,,3) 6.0-6.9,6.2,283,18.20957
9035,Slither,2006-03-31,2006,03 Mar,3) Other months,15500000.0,,,,,0,,3) 6.0-6.9,6.3,317,17.327279
90,Beverly Hills Cop,1984-11-29,1984,11 Nov,2) Holiday (Nov-Dec),15000000.0,316360478.0,301360478.0,21.090698533333335,1.0,1,Q2,3) 6.0-6.9,6.8,961,29.843818
771,Home Alone,1990-11-09,1990,11 Nov,2) Holiday (Nov-Dec),18000000.0,476684675.0,458684675.0,26.482481944444444,1.0,1,Q2,4) 7.0 and above,7.1,2414,2.186927
12154,Three Men and a Baby,1987-11-27,1987,11 Nov,2) Holiday (Nov-Dec),,,,,,0,,2) 5.0-5.9,5.8,253,12.335827
9576,Tootsie,1982-12-16,1982,12 Dec,2) Holiday (Nov-Dec),21000000.0,177200000.0,156200000.0,8.438095238095238,1.0,1,Q2,3) 6.0-6.9,6.9,421,20.818567
744,Top Gun,1986-05-16,1986,05 May,1) Summer (May-Jul),15000000.0,356830601.0,341830601.0,23.788706733333335,1.0,1,Q2,3) 6.0-6.9,6.7,1698,58.900647
146,"Crouching Tiger, Hidden Dragon",2000-10-01,2000,10 Oct,3) Other months,17000000.0,213525736.0,196525736.0,12.560337411764706,1.0,1,Q2,4) 7.0 and above,7.2,927,45.742254
14,American Beauty,1999-09-15,1999,09 Sep,3) Other months,15000000.0,356296601.0,341296601.0,23.753106733333333,1.0,1,Q2,4) 7.0 and above,7.9,3313,80.878605
45269,The King's Speech,2010-09-06,2010,09 Sep,3) Other months,15000000.0,414211549.0,399211549.0,27.614103266666667,1.0,1,Q2,4) 7.0 and above,7.6,2752,54.053576
9493,Twins,1988-12-09,1988,12 Dec,2) Holiday (Nov-Dec),15000000.0,216614388.0,201614388.0,14.4409592,1.0,1,Q2,2) 5.0-5.9,5.7,559,17.638286
22556,The Yellow Handkerchief,2008-12-17,2008,12 Dec,2) Holiday (Nov-Dec),15000000.0,317000.0,-14683000.0,0.021133333333333334,0.0,1,Q2,3) 6.0-6.9,6.4,52,3.803495
873,The Color Purple,1985-12-18,1985,12 Dec,2) Holiday (Nov-Dec),15000000.0,146292009.0,131292009.0,9.7528006,1.0,1,Q2,4) 7.0 and above,7.7,338,17.571533
33196,Tidal Wave,2009-06-06,2009,06 Jun,1) Summer (May-Jul),16000000.0,11301649.0,-4698351.0,0.7063530625,0.0,1,Q2,3) 6.0-6.9,6.5,48,4.628525
205596,The Imitation Game,2014-11-14,2014,11 Nov,2) Holiday (Nov-Dec),14000000.0,233555708.0,219555708.0,16.68255057142857,1.0,1,Q2,4) 7.0 and above,8.0,5723,145.364591
10765,Private Benjamin,1980-10-06,1980,10 Oct,3) Other months,,,,,,0,,3) 6.0-6.9,6.0,102,12.18838
16769,Coal Miner's Daughter,1980-03-07,1980,03 Mar,3) Other months,15000000.0,67182787.0,52182787.0,4.478852466666667,1.0,1,Q2,4) 7.0 and above,7.2,67,3.826685
33217,Diary of a Wimpy Kid,2010-03-19,2010,03 Mar,3) Other months,15000000.0,75700498.0,60700498.0,5.046699866666667,1.0,1,Q2,2) 5.0-5.9,5.9,355,21.095489
132232,Mama,2013-01-17,2013,01 Jan,3) Other months,15000000.0,146497771.0,131497771.0,9.766518066666666,1.0,1,Q2,3) 6.0-6.9,6.0,1401,47.455148
11153,National Lampoon's Vacation,1983-07-28,1983,07 Jul,1) Summer (May-Jul),15000000.0,61399552.0,46399552.0,4.093303466666667,1.0,1,Q2,4) 7.0 and above,7.1,410,22.838834
208134,Bad Grandpa,2013-10-22,2013,10 Oct,3) Other months,15000000.0,151831537.0,136831537.0,10.122102466666666,1.0,1,Q2,3) 6.0-6.9,6.0,680,27.165222
1165,The Queen,2006-09-15,2006,09 Sep,3) Other months,15000000.0,123384128.0,108384128.0,8.225608533333334,1.0,1,Q2,3) 6.0-6.9,6.8,338,19.113278
4011,Beetlejuice,1988-02-29,1988,02 Feb,3) Other months,15000000.0,73326666.0,58326666.0,4.8884444,1.0,1,Q2,4) 7.0 and above,7.1,1444,58.553213
17202,Why Did I Get Married?,2007-10-12,2007,10 Oct,3) Other months,15000000.0,55184721.0,40184721.0,3.6789814,1.0,1,Q2,3) 6.0-6.9,6.1,33,2.005111
9587,Little Women,1994-12-21,1994,12 Dec,2) Holiday (Nov-Dec),18000000.0,,,,,0,,4) 7.0 and above,7.0,215,16.418639
65086,The Woman in Black,2012-02-01,2012,02 Feb,3) Other months,17000000.0,127730736.0,110730736.0,7.513572705882353,1.0,1,Q2,3) 6.0-6.9,6.1,1206,43.675191
10053,When a Stranger Calls,2006-02-03,2006,02 Feb,3) Other months,15000000.0,66966987.0,51966987.0,4.4644658,1.0,1,Q2,2) 5.0-5.9,5.4,268,4.688212
11870,Big Fat Liar,2002-02-08,2002,02 Feb,3) Other months,15000000.0,52970014.0,37970014.0,3.5313342666666667,1.0,1,Q2,2) 5.0-5.9,5.6,197,9.125594
11778,The Deer Hunter,1978-12-08,1978,12 Dec,2) Holiday (Nov-Dec),15000000.0,50000000.0,35000000.0,3.3333333333333335,1.0,1,Q2,4) 7.0 and above,7.8,921,19.786392
586,Wag the Dog,1997-12-25,1997,12 Dec,2) Holiday (Nov-Dec),15000000.0,64256513.0,49256513.0,4.283767533333333,1.0,1,Q2,3) 6.0-6.9,6.7,270,13.581966
18736,The Lizzie McGuire Movie,2003-04-25,2003,04 Apr,3) Other months,17000000.0,55534455.0,38534455.0,3.2667326470588236,1.0,1,Q2,2) 5.0-5.9,5.7,280,11.927667
134411,Snitch,2013-02-21,2013,02 Feb,3) Other months,35000000.0,42930462.0,7930462.0,1.2265846285714286,1.0,1,Q3,2) 5.0-5.9,5.8,1138,30.556135
287903,Krampus,2015-11-26,2015,11 Nov,2) Holiday (Nov-Dec),15000000.0,61548707.0,46548707.0,4.103247133333333,1.0,1,Q2,2) 5.0-5.9,5.9,584,31.565117
9276,The Faculty,1998-12-25,1998,12 Dec,2) Holiday (Nov-Dec),15000000.0,40283321.0,25283321.0,2.6855547333333334,1.0,1,Q2,3) 6.0-6.9,6.2,492,21.535126
15765,What's Love Got to Do with It,1993-06-09,1993,06 Jun,1) Summer (May-Jul),,,,,,0,,3) 6.0-6.9,6.9,72,7.921311
2142,Cop Land,1997-08-15,1997,08 Aug,3) Other months,15000000.0,44862187.0,29862187.0,2.9908124666666667,1.0,1,Q2,3) 6.0-6.9,6.6,382,19.284129
11397,Not Another Teen Movie,2001-12-07,2001,12 Dec,2) Holiday (Nov-Dec),16000000.0,66468332.0,50468332.0,4.15427075,1.0,1,Q2,2) 5.0-5.9,5.5,431,23.423082
77016,End of Watch,2012-09-20,2012,09 Sep,3) Other months,7000000.0,48126384.0,41126384.0,6.875197714285714,1.0,1,Q1 (lowest),4) 7.0 and above,7.2,1170,49.517264
11478,The Skulls,2000-03-31,2000,03 Mar,3) Other months,15000000.0,35007180.0,20007180.0,2.333812,1.0,1,Q2,2) 5.0-5.9,5.8,156,11.375032
266856,The Theory of Everything,2014-11-26,2014,11 Nov,2) Holiday (Nov-Dec),15000000.0,123726688.0,108726688.0,8.248445866666666,1.0,1,Q2,4) 7.0 and above,7.8,3311,61.182331
13411,Malibu's Most Wanted,2003-04-10,2003,04 Apr,3) Other months,,,,,,0,,1) Below 5.0,4.7,77,7.314796
10564,Where the Heart Is,2000-04-27,2000,04 Apr,3) Other months,15000000.0,33771174.0,18771174.0,2.2514116,1.0,1,Q2,3) 6.0-6.9,6.9,155,6.857923
947,Lawrence of Arabia,1962-12-10,1962,12 Dec,2) Holiday (Nov-Dec),15000000.0,69995385.0,54995385.0,4.666359,1.0,1,Q2,4) 7.0 and above,7.8,851,41.286336
24150,Halloween II,2009-08-28,2009,08 Aug,3) Other months,15000000.0,39421467.0,24421467.0,2.6280978,1.0,1,Q2,2) 5.0-5.9,5.1,267,12.929525
228970,Wild,2014-12-05,2014,12 Dec,2) Holiday (Nov-Dec),15000000.0,52501541.0,37501541.0,3.500102733333333,1.0,1,Q2,4) 7.0 and above,7.0,951,42.952942
18405,The Last House on the Left,2009-03-13,2009,03 Mar,3) Other months,15000000.0,32721635.0,17721635.0,2.1814423333333335,1.0,1,Q2,3) 6.0-6.9,6.2,440,19.760383
6961,The Wedding Date,2005-02-04,2005,02 Feb,3) Other months,15000000.0,47175038.0,32175038.0,3.1450025333333333,1.0,1,Q2,3) 6.0-6.9,6.2,230,10.194097
11442,Halloween: Resurrection,2002-07-01,2002,07 Jul,1) Summer (May-Jul),13000000.0,37664855.0,24664855.0,2.8972965384615383,1.0,1,Q2,1) Below 5.0,4.5,228,11.045593
2493,The Princess Bride,1987-09-18,1987,09 Sep,3) Other months,16000000.0,30857814.0,14857814.0,1.928613375,1.0,1,Q2,4) 7.0 and above,7.6,1486,44.533612
14047,The Great Debaters,2007-12-27,2007,12 Dec,2) Holiday (Nov-Dec),15000000.0,30226144.0,15226144.0,2.0150762666666666,1.0,1,Q2,3) 6.0-6.9,6.9,151,10.84158
64690,Drive,2011-08-06,2011,08 Aug,3) Other months,15000000.0,78054825.0,63054825.0,5.203655,1.0,1,Q2,4) 7.0 and above,7.4,3725,49.294864
11132,Confessions of a Teenage Drama Queen,2004-02-17,2004,02 Feb,3) Other months,15000000.0,29331068.0,14331068.0,1.9554045333333334,1.0,1,Q2,2) 5.0-5.9,5.1,221,7.424798
17127,The Object of My Affection,1998-04-17,1998,04 Apr,3) Other months,15000000.0,46905889.0,31905889.0,3.1270592666666666,1.0,1,Q2,2) 5.0-5.9,5.6,72,5.164281
1562,28 Weeks Later,2007-04-26,2007,04 Apr,3) Other months,15000000.0,64238440.0,49238440.0,4.282562666666666,1.0,1,Q2,3) 6.0-6.9,6.5,1197,34.759855
232679,When the Game Stands Tall,2014-08-22,2014,08 Aug,3) Other months,15000000.0,30127963.0,15127963.0,2.008530866666667,1.0,1,Q2,3) 6.0-6.9,6.3,130,7.297757
17880,Because of Winn-Dixie,2005-02-18,2005,02 Feb,3) Other months,14000000.0,32645546.0,18645546.0,2.3318247142857143,1.0,1,Q2,3) 6.0-6.9,6.1,61,3.334804
14736,Love & Basketball,2000-04-21,2000,04 Apr,3) Other months,20000000.0,27728118.0,7728118.0,1.3864059,1.0,1,Q2,4) 7.0 and above,7.4,88,2.027393
9434,Grosse Pointe Blank,1997-04-11,1997,04 Apr,3) Other months,,28084357.0,,,,0,,3) 6.0-6.9,6.9,275,13.817269
23706,All About Steve,2009-09-04,2009,09 Sep,3) Other months,15000000.0,40105542.0,25105542.0,2.6737028,1.0,1,Q2,1) Below 5.0,4.7,295,13.237835
11531,Book of Shadows: Blair Witch 2,2000-10-27,2000,10 Oct,3) Other months,,,,,,0,,1) Below 5.0,4.3,212,3.890223
9100,The Craft,1996-05-03,1996,05 May,1) Summer (May-Jul),15000000.0,24769466.0,9769466.0,1.6512977333333334,1.0,1,Q2,3) 6.0-6.9,6.3,380,19.517239
116,Match Point,2005-10-26,2005,10 Oct,3) Other months,15000000.0,85306374.0,70306374.0,5.6870916,1.0,1,Q2,4) 7.0 and above,7.3,1105,30.669913
38843,Ramona and Beezus,2010-07-23,2010,07 Jul,1) Summer (May-Jul),,,,,,0,,3) 6.0-6.9,6.1,245,9.681147
1245,The Remains of the Day,1993-11-05,1993,11 Nov,2) Holiday (Nov-Dec),11500000.0,23237911.0,11737911.0,2.0206879130434783,1.0,1,Q2,4) 7.0 and above,7.5,202,15.355589
4995,Boogie Nights,1997-09-11,1997,09 Sep,3) Other months,15000000.0,43101594.0,28101594.0,2.8734396,1.0,1,Q2,4) 7.0 and above,7.5,796,19.85579
10413,Nowhere to Run,1993-01-15,1993,01 Jan,3) Other months,,,,,,0,,2) 5.0-5.9,5.5,119,11.689337
14012,Flicka,2006-10-20,2006,10 Oct,3) Other months,15000000.0,21000000.0,6000000.0,1.4,1.0,1,Q2,3) 6.0-6.9,6.1,52,3.043589
9793,The Hills Have Eyes 2,2007-03-22,2007,03 Mar,3) Other months,15000000.0,,,,,0,,2) 5.0-5.9,5.2,351,17.141376
12212,Urban Legends: Final Cut,2000-09-19,2000,09 Sep,3) Other months,14000000.0,38574362.0,24574362.0,2.7553115714285714,1.0,1,Q2,1) Below 5.0,4.4,100,8.885017
13768,Tuck Everlasting,2002-10-11,2002,10 Oct,3) Other months,,,,,,0,,3) 6.0-6.9,6.4,128,4.115398
8975,The Marine,2006-10-13,2006,10 Oct,3) Other months,20000000.0,22165608.0,2165608.0,1.1082804,1.0,1,Q2,2) 5.0-5.9,5.0,163,7.679336
342521,Keanu,2016-04-21,2016,04 Apr,3) Other months,15000000.0,20566327.0,5566327.0,1.3710884666666667,1.0,1,Q2,3) 6.0-6.9,6.0,421,18.268009
45272,Country Strong,2010-12-22,2010,12 Dec,2) Holiday (Nov-Dec),15000000.0,20529194.0,5529194.0,1.3686129333333332,1.0,1,Q2,2) 5.0-5.9,5.9,80,7.809701
9424,Disturbing Behavior,1998-07-24,1998,07 Jul,1) Summer (May-Jul),15000000.0,17507368.0,2507368.0,1.1671578666666667,1.0,1,Q2,2) 5.0-5.9,5.5,104,9.378688
97367,The Place Beyond the Pines,2013-03-20,2013,03 Mar,3) Other months,15000000.0,35485608.0,20485608.0,2.3657072,1.0,1,Q2,3) 6.0-6.9,6.8,1653,35.395129
254904,The November Man,2014-08-27,2014,08 Aug,3) Other months,15000000.0,32556119.0,17556119.0,2.1704079333333333,1.0,1,Q2,3) 6.0-6.9,6.0,639,45.317278
18681,Eye of the Beholder,1999-09-04,1999,09 Sep,3) Other months,15000000.0,,,,,0,,2) 5.0-5.9,5.3,42,4.302941
12162,The Hurt Locker,2008-10-10,2008,10 Oct,3) Other months,15000000.0,42000000.0,27000000.0,2.8,1.0,1,Q2,4) 7.0 and above,7.2,1840,47.006162
11495,Firestarter,1984-05-11,1984,05 May,1) Summer (May-Jul),15000000.0,17080167.0,2080167.0,1.1386778,1.0,1,Q2,2) 5.0-5.9,5.9,173,11.379652
64689,Killing Them Softly,2012-09-20,2012,09 Sep,3) Other months,15000000.0,37930465.0,22930465.0,2.5286976666666665,1.0,1,Q2,2) 5.0-5.9,5.8,742,24.612603
157849,A Most Wanted Man,2014-07-25,2014,07 Jul,1) Summer (May-Jul),15000000.0,31554855.0,16554855.0,2.103657,1.0,1,Q2,3) 6.0-6.9,6.5,541,26.708193
13166,Freddy Got Fingered,2001-04-18,2001,04 Apr,3) Other months,,,,,,0,,1) Below 5.0,4.6,115,8.710294
15511,VeggieTales: The Pirates Who Don't Do Anything,2008-01-11,2008,01 Jan,3) Other months,,,,,,0,,2) 5.0-5.9,5.9,25,1.800119
37003,U2 3D,2007-05-19,2007,05 May,1) Summer (May-Jul),15000000.0,22730842.0,7730842.0,1.5153894666666667,1.0,1,Q2,3) 6.0-6.9,6.7,10,0.335195
12211,Highlander: Endgame,2000-09-01,2000,09 Sep,3) Other months,25000000.0,15843608.0,-9156392.0,0.63374432,0.0,1,Q2,1) Below 5.0,4.4,104,11.782725
13816,Idlewild,2006-08-25,2006,08 Aug,3) Other months,,,,,,0,,2) 5.0-5.9,5.1,17,2.711955
51828,One Day,2011-03-02,2011,03 Mar,3) Other months,15000000.0,59389433.0,44389433.0,3.9592955333333335,1.0,1,Q2,4) 7.0 and above,7.0,978,16.629173
22798,Whip It,2009-09-13,2009,09 Sep,3) Other months,15000000.0,16633035.0,1633035.0,1.108869,1.0,1,Q2,3) 6.0-6.9,6.7,357,20.05902
7501,Knockaround Guys,2001-09-07,2001,09 Sep,3) Other months,15000000.0,12000000.0,-3000000.0,0.8,0.0,1,Q2,2) 5.0-5.9,5.9,97,8.113634
10743,Confidence,2003-04-25,2003,04 Apr,3) Other months,,,,,,0,,3) 6.0-6.9,6.4,126,9.87419
37718,The Muse,1999-08-27,1999,08 Aug,3) Other months,,,,,,0,,2) 5.0-5.9,5.3,31,2.857936
15237,De-Lovely,2004-07-02,2004,07 Jul,1) Summer (May-Jul),20000000.0,,,,,0,,3) 6.0-6.9,6.3,32,3.138118
9686,New York Stories,1989-03-10,1989,03 Mar,3) Other months,15000000.0,,,,,0,,3) 6.0-6.9,6.2,64,6.684096
17644,Barney's Great Adventure,1998-01-01,1998,01 Jan,3) Other months,,,,,,0,,,2.9,8,0.722911
97430,The Man with the Iron Fists,2012-11-02,2012,11 Nov,2) Holiday (Nov-Dec),15000000.0,15608545.0,608545.0,1.0405696666666666,1.0,1,Q2,2) 5.0-5.9,5.2,358,17.672021
12257,Home Fries,1998-11-25,1998,11 Nov,2) Holiday (Nov-Dec),15000000.0,10443316.0,-4556684.0,0.6962210666666667,0.0,1,Q2,1) Below 5.0,4.8,32,3.033471
13539,Here On Earth,2000-03-23,2000,03 Mar,3) Other months,,,,,,0,,2) 5.0-5.9,5.4,48,3.313257
68,Brazil,1985-02-20,1985,02 Feb,3) Other months,15000000.0,,,,,0,,4) 7.0 and above,7.5,861,41.089863
14024,Raise Your Voice,2004-08-10,2004,08 Aug,3) Other months,15000000.0,14867514.0,-132486.0,0.9911676,0.0,1,Q2,3) 6.0-6.9,6.0,211,10.9071
115,The Big Lebowski,1998-03-06,1998,03 Mar,3) Other months,15000000.0,46189568.0,31189568.0,3.0793045333333335,1.0,1,Q2,4) 7.0 and above,7.8,2926,49.230089
7874,Black Snake Moan,2006-12-08,2006,12 Dec,2) Holiday (Nov-Dec),15000000.0,10903846.0,-4096154.0,0.7269230666666666,0.0,1,Q2,3) 6.0-6.9,6.6,243,11.429607
4911,Dark Blue,2002-12-14,2002,12 Dec,2) Holiday (Nov-Dec),15000000.0,9237470.0,-5762530.0,0.6158313333333333,0.0,1,Q2,3) 6.0-6.9,6.5,85,6.373316
1988,A Mighty Heart,2007-01-01,2007,01 Jan,3) Other months,16000000.0,18928871.0,2928871.0,1.1830544375,1.0,1,Q2,3) 6.0-6.9,6.7,95,9.717392
16222,Whatever It Takes,2000-03-31,2000,03 Mar,3) Other months,15000000.0,9902115.0,-5097885.0,0.660141,0.0,1,Q2,2) 5.0-5.9,5.0,37,8.074807
9557,Boat Trip,2002-10-01,2002,10 Oct,3) Other months,20000000.0,8586376.0,-11413624.0,0.4293188,0.0,1,Q2,1) Below 5.0,4.7,146,7.034752
9026,The Importance of Being Earnest,2002-05-17,2002,05 May,1) Summer (May-Jul),,,,,,0,,3) 6.0-6.9,6.7,127,7.250379
57943,The Love Letter,1998-02-01,1998,02 Feb,3) Other months,,,,,,0,,,4.7,3,0.116873
18276,Hoot,2006-05-05,2006,05 May,1) Summer (May-Jul),,,,,,0,,2) 5.0-5.9,5.5,44,7.712206
8321,In Bruges,2008-02-08,2008,02 Feb,3) Other months,15000000.0,34533783.0,19533783.0,2.3022522,1.0,1,Q2,4) 7.0 and above,7.4,1388,25.329493
72359,Peeples,2013-05-09,2013,05 May,1) Summer (May-Jul),15.0,,,,,0,,2) 5.0-5.9,5.6,26,5.112809
10186,The Rocker,2008-08-20,2008,08 Aug,3) Other months,15000000.0,8762890.0,-6237110.0,0.5841926666666667,0.0,1,Q2,2) 5.0-5.9,5.6,156,13.832376
25704,Post Grad,2009-08-21,2009,08 Aug,3) Other months,15000000.0,6405245.0,-8594755.0,0.42701633333333333,0.0,1,Q2,2) 5.0-5.9,5.0,100,7.446069
133694,Promised Land,2012-09-23,2012,09 Sep,3) Other months,15000000.0,8138788.0,-6861212.0,0.5425858666666666,0.0,1,Q2,3) 6.0-6.9,6.0,243,13.568302
19265,Whatever Works,2009-06-19,2009,06 Jun,1) Summer (May-Jul),15000000.0,35097815.0,20097815.0,2.3398543333333333,1.0,1,Q2,3) 6.0-6.9,6.8,350,21.857387
36047,The In Crowd,2000-07-19,2000,07 Jul,1) Summer (May-Jul),15000000.0,5217498.0,-9782502.0,0.3478332,0.0,1,Q2,1) Below 5.0,4.7,15,0.249245
8053,The Three Burials of Melquiades Estrada,2005-11-17,2005,11 Nov,2) Holiday (Nov-Dec),15000000.0,12036149.0,-2963851.0,0.8024099333333333,0.0,1,Q2,4) 7.0 and above,7.0,177,12.163832
2290,Jakob the Liar,1999-09-16,1999,09 Sep,3) Other months,,,,,,0,,3) 6.0-6.9,6.0,90,8.962245
5236,Kiss Kiss Bang Bang,2005-09-05,2005,09 Sep,3) Other months,15000000.0,15785148.0,785148.0,1.0523432,1.0,1,Q2,4) 7.0 and above,7.2,886,32.690038
6552,Idle Hands,1999-04-30,1999,04 Apr,3) Other months,25000000.0,4152230.0,-20847770.0,0.1660892,0.0,1,Q2,3) 6.0-6.9,6.1,182,8.583217
1018,Mulholland Drive,2001-05-16,2001,05 May,1) Summer (May-Jul),15000000.0,20117339.0,5117339.0,1.3411559333333334,1.0,1,Q2,4) 7.0 and above,7.6,1477,31.60985
10075,Blood and Chocolate,2007-01-26,2007,01 Jan,3) Other months,,,,,,0,,2) 5.0-5.9,5.4,87,12.295216
38031,You Will Meet a Tall Dark Stranger,2010-05-23,2010,05 May,1) Summer (May-Jul),22000000.0,,,,,0,,2) 5.0-5.9,5.8,251,12.4654
42188,Never Let Me Go,2010-09-15,2010,09 Sep,3) Other months,15000000.0,9455232.0,-5544768.0,0.6303488,0.0,1,Q2,3) 6.0-6.9,6.8,737,30.983397
112430,The Company,2007-08-05,2007,08 Aug,3) Other months,,,,,,0,,4) 7.0 and above,7.0,12,1.485324
6687,Transsiberian,2008-01-18,2008,01 Jan,3) Other months,15000000.0,5926410.0,-9073590.0,0.395094,0.0,1,Q2,3) 6.0-6.9,6.5,195,11.428903
13853,The Clan of the Cave Bear,1986-01-17,1986,01 Jan,3) Other months,15000000.0,,,,,0,,1) Below 5.0,4.8,27,5.484679
31306,Crazy in Alabama,1999-10-22,1999,10 Oct,3) Other months,,,,,,0,,3) 6.0-6.9,6.5,12,5.770246
8461,Funny Games,2007-10-20,2007,10 Oct,3) Other months,15000000.0,7938872.0,-7061128.0,0.5292581333333334,0.0,1,Q2,3) 6.0-6.9,6.3,545,15.175289
331592,Listening,2015-09-11,2015,09 Sep,3) Other months,,,,,,0,,2) 5.0-5.9,5.5,31,2.414721
47692,Felicia's Journey,1999-11-24,1999,11 Nov,2) Holiday (Nov-Dec),,,,,,0,,3) 6.0-6.9,6.6,23,0.470645
19,Metropolis,1927-01-10,1927,01 Jan,3) Other months,92620000.0,650422.0,-91969578.0,0.007022478946231915,0.0,1,Q4 (highest),4) 7.0 and above,8.0,657,32.351527
10045,District B13,2004-11-09,2004,11 Nov,2) Holiday (Nov-Dec),12000000.0,9584131.0,-2415869.0,0.7986775833333334,0.0,1,Q2,3) 6.0-6.9,6.5,565,17.493735
400,Things to Do in Denver When You're Dead,1995-12-01,1995,12 Dec,2) Holiday (Nov-Dec),8000000.0,529766.0,-7470234.0,0.06622075,0.0,1,Q1 (lowest),3) 6.0-6.9,6.7,85,6.932221
253450,The Assassin,2015-08-27,2015,08 Aug,3) Other months,15000000.0,632542.0,-14367458.0,0.04216946666666667,0.0,1,Q2,3) 6.0-6.9,6.6,157,8.142166
9104,Buffalo Soldiers,2001-09-08,2001,09 Sep,3) Other months,15000000.0,,,,,0,,3) 6.0-6.9,6.5,93,6.329672
11190,The Return,2003-06-25,2003,06 Jun,1) Summer (May-Jul),,,,,,0,,4) 7.0 and above,7.4,100,7.744166
16353,Ong Bak 2,2008-12-04,2008,12 Dec,2) Holiday (Nov-Dec),8500000.0,8936663.0,436663.0,1.0513721176470587,1.0,1,Q1 (lowest),3) 6.0-6.9,6.0,152,9.029489
23759,Centurion,2010-02-15,2010,02 Feb,3) Other months,12000000.0,6814789.0,-5185211.0,0.5678990833333334,0.0,1,Q2,2) 5.0-5.9,5.9,386,22.708647
24206,Silent Trigger,1996-06-26,1996,06 Jun,1) Summer (May-Jul),15000000.0,76382.0,-14923618.0,0.005092133333333334,0.0,1,Q2,2) 5.0-5.9,5.0,22,2.609057
10185,The Midnight Meat Train,2008-08-07,2008,08 Aug,3) Other months,15000000.0,3533227.0,-11466773.0,0.23554846666666668,0.0,1,Q2,3) 6.0-6.9,6.0,290,19.913961
75033,Winnie Mandela,2011-09-16,2011,09 Sep,3) Other months,15000000.0,,,,,0,,,5.2,5,1.897761
74536,The Son of No One,2011-11-04,2011,11 Nov,2) Holiday (Nov-Dec),15000000.0,,,,,0,,1) Below 5.0,4.8,92,7.701186
31668,All The Queen's Men,2001-10-14,2001,10 Oct,3) Other months,15000000.0,23000.0,-14977000.0,0.0015333333333333334,0.0,1,Q2,,6.1,7,1.833058
13501,The Good Night,2007-01-25,2007,01 Jan,3) Other months,15000000.0,20380.0,-14979620.0,0.0013586666666666667,0.0,1,Q2,2) 5.0-5.9,5.7,41,12.185204
15208,Bathory: Countess of Blood,2008-07-04,2008,07 Jul,1) Summer (May-Jul),,,,,,0,,2) 5.0-5.9,5.6,31,2.500218
172391,Khumba,2013-07-18,2013,07 Jul,1) Summer (May-Jul),20000000.0,27187375.0,7187375.0,1.35936875,1.0,1,Q2,2) 5.0-5.9,5.8,72,6.459787
262543,Automata,2014-10-09,2014,10 Oct,3) Other months,7000000.0,,,,,0,,2) 5.0-5.9,5.6,670,49.808505
9288,Dungeons & Dragons: Wrath of the Dragon God,2005-01-01,2005,01 Jan,3) Other months,,,,,,0,,1) Below 5.0,4.8,36,4.901936
370980,Chiamatemi Francesco - Il Papa della gente,2015-12-03,2015,12 Dec,2) Holiday (Nov-Dec),15000000.0,,,,,0,,4) 7.0 and above,7.3,12,0.738646
20083,Shinjuku Incident,2009-03-22,2009,03 Mar,3) Other months,15000000.0,,,,,0,,3) 6.0-6.9,6.7,65,5.294319
40880,Pandaemonium,2001-06-29,2001,06 Jun,1) Summer (May-Jul),,,,,,0,,,4.5,2,0.165367
137,Groundhog Day,1993-02-11,1993,02 Feb,3) Other months,14600000.0,70906973.0,56306973.0,4.85664198630137,1.0,1,Q2,4) 7.0 and above,7.4,2301,52.744331
264999,Magic Mike XXL,2015-07-01,2015,07 Jul,1) Summer (May-Jul),14800000.0,122513057.0,107713057.0,8.277909256756757,1.0,1,Q2,3) 6.0-6.9,6.3,706,29.660993
454,Romeo + Juliet,1996-10-31,1996,10 Oct,3) Other months,14500000.0,147298761.0,132798761.0,10.15853524137931,1.0,1,Q2,3) 6.0-6.9,6.7,1374,41.493042
53457,Sarah's Key,2010-09-16,2010,09 Sep,3) Other months,10000000.0,17511906.0,7511906.0,1.7511906,1.0,1,Q1 (lowest),4) 7.0 and above,7.2,196,10.072199
288980,Freedom,2014-08-21,2014,08 Aug,3) Other months,14500000.0,,,,,0,,,5.8,9,4.389363
33,Unforgiven,1992-08-07,1992,08 Aug,3) Other months,14000000.0,159157447.0,145157447.0,11.368389071428572,1.0,1,Q2,4) 7.0 and above,7.7,1113,37.380435
1951,Manderlay,2005-05-16,2005,05 May,1) Summer (May-Jul),14200000.0,674918.0,-13525082.0,0.04752943661971831,0.0,1,Q2,3) 6.0-6.9,6.9,78,7.05145
12405,Slumdog Millionaire,2008-05-12,2008,05 May,1) Summer (May-Jul),15000000.0,377910544.0,362910544.0,25.194036266666668,1.0,1,Q2,4) 7.0 and above,7.6,2827,59.258969
10998,Fatal Attraction,1987-09-11,1987,09 Sep,3) Other months,14000000.0,320145693.0,306145693.0,22.8675495,1.0,1,Q2,3) 6.0-6.9,6.6,291,16.742972
114,Pretty Woman,1990-03-23,1990,03 Mar,3) Other months,14000000.0,463000000.0,449000000.0,33.07142857142857,1.0,1,Q2,4) 7.0 and above,7.0,1746,45.473484
9396,Crocodile Dundee II,1988-05-19,1988,05 May,1) Summer (May-Jul),,239606210.0,,,,0,,2) 5.0-5.9,5.5,303,15.474831
319910,Broken Horses,2015-03-15,2015,03 Mar,3) Other months,,,,,,0,,2) 5.0-5.9,5.0,10,4.289676
2604,Born on the Fourth of July,1989-12-20,1989,12 Dec,2) Holiday (Nov-Dec),14000000.0,161001698.0,147001698.0,11.500121285714286,1.0,1,Q2,3) 6.0-6.9,6.7,395,25.949277
864,Cool Runnings,1993-09-30,1993,09 Sep,3) Other months,14000000.0,154864401.0,140864401.0,11.061742928571428,1.0,1,Q2,3) 6.0-6.9,6.8,491,22.409117
14435,My Bloody Valentine,2009-01-16,2009,01 Jan,3) Other months,15000000.0,100734718.0,85734718.0,6.715647866666667,1.0,1,Q2,2) 5.0-5.9,5.3,299,13.706357
1931,Stomp the Yard,2007-05-16,2007,05 May,1) Summer (May-Jul),13000000.0,75511123.0,62511123.0,5.808547923076923,1.0,1,Q2,3) 6.0-6.9,6.1,88,6.92205
691,The Spy Who Loved Me,1977-07-07,1977,07 Jul,1) Summer (May-Jul),14000000.0,185438673.0,171438673.0,13.2456195,1.0,1,Q2,3) 6.0-6.9,6.6,507,27.17347
9877,Urban Legend,1998-09-25,1998,09 Sep,3) Other months,14000000.0,72527595.0,58527595.0,5.1805425,1.0,1,Q2,2) 5.0-5.9,5.6,290,12.159009
62008,Good Deeds,2012-02-23,2012,02 Feb,3) Other months,,,,,,0,,3) 6.0-6.9,6.2,45,4.448494
12227,White Fang,1991-01-18,1991,01 Jan,3) Other months,14000000.0,34793160.0,20793160.0,2.4852257142857144,1.0,1,Q2,3) 6.0-6.9,6.5,135,13.13724
13824,Superstar,1999-10-08,1999,10 Oct,3) Other months,,,,,,0,,2) 5.0-5.9,5.1,83,4.04701
71688,The Iron Lady,2011-12-30,2011,12 Dec,2) Holiday (Nov-Dec),13000000.0,114956699.0,101956699.0,8.842823,1.0,1,Q2,3) 6.0-6.9,6.2,527,23.3784
15173,Jonah: A VeggieTales Movie,2002-10-04,2002,10 Oct,3) Other months,,,,,,0,,3) 6.0-6.9,6.4,22,1.446172
8291,Poetic Justice,1993-07-23,1993,07 Jul,1) Summer (May-Jul),14000000.0,27515786.0,13515786.0,1.9654132857142856,1.0,1,Q2,3) 6.0-6.9,6.9,47,3.650857
13950,All About the Benjamins,2002-03-08,2002,03 Mar,3) Other months,14000000.0,25482931.0,11482931.0,1.8202093571428573,1.0,1,Q2,2) 5.0-5.9,5.8,48,5.102258
12158,Vampire in Brooklyn,1995-10-27,1995,10 Oct,3) Other months,14000000.0,19800000.0,5800000.0,1.4142857142857144,1.0,1,Q2,1) Below 5.0,4.5,111,6.772615
11586,Exorcist II: The Heretic,1977-06-17,1977,06 Jun,1) Summer (May-Jul),14000000.0,30749142.0,16749142.0,2.1963672857142855,1.0,1,Q2,1) Below 5.0,4.5,133,11.543363
10008,An American Haunting,2005-05-05,2005,05 May,1) Summer (May-Jul),,,,,,0,,2) 5.0-5.9,5.3,142,7.436315
2830,My Boss's Daughter,2003-08-21,2003,08 Aug,3) Other months,14000000.0,,,,,0,,1) Below 5.0,4.4,180,14.813614
12403,A Perfect Getaway,2009-06-08,2009,06 Jun,1) Summer (May-Jul),14000000.0,22852638.0,8852638.0,1.6323312857142858,1.0,1,Q2,3) 6.0-6.9,6.2,351,20.792603
34563,Our Family Wedding,2010-03-12,2010,03 Mar,3) Other months,14000000.0,21409028.0,7409028.0,1.5292162857142857,1.0,1,Q2,2) 5.0-5.9,5.7,39,6.733485
14557,Dead Man on Campus,1998-08-21,1998,08 Aug,3) Other months,,,,,,0,,2) 5.0-5.9,5.6,49,7.708227
10368,Tea with Mussolini,1999-03-25,1999,03 Mar,3) Other months,12000000.0,21001563.0,9001563.0,1.75013025,1.0,1,Q2,2) 5.0-5.9,5.8,32,2.238646
10280,Thinner,1996-10-25,1996,10 Oct,3) Other months,,,,,,0,,2) 5.0-5.9,5.5,124,7.866961
12637,"New York, New York",1977-06-21,1977,06 Jun,1) Summer (May-Jul),,,,,,0,,3) 6.0-6.9,6.1,67,3.876242
34152,Crooklyn,1994-05-13,1994,05 May,1) Summer (May-Jul),,,,,,0,,3) 6.0-6.9,6.7,31,1.89218
14434,I Think I Love My Wife,2007-03-16,2007,03 Mar,3) Other months,11000000.0,13196245.0,2196245.0,1.1996586363636363,1.0,1,Q1 (lowest),2) 5.0-5.9,5.0,55,4.536745
11470,Jason X,2001-07-24,2001,07 Jul,1) Summer (May-Jul),11000000.0,16951798.0,5951798.0,1.5410725454545455,1.0,1,Q1 (lowest),1) Below 5.0,4.5,291,11.220643
10741,Bobby,2006-09-05,2006,09 Sep,3) Other months,,,,,,0,,3) 6.0-6.9,6.4,119,11.706309
24940,Head Over Heels,2001-02-02,2001,02 Feb,3) Other months,14000000.0,10424470.0,-3575530.0,0.744605,0.0,1,Q2,2) 5.0-5.9,5.3,73,4.66723
82679,Fun Size,2012-10-25,2012,10 Oct,3) Other months,14000000.0,11417362.0,-2582638.0,0.8155258571428572,0.0,1,Q2,2) 5.0-5.9,5.5,134,7.487843
2013,The Diving Bell and the Butterfly,2007-05-22,2007,05 May,1) Summer (May-Jul),14000000.0,19777647.0,5777647.0,1.4126890714285714,1.0,1,Q2,4) 7.0 and above,7.4,283,13.65494
1440,Little Children,2006-10-06,2006,10 Oct,3) Other months,26000000.0,14821658.0,-11178342.0,0.5700637692307692,0.0,1,Q3,3) 6.0-6.9,6.9,240,11.942862
18041,Gossip,2000-04-21,2000,04 Apr,3) Other months,14000000.0,5108820.0,-8891180.0,0.3649157142857143,0.0,1,Q2,2) 5.0-5.9,5.5,68,5.833687
28029,A Walk on the Moon,1999-01-29,1999,01 Jan,3) Other months,14000000.0,,,,,0,,3) 6.0-6.9,6.2,21,6.370267
1123,Catch a Fire,2006-10-27,2006,10 Oct,3) Other months,,4291965.0,,,,0,,3) 6.0-6.9,6.4,25,4.052219
14033,Soul Survivors,2001-09-06,2001,09 Sep,3) Other months,,,,,,0,,1) Below 5.0,4.4,49,3.231848
87729,Jefferson in Paris,1995-03-31,1995,03 Mar,3) Other months,14000000.0,2474000.0,-11526000.0,0.1767142857142857,0.0,1,Q2,2) 5.0-5.9,5.2,10,0.900442
16899,Easy Virtue,2008-01-01,2008,01 Jan,3) Other months,,,,,,0,,3) 6.0-6.9,6.3,108,8.387573
41317,Caravans,1978-11-02,1978,11 Nov,2) Holiday (Nov-Dec),,,,,,0,,,5.8,1,0.633004
245700,Mr. Turner,2014-10-31,2014,10 Oct,3) Other months,,5405500.0,,,,0,,3) 6.0-6.9,6.3,204,9.242554
37842,Wild Grass,2009-05-20,2009,05 May,1) Summer (May-Jul),,,,,,0,,2) 5.0-5.9,5.8,22,1.866443
9045,Amen.,2002-02-13,2002,02 Feb,3) Other months,,,,,,0,,4) 7.0 and above,7.1,75,5.930533
44092,Reign of Assassins,2010-09-01,2010,09 Sep,3) Other months,12000000.0,,,,,0,,3) 6.0-6.9,6.7,57,4.930129
16005,The Lucky Ones,2008-09-26,2008,09 Sep,3) Other months,,,,,,0,,3) 6.0-6.9,6.3,55,8.747922
44754,Margaret,2011-09-30,2011,09 Sep,3) Other months,14000000.0,46495.0,-13953505.0,0.0033210714285714284,0.0,1,Q2,3) 6.0-6.9,6.1,86,4.898424
23988,Stan Helsing,2009-10-27,2009,10 Oct,3) Other months,108.0,,,,,0,,1) Below 5.0,4.0,97,7.410523
43949,Flipped,2010-08-06,2010,08 Aug,3) Other months,14000000.0,1755212.0,-12244788.0,0.12537228571428571,0.0,1,Q2,4) 7.0 and above,7.4,418,24.210698
142,Brokeback Mountain,2005-09-02,2005,09 Sep,3) Other months,14000000.0,178043761.0,164043761.0,12.7174115,1.0,1,Q2,4) 7.0 and above,7.5,1480,44.135568
9603,Clueless,1995-07-19,1995,07 Jul,1) Summer (May-Jul),12000000.0,,,,,0,,3) 6.0-6.9,6.9,803,16.051328
10712,Far from Heaven,2002-09-01,2002,09 Sep,3) Other months,13500000.0,29027914.0,15527914.0,2.150215851851852,1.0,1,Q2,3) 6.0-6.9,6.9,144,9.982885
243938,Hot Tub Time Machine 2,2015-02-20,2015,02 Feb,3) Other months,14000000.0,12314651.0,-1685349.0,0.8796179285714286,0.0,1,Q2,2) 5.0-5.9,5.0,354,16.618874
10876,Quills,2000-11-22,2000,11 Nov,2) Holiday (Nov-Dec),13500000.0,7060876.0,-6439124.0,0.5230278518518519,0.0,1,Q2,3) 6.0-6.9,6.8,128,7.261196
86838,Seven Psychopaths,2012-09-07,2012,09 Sep,3) Other months,15000000.0,19422261.0,4422261.0,1.2948174,1.0,1,Q2,3) 6.0-6.9,6.7,1206,32.306455
25208,The Caveman's Valentine,2001-01-19,2001,01 Jan,3) Other months,,,,,,0,,3) 6.0-6.9,6.0,27,4.722403
613,Downfall,2004-09-08,2004,09 Sep,3) Other months,18339750.0,92180910.0,73841160.0,5.026290434711488,1.0,1,Q2,4) 7.0 and above,7.7,1037,32.445895
1913,The Sea Inside,2004-09-03,2004,09 Sep,3) Other months,12806000.0,38535221.0,25729221.0,3.0091535998750585,1.0,1,Q2,4) 7.0 and above,7.2,219,17.363739
97370,Under the Skin,2014-03-14,2014,03 Mar,3) Other months,13300000.0,5380251.0,-7919749.0,0.40453015037593987,0.0,1,Q2,3) 6.0-6.9,6.0,1102,29.782161
801,"Good Morning, Vietnam",1987-12-23,1987,12 Dec,2) Holiday (Nov-Dec),13000000.0,123922370.0,110922370.0,9.53249,1.0,1,Q2,4) 7.0 and above,7.1,642,18.362333
70829,The Last Godfather,2010-12-29,2010,12 Dec,2) Holiday (Nov-Dec),13400000.0,16700000.0,3300000.0,1.2462686567164178,1.0,1,Q2,,4.7,7,0.680753
54518,Justin Bieber: Never Say Never,2011-02-11,2011,02 Feb,3) Other months,13000000.0,98441954.0,85441954.0,7.572458,1.0,1,Q2,1) Below 5.0,4.8,154,6.735922
44214,Black Swan,2010-12-02,2010,12 Dec,2) Holiday (Nov-Dec),13000000.0,327803731.0,314803731.0,25.215671615384615,1.0,1,Q2,4) 7.0 and above,7.3,4430,91.285683
240,The Godfather: Part II,1974-12-20,1974,12 Dec,2) Holiday (Nov-Dec),13000000.0,47542841.0,34542841.0,3.6571416153846155,1.0,1,Q2,4) 7.0 and above,8.3,3338,105.792936
9816,Save the Last Dance,2001-01-12,2001,01 Jan,3) Other months,13000000.0,91038276.0,78038276.0,7.0029443076923075,1.0,1,Q2,3) 6.0-6.9,6.3,352,9.969624
10131,A Nightmare on Elm Street 4: The Dream Master,1988-08-19,1988,08 Aug,3) Other months,7000000.0,72500000.0,65500000.0,10.357142857142858,1.0,1,Q1 (lowest),2) 5.0-5.9,5.8,281,17.113408
339984,Miracles from Heaven,2016-03-17,2016,03 Mar,3) Other months,16000000.0,77000000.0,61000000.0,4.8125,1.0,1,Q2,3) 6.0-6.9,6.7,186,10.248439
8859,"Dude, Where’s My Car?",2000-12-15,2000,12 Dec,2) Holiday (Nov-Dec),13000000.0,73180723.0,60180723.0,5.629286384615384,1.0,1,Q2,2) 5.0-5.9,5.2,509,25.316146
11967,Young Guns,1988-08-12,1988,08 Aug,3) Other months,13000000.0,44726644.0,31726644.0,3.440511076923077,1.0,1,Q2,3) 6.0-6.9,6.6,258,9.499325
239563,St. Vincent,2014-10-09,2014,10 Oct,3) Other months,13000000.0,54837234.0,41837234.0,4.218248769230769,1.0,1,Q2,4) 7.0 and above,7.1,763,43.791745
222899,About Last Night,2014-02-14,2014,02 Feb,3) Other months,12500000.0,49002684.0,36502684.0,3.92021472,1.0,1,Q2,3) 6.0-6.9,6.0,210,11.828068
4951,10 Things I Hate About You,1999-03-30,1999,03 Mar,3) Other months,16000000.0,53478166.0,37478166.0,3.342385375,1.0,1,Q2,4) 7.0 and above,7.3,1701,54.550275
10985,The New Guy,2002-05-10,2002,05 May,1) Summer (May-Jul),13000000.0,,,,,0,,2) 5.0-5.9,5.7,151,13.525704
9644,National Lampoon's Loaded Weapon 1,1993-02-04,1993,02 Feb,3) Other months,,,,,,0,,2) 5.0-5.9,5.7,157,12.963328
332567,The Shallows,2016-06-24,2016,06 Jun,1) Summer (May-Jul),17000000.0,119100758.0,102100758.0,7.005926941176471,1.0,1,Q2,3) 6.0-6.9,6.2,1567,60.829621
1954,The Butterfly Effect,2004-01-22,2004,01 Jan,3) Other months,13000000.0,96060858.0,83060858.0,7.38929676923077,1.0,1,Q2,4) 7.0 and above,7.3,2060,73.307513
15489,Snow Day,2000-02-11,2000,02 Feb,3) Other months,,,,,,0,,1) Below 5.0,4.8,51,7.964289
15250,This Christmas,2007-11-27,2007,11 Nov,2) Holiday (Nov-Dec),13000000.0,,,,,0,,4) 7.0 and above,7.1,29,2.388918
22345,Baby Geniuses,1999-03-12,1999,03 Mar,3) Other months,12000000.0,36450736.0,24450736.0,3.037561333333333,1.0,1,Q2,1) Below 5.0,3.3,75,4.580081
9448,The Big Hit,1998-04-24,1998,04 Apr,3) Other months,13000000.0,27007143.0,14007143.0,2.0774725384615387,1.0,1,Q2,3) 6.0-6.9,6.1,109,6.425528
38223,Harriet the Spy,1996-07-10,1996,07 Jul,1) Summer (May-Jul),12000000.0,,,,,0,,2) 5.0-5.9,5.7,46,4.63093
11186,Child's Play 2,1990-11-09,1990,11 Nov,2) Holiday (Nov-Dec),13000000.0,35763605.0,22763605.0,2.7510465384615386,1.0,1,Q2,2) 5.0-5.9,5.8,308,16.681567
136835,No Good Deed,2014-09-10,2014,09 Sep,3) Other months,13200000.0,53830415.0,40630415.0,4.078061742424242,1.0,1,Q2,2) 5.0-5.9,5.6,181,24.656068
5876,The Mist,2007-11-21,2007,11 Nov,2) Holiday (Nov-Dec),18000000.0,57096190.0,39096190.0,3.1720105555555556,1.0,1,Q2,3) 6.0-6.9,6.7,1399,37.104353
264660,Ex Machina,2015-01-21,2015,01 Jan,3) Other months,15000000.0,36869414.0,21869414.0,2.457960933333333,1.0,1,Q2,4) 7.0 and above,7.6,4737,95.130041
492,Being John Malkovich,1999-09-30,1999,09 Sep,3) Other months,13000000.0,22863596.0,9863596.0,1.758738153846154,1.0,1,Q2,4) 7.0 and above,7.3,1101,27.546914
25462,Two Can Play That Game,2001-09-07,2001,09 Sep,3) Other months,6000000.0,,,,,0,,3) 6.0-6.9,6.6,17,2.27213
238603,Earth to Echo,2014-06-14,2014,06 Jun,1) Summer (May-Jul),13000000.0,45300000.0,32300000.0,3.4846153846153847,1.0,1,Q2,2) 5.0-5.9,5.7,290,17.371327
10691,Crazy/Beautiful,2001-06-29,2001,06 Jun,1) Summer (May-Jul),13000000.0,16929123.0,3929123.0,1.3022402307692307,1.0,1,Q2,3) 6.0-6.9,6.6,96,6.130096
1251,Letters from Iwo Jima,2006-12-19,2006,12 Dec,2) Holiday (Nov-Dec),19000000.0,68673228.0,49673228.0,3.6143804210526316,1.0,1,Q2,4) 7.0 and above,7.2,541,24.47248
5172,The Astronaut Farmer,2006-10-15,2006,10 Oct,3) Other months,13000000.0,11130889.0,-1869111.0,0.8562222307692308,0.0,1,Q2,3) 6.0-6.9,6.2,123,6.764437
58680,Woo,1998-05-08,1998,05 May,1) Summer (May-Jul),13000000.0,8026971.0,-4973029.0,0.6174593076923077,0.0,1,Q2,2) 5.0-5.9,5.5,10,1.750054
264644,Room,2015-10-16,2015,10 Oct,3) Other months,6000000.0,35401758.0,29401758.0,5.900293,1.0,1,Q1 (lowest),4) 7.0 and above,8.1,2757,66.11334
14577,Dirty Work,1998-06-12,1998,06 Jun,1) Summer (May-Jul),,,,,,0,,3) 6.0-6.9,6.5,66,9.066881
11592,Serial Mom,1994-04-13,1994,04 Apr,3) Other months,13000000.0,7820688.0,-5179312.0,0.6015913846153846,0.0,1,Q2,3) 6.0-6.9,6.4,135,6.170139
16406,Dick,1999-08-04,1999,08 Aug,3) Other months,13000000.0,27500000.0,14500000.0,2.1153846153846154,1.0,1,Q2,2) 5.0-5.9,5.7,67,4.742537
19052,Light It Up,1999-11-04,1999,11 Nov,2) Holiday (Nov-Dec),,,,,,0,,,6.6,7,1.212956
3682,54,1998-08-28,1998,08 Aug,3) Other months,13000000.0,16757163.0,3757163.0,1.2890125384615385,1.0,1,Q2,2) 5.0-5.9,5.5,135,11.880899
9683,Bubble Boy,2001-08-24,2001,08 Aug,3) Other months,,,,,,0,,2) 5.0-5.9,5.1,163,10.131123
2084,Birthday Girl,2001-09-06,2001,09 Sep,3) Other months,13000000.0,,,,,0,,3) 6.0-6.9,6.1,103,5.831302
107811,21 & Over,2013-03-01,2013,03 Mar,3) Other months,13000000.0,48065672.0,35065672.0,3.6973593846153845,1.0,1,Q2,2) 5.0-5.9,5.7,737,35.522027
2266,"Paris, je t'aime",2006-05-16,2006,05 May,1) Summer (May-Jul),13000000.0,4857367.0,-8142633.0,0.3736436153846154,0.0,1,Q2,3) 6.0-6.9,6.8,207,10.573191
13074,Resurrecting the Champ,2007-06-14,2007,06 Jun,1) Summer (May-Jul),,,,,,0,,2) 5.0-5.9,5.9,60,4.898437
144340,Admission,2013-03-21,2013,03 Mar,3) Other months,13000000.0,18000000.0,5000000.0,1.3846153846153846,1.0,1,Q2,2) 5.0-5.9,5.4,304,17.632446
48217,The Widow of Saint-Pierre,2000-01-01,2000,01 Jan,3) Other months,,,,,,0,,3) 6.0-6.9,6.7,11,1.780065
28211,Chloe,2009-03-25,2009,03 Mar,3) Other months,15000000.0,8459458.0,-6540542.0,0.5639638666666666,0.0,1,Q2,2) 5.0-5.9,5.9,498,26.373864
47502,Faithful,1996-04-03,1996,04 Apr,3) Other months,13000000.0,9789900.0,-3210100.0,0.7530692307692308,0.0,1,Q2,,4.8,4,1.647335
9950,Find Me Guilty,2006-03-16,2006,03 Mar,3) Other months,13000000.0,2636637.0,-10363363.0,0.20281823076923078,0.0,1,Q2,3) 6.0-6.9,6.5,138,12.321302
84892,The Perks of Being a Wallflower,2012-09-20,2012,09 Sep,3) Other months,13000000.0,33400000.0,20400000.0,2.5692307692307694,1.0,1,Q2,4) 7.0 and above,7.7,2968,43.444135
24227,Excessive Force,1993-05-14,1993,05 May,1) Summer (May-Jul),3000000.0,1200000.0,-1800000.0,0.4,0.0,1,Q1 (lowest),1) Below 5.0,4.5,10,1.279106
9672,Infamous,2006-11-16,2006,11 Nov,2) Holiday (Nov-Dec),13000000.0,1151330.0,-11848670.0,0.08856384615384616,0.0,1,Q2,3) 6.0-6.9,6.4,60,3.680896
44853,The Claim,2000-12-29,2000,12 Dec,2) Holiday (Nov-Dec),,,,,,0,,2) 5.0-5.9,5.6,17,2.996284
157544,The Vatican Tapes,2015-07-24,2015,07 Jul,1) Summer (May-Jul),13000000.0,1784763.0,-11215237.0,0.13728946153846153,0.0,1,Q2,1) Below 5.0,4.6,243,10.475368
59678,Attack the Block,2011-05-12,2011,05 May,1) Summer (May-Jul),14350531.0,3964682.0,-10385849.0,0.2762742368209232,0.0,1,Q2,3) 6.0-6.9,6.3,733,30.952377
79777,In the Land of Blood and Honey,2011-12-23,2011,12 Dec,2) Holiday (Nov-Dec),10000000.0,303877.0,-9696123.0,0.0303877,0.0,1,Q1 (lowest),2) 5.0-5.9,5.8,45,4.267466
158011,The Call,2013-03-14,2013,03 Mar,3) Other months,13000000.0,68572378.0,55572378.0,5.274798307692308,1.0,1,Q2,3) 6.0-6.9,6.6,1257,34.532418
407887,Operation Chromite,2016-07-27,2016,07 Jul,1) Summer (May-Jul),,,,,,0,,2) 5.0-5.9,5.8,29,6.116436
17043,The Crocodile Hunter: Collision Course,2002-07-26,2002,07 Jul,1) Summer (May-Jul),,33082548.0,,,,0,,2) 5.0-5.9,5.3,34,1.714972
8952,I Love You Phillip Morris,2009-01-18,2009,01 Jan,3) Other months,13000000.0,10652035.0,-2347965.0,0.8193873076923077,0.0,1,Q2,3) 6.0-6.9,6.4,503,19.664699
62204,Quest for Fire,1981-12-15,1981,12 Dec,2) Holiday (Nov-Dec),12000000.0,55260558.0,43260558.0,4.6050465,1.0,1,Q2,4) 7.0 and above,7.1,109,6.537986
13435,Antwone Fisher,2002-12-19,2002,12 Dec,2) Holiday (Nov-Dec),12500000.0,23367586.0,10867586.0,1.86940688,1.0,1,Q2,3) 6.0-6.9,6.7,137,13.349012
17187,The Emperor's Club,2002-11-22,2002,11 Nov,2) Holiday (Nov-Dec),,,,,,0,,3) 6.0-6.9,6.9,96,6.796079
319,True Romance,1993-09-09,1993,09 Sep,3) Other months,12500000.0,12281551.0,-218449.0,0.98252408,0.0,1,Q2,4) 7.0 and above,7.5,749,35.268557
59457,Womb,2010-07-15,2010,07 Jul,1) Summer (May-Jul),3100000.0,,,,,0,,2) 5.0-5.9,5.9,92,7.453347
9504,Glengarry Glen Ross,1992-09-15,1992,09 Sep,3) Other months,12500000.0,10725228.0,-1774772.0,0.85801824,0.0,1,Q2,4) 7.0 and above,7.5,323,13.939054
37414,The Killer Inside Me,2010-02-19,2010,02 Feb,3) Other months,13000000.0,,,,,0,,3) 6.0-6.9,6.0,173,11.892615
6217,Cat People,1982-04-02,1982,04 Apr,3) Other months,,,,,,0,,3) 6.0-6.9,6.0,94,5.69872
26688,Sorority Row,2009-09-09,2009,09 Sep,3) Other months,12500000.0,27206120.0,14706120.0,2.1764896,1.0,1,Q2,2) 5.0-5.9,5.4,177,8.780512
43867,The Prisoner of Zenda,1937-09-03,1937,09 Sep,3) Other months,,,,,,0,,4) 7.0 and above,8.4,11,4.021389
6615,Lars and the Real Girl,2007-10-12,2007,10 Oct,3) Other months,12000000.0,11293663.0,-706337.0,0.9411385833333333,0.0,1,Q2,4) 7.0 and above,7.1,509,15.817096
14574,The Boy in the Striped Pyjamas,2008-05-07,2008,05 May,1) Summer (May-Jul),12500000.0,20416563.0,7916563.0,1.63332504,1.0,1,Q2,4) 7.0 and above,7.7,1451,34.821223
16,Dancer in the Dark,2000-05-17,2000,05 May,1) Summer (May-Jul),12800000.0,40031879.0,27231879.0,3.127490546875,1.0,1,Q2,4) 7.0 and above,7.6,377,22.022228
39780,Oscar and Lucinda,1997-12-31,1997,12 Dec,2) Holiday (Nov-Dec),,,,,,0,,3) 6.0-6.9,6.2,25,0.139384
21612,The Funeral,1996-01-26,1996,01 Jan,3) Other months,12500000.0,1227324.0,-11272676.0,0.09818592,0.0,1,Q2,4) 7.0 and above,7.3,31,2.950618
36691,Solitary Man,2009-09-07,2009,09 Sep,3) Other months,15000000.0,5024782.0,-9975218.0,0.3349854666666667,0.0,1,Q2,2) 5.0-5.9,5.8,84,7.497306
23631,Machete,2010-09-01,2010,09 Sep,3) Other months,20000000.0,31327899.0,11327899.0,1.56639495,1.0,1,Q2,3) 6.0-6.9,6.3,1150,26.396191
45324,Casino Jack,2010-09-16,2010,09 Sep,3) Other months,12500000.0,1083683.0,-11416317.0,0.08669464,0.0,1,Q2,3) 6.0-6.9,6.0,94,6.546037
12144,The Land Before Time,1988-11-18,1988,11 Nov,2) Holiday (Nov-Dec),12300000.0,84460846.0,72160846.0,6.866735447154472,1.0,1,Q2,4) 7.0 and above,7.0,640,28.670193
11658,Tae Guk Gi: The Brotherhood of War,2004-02-05,2004,02 Feb,3) Other months,,15.0,,,,0,,4) 7.0 and above,7.4,133,9.572705
56601,The Perfect Game,2010-04-01,2010,04 Apr,3) Other months,12500000.0,3878993.0,-8621007.0,0.31031944,0.0,1,Q2,3) 6.0-6.9,6.3,30,0.903529
9552,The Exorcist,1973-12-26,1973,12 Dec,2) Holiday (Nov-Dec),8000000.0,441306145.0,433306145.0,55.163268125,1.0,1,Q1 (lowest),4) 7.0 and above,7.5,2005,47.584643
578,Jaws,1975-06-18,1975,06 Jun,1) Summer (May-Jul),7000000.0,470654000.0,463654000.0,67.23628571428571,1.0,1,Q1 (lowest),4) 7.0 and above,7.5,2542,50.152327
2105,American Pie,1999-07-09,1999,07 Jul,1) Summer (May-Jul),11000000.0,235483004.0,224483004.0,21.40754581818182,1.0,1,Q1 (lowest),3) 6.0-6.9,6.4,2296,60.767168
126319,Ernest & Celestine,2012-12-12,2012,12 Dec,2) Holiday (Nov-Dec),12516654.0,8109160.0,-4407494.0,0.6478696303341133,0.0,1,Q2,4) 7.0 and above,7.6,142,11.103202
10136,The Golden Child,1986-12-12,1986,12 Dec,2) Holiday (Nov-Dec),25000000.0,79817939.0,54817939.0,3.19271756,1.0,1,Q2,2) 5.0-5.9,5.6,304,15.26213
67660,Think Like a Man,2012-04-16,2012,04 Apr,3) Other months,12000000.0,96070507.0,84070507.0,8.005875583333333,1.0,1,Q2,3) 6.0-6.9,6.9,281,6.035152
10611,Barbershop,2002-04-01,2002,04 Apr,3) Other months,12000000.0,75781642.0,63781642.0,6.315136833333334,1.0,1,Q2,3) 6.0-6.9,6.2,137,10.297189
154,Star Trek II: The Wrath of Khan,1982-06-03,1982,06 Jun,1) Summer (May-Jul),12000000.0,96800000.0,84800000.0,8.066666666666666,1.0,1,Q2,4) 7.0 and above,7.3,675,22.434102
3049,Ace Ventura: Pet Detective,1994-02-04,1994,02 Feb,3) Other months,15000000.0,107217396.0,92217396.0,7.1478264,1.0,1,Q2,3) 6.0-6.9,6.4,1648,41.249004
860,WarGames,1983-06-03,1983,06 Jun,1) Summer (May-Jul),12000000.0,79567667.0,67567667.0,6.630638916666666,1.0,1,Q2,4) 7.0 and above,7.0,504,23.161754
9281,Witness,1985-02-08,1985,02 Feb,3) Other months,12000000.0,68706993.0,56706993.0,5.72558275,1.0,1,Q2,4) 7.0 and above,7.0,375,19.195399
75674,Act of Valor,2012-02-24,2012,02 Feb,3) Other months,12000000.0,81272766.0,69272766.0,6.7727305,1.0,1,Q2,3) 6.0-6.9,6.3,417,21.958055
9762,Step Up,2006-08-11,2006,08 Aug,3) Other months,12000000.0,114194847.0,102194847.0,9.51623725,1.0,1,Q2,3) 6.0-6.9,6.7,1060,45.477802
3179,Beavis and Butt-Head Do America,1996-12-15,1996,12 Dec,2) Holiday (Nov-Dec),12000000.0,,,,,0,,3) 6.0-6.9,6.5,168,12.60629
184,Jackie Brown,1997-12-24,1997,12 Dec,2) Holiday (Nov-Dec),12000000.0,39673162.0,27673162.0,3.306096833333333,1.0,1,Q2,4) 7.0 and above,7.3,1514,40.631671
13335,Harold & Kumar Escape from Guantanamo Bay,2008-04-25,2008,04 Apr,3) Other months,12000000.0,43493123.0,31493123.0,3.6244269166666667,1.0,1,Q2,3) 6.0-6.9,6.2,497,26.219598
76726,Chronicle,2012-02-01,2012,02 Feb,3) Other months,15000000.0,145000000.0,130000000.0,9.666666666666666,1.0,1,Q2,3) 6.0-6.9,6.6,1935,64.504747
10269,Yentl,1983-11-18,1983,11 Nov,2) Holiday (Nov-Dec),12000000.0,30400000.0,18400000.0,2.533333333333333,1.0,1,Q2,3) 6.0-6.9,6.2,51,3.389249
36819,Time Bandits,1981-07-13,1981,07 Jul,1) Summer (May-Jul),5000000.0,42365581.0,37365581.0,8.4731162,1.0,1,Q1 (lowest),3) 6.0-6.9,6.6,249,14.779537
17130,Crossroads,2002-02-15,2002,02 Feb,3) Other months,12000000.0,61141030.0,49141030.0,5.095085833333333,1.0,1,Q2,1) Below 5.0,4.7,158,6.703319
57214,Project X,2012-03-01,2012,03 Mar,3) Other months,12000000.0,100000000.0,88000000.0,8.333333333333334,1.0,1,Q2,3) 6.0-6.9,6.5,1564,49.070321
11202,Patton,1970-01-25,1970,01 Jan,3) Other months,12000000.0,89800000.0,77800000.0,7.483333333333333,1.0,1,Q2,4) 7.0 and above,7.3,323,21.933822
9357,One Hour Photo,2002-08-21,2002,08 Aug,3) Other months,12000000.0,52223306.0,40223306.0,4.3519421666666664,1.0,1,Q2,3) 6.0-6.9,6.6,435,20.624896
13812,Quarantine,2008-10-10,2008,10 Oct,3) Other months,12000000.0,40855419.0,28855419.0,3.40461825,1.0,1,Q2,2) 5.0-5.9,5.5,339,8.083995
9030,The Eye,2008-02-01,2008,02 Feb,3) Other months,12000000.0,56309766.0,44309766.0,4.6924805,1.0,1,Q2,2) 5.0-5.9,5.5,281,11.135734
19084,Johnson Family Vacation,2004-04-07,2004,04 Apr,3) Other months,12000000.0,31179516.0,19179516.0,2.598293,1.0,1,Q2,1) Below 5.0,4.7,30,4.623609
8386,How High,2001-12-21,2001,12 Dec,2) Holiday (Nov-Dec),12000000.0,31155435.0,19155435.0,2.59628625,1.0,1,Q2,3) 6.0-6.9,6.3,218,11.510281
10437,The Muppet Christmas Carol,1992-12-10,1992,12 Dec,2) Holiday (Nov-Dec),,27281507.0,,,,0,,4) 7.0 and above,7.2,212,15.085981
1360,Frida,2002-08-29,2002,08 Aug,3) Other months,12000000.0,56298474.0,44298474.0,4.6915395,1.0,1,Q2,4) 7.0 and above,7.3,383,18.422327
101267,Katy Perry: Part of Me,2012-06-28,2012,06 Jun,1) Summer (May-Jul),12000000.0,32726956.0,20726956.0,2.7272463333333334,1.0,1,Q2,3) 6.0-6.9,6.5,85,8.410688
222935,The Fault in Our Stars,2014-05-16,2014,05 May,1) Summer (May-Jul),12000000.0,307166834.0,295166834.0,25.597236166666665,1.0,1,Q2,4) 7.0 and above,7.6,3759,74.358971
10220,Rounders,1998-09-11,1998,09 Sep,3) Other months,12000000.0,22921898.0,10921898.0,1.9101581666666667,1.0,1,Q2,3) 6.0-6.9,6.9,439,18.422008
284296,Top Five,2014-12-12,2014,12 Dec,2) Holiday (Nov-Dec),,25434291.0,,,,0,,3) 6.0-6.9,6.3,210,15.896312
31915,Prophecy,1979-01-01,1979,01 Jan,3) Other months,12000000.0,54000000.0,42000000.0,4.5,1.0,1,Q2,2) 5.0-5.9,5.4,25,8.61659
11601,Stir of Echoes,1999-09-10,1999,09 Sep,3) Other months,12000000.0,21133087.0,9133087.0,1.7610905833333332,1.0,1,Q2,3) 6.0-6.9,6.5,330,6.044161
205220,Philomena,2013-11-01,2013,11 Nov,2) Holiday (Nov-Dec),12000000.0,100129872.0,88129872.0,8.344156,1.0,1,Q2,4) 7.0 and above,7.4,579,29.019504
11354,The Upside of Anger,2005-01-23,2005,01 Jan,3) Other months,,,,,,0,,3) 6.0-6.9,6.4,72,6.2464
16241,The Boys from Brazil,1978-10-05,1978,10 Oct,3) Other months,,,,,,0,,3) 6.0-6.9,6.6,101,5.315213
14191,Aquamarine,2006-03-03,2006,03 Mar,3) Other months,12000000.0,23006849.0,11006849.0,1.9172374166666666,1.0,1,Q2,2) 5.0-5.9,5.8,364,16.931846
286565,Paper Towns,2015-06-18,2015,06 Jun,1) Summer (May-Jul),12000000.0,85512300.0,73512300.0,7.126025,1.0,1,Q2,3) 6.0-6.9,6.1,1937,64.610671
26710,My Baby's Daddy,2004-01-09,2004,01 Jan,3) Other months,,51.0,,,,0,,1) Below 5.0,4.3,15,4.480167
129670,Nebraska,2013-09-21,2013,09 Sep,3) Other months,12000000.0,17654912.0,5654912.0,1.4712426666666667,1.0,1,Q2,4) 7.0 and above,7.4,636,29.223881
9059,Tales from the Crypt: Demon Knight,1995-01-13,1995,01 Jan,3) Other months,,,,,,0,,3) 6.0-6.9,6.7,94,7.710797
34549,Max Keeble's Big Move,2001-10-05,2001,10 Oct,3) Other months,12000000.0,17292381.0,5292381.0,1.44103175,1.0,1,Q2,2) 5.0-5.9,5.4,33,1.081822
57157,Young Adult,2011-12-16,2011,12 Dec,2) Holiday (Nov-Dec),12000000.0,22939027.0,10939027.0,1.9115855833333333,1.0,1,Q2,2) 5.0-5.9,5.6,364,16.183746
1948,Crank,2006-08-31,2006,08 Aug,3) Other months,12000000.0,42931041.0,30931041.0,3.57758675,1.0,1,Q2,3) 6.0-6.9,6.6,1151,47.992817
28353,Def Jam's How to Be a Player,1997-08-06,1997,08 Aug,3) Other months,,13960203.0,,,,0,,,5.3,8,1.20245
46889,Living Out Loud,1998-10-30,1998,10 Oct,3) Other months,12000000.0,12902790.0,902790.0,1.0752325,1.0,1,Q2,2) 5.0-5.9,5.3,11,0.700792
38093,Just Wright,2010-05-14,2010,05 May,1) Summer (May-Jul),,21520719.0,,,,0,,3) 6.0-6.9,6.1,99,10.409253
14976,Rachel Getting Married,2008-10-03,2008,10 Oct,3) Other months,,,,,,0,,3) 6.0-6.9,6.1,163,14.345428
11027,The Postman Always Rings Twice,1981-03-20,1981,03 Mar,3) Other months,12000000.0,,,,,0,,3) 6.0-6.9,6.4,110,6.803763
3635,Girl with a Pearl Earring,2003-08-31,2003,08 Aug,3) Other months,,31466789.0,,,,0,,3) 6.0-6.9,6.4,377,19.944479
387,Das Boot,1981-09-16,1981,09 Sep,3) Other months,14000000.0,85000000.0,71000000.0,6.071428571428571,1.0,1,Q2,4) 7.0 and above,7.9,613,26.967494
6020,Sorority Boys,2002-03-22,2002,03 Mar,3) Other months,12000000.0,,,,,0,,1) Below 5.0,4.6,47,3.444542
122906,About Time,2013-08-16,2013,08 Aug,3) Other months,,87100449.0,,,,0,,4) 7.0 and above,7.8,2067,74.817641
9550,House of Flying Daggers,2004-05-19,2004,05 May,1) Summer (May-Jul),,92863945.0,,,,0,,4) 7.0 and above,7.1,439,21.064082
60599,Arbitrage,2012-09-14,2012,09 Sep,3) Other months,12000000.0,35485056.0,23485056.0,2.957088,1.0,1,Q2,3) 6.0-6.9,6.1,294,16.40512
227719,Project Almanac,2015-01-30,2015,01 Jan,3) Other months,12000000.0,32248241.0,20248241.0,2.687353416666667,1.0,1,Q2,3) 6.0-6.9,6.4,933,32.940597
14299,Cadillac Records,2008-12-05,2008,12 Dec,2) Holiday (Nov-Dec),12000000.0,,,,,0,,3) 6.0-6.9,6.9,86,13.427427
19419,Screwed,2000-05-12,2000,05 May,1) Summer (May-Jul),,,,,,0,,1) Below 5.0,4.9,23,5.359381
12088,Fortress,1992-09-30,1992,09 Sep,3) Other months,8000000.0,6739141.0,-1260859.0,0.842392625,0.0,1,Q1 (lowest),2) 5.0-5.9,5.7,168,8.708229
14799,For Your Consideration,2006-11-22,2006,11 Nov,2) Holiday (Nov-Dec),12000000.0,5542025.0,-6457975.0,0.46183541666666666,0.0,1,Q2,2) 5.0-5.9,5.9,43,4.330428
9466,Celebrity,1998-09-07,1998,09 Sep,3) Other months,,,,,,0,,3) 6.0-6.9,6.0,111,7.594593
7510,Running with Scissors,2006-10-27,2006,10 Oct,3) Other months,12000000.0,6754898.0,-5245102.0,0.5629081666666667,0.0,1,Q2,2) 5.0-5.9,5.8,78,4.770195
31246,From Justin to Kelly,2003-06-20,2003,06 Jun,1) Summer (May-Jul),12000000.0,4922166.0,-7077834.0,0.4101805,0.0,1,Q2,1) Below 5.0,3.0,23,1.623338
61752,Girl 6,1996-03-22,1996,03 Mar,3) Other months,12000000.0,4939939.0,-7060061.0,0.41166158333333336,0.0,1,Q2,2) 5.0-5.9,5.7,16,2.993939
10944,In the Cut,2003-09-09,2003,09 Sep,3) Other months,12000000.0,23.0,,,,0,,1) Below 5.0,4.6,89,10.536092
10362,Two Lovers,2008-11-19,2008,11 Nov,2) Holiday (Nov-Dec),12000000.0,3148182.0,-8851818.0,0.2623485,0.0,1,Q2,3) 6.0-6.9,6.6,154,8.290636
14778,Last Orders,2001-09-10,2001,09 Sep,3) Other months,,,,,,0,,3) 6.0-6.9,6.0,22,3.603842
1255,The Host,2006-07-27,2006,07 Jul,1) Summer (May-Jul),11000000.0,88489643.0,77489643.0,8.044513,1.0,1,Q1 (lowest),3) 6.0-6.9,6.7,537,27.65527
45226,The Pursuit of D.B. Cooper,1981-11-13,1981,11 Nov,2) Holiday (Nov-Dec),,,,,,0,,,6.8,4,1.379643
10212,Ravenous,1999-03-16,1999,03 Mar,3) Other months,12000000.0,,,,,0,,3) 6.0-6.9,6.9,141,9.164386
8669,Charlie Bartlett,2008-02-22,2008,02 Feb,3) Other months,12000000.0,,,,,0,,3) 6.0-6.9,6.5,225,9.779444
179144,The Great Beauty,2013-05-21,2013,05 May,1) Summer (May-Jul),12400000.0,8371085.0,-4028915.0,0.6750875,0.0,1,Q2,4) 7.0 and above,7.3,720,32.523573
16857,The Dangerous Lives of Altar Boys,2002-06-14,2002,06 Jun,1) Summer (May-Jul),,,,,,0,,3) 6.0-6.9,6.4,53,2.24888
86825,Stoker,2013-02-28,2013,02 Feb,3) Other months,12000000.0,12077441.0,77441.0,1.0064534166666668,1.0,1,Q2,3) 6.0-6.9,6.5,882,27.322212
844,2046,2004-05-20,2004,05 May,1) Summer (May-Jul),12000000.0,19271312.0,7271312.0,1.6059426666666667,1.0,1,Q2,3) 6.0-6.9,6.9,206,12.664787
8060,Married Life,2007-09-12,2007,09 Sep,3) Other months,12000000.0,,,,,0,,3) 6.0-6.9,6.1,38,3.004432
15907,Duma,2005-04-22,2005,04 Apr,3) Other months,12000000.0,,,,,0,,3) 6.0-6.9,6.9,41,4.795244
38448,Ondine,2009-09-14,2009,09 Sep,3) Other months,12000000.0,1644755.0,-10355245.0,0.13706291666666667,0.0,1,Q2,3) 6.0-6.9,6.5,84,5.841285
327,Brother,2000-09-09,2000,09 Sep,3) Other months,12000000.0,15250000.0,3250000.0,1.2708333333333333,1.0,1,Q2,3) 6.0-6.9,6.8,107,5.327714
9260,Welcome to Collinwood,2002-05-24,2002,05 May,1) Summer (May-Jul),1200000.0,,,,,0,,3) 6.0-6.9,6.2,50,3.582733
61337,Critical Care,1997-10-31,1997,10 Oct,3) Other months,,,,,,0,,,6.1,9,2.678715
13079,The Life Before Her Eyes,2007-09-08,2007,09 Sep,3) Other months,8000000.0,,,,,0,,3) 6.0-6.9,6.1,88,9.728143
89325,Darling Companion,2012-04-20,2012,04 Apr,3) Other months,,,,,,0,,2) 5.0-5.9,5.3,22,2.303865
4170,Trade,2007-01-23,2007,01 Jan,3) Other months,12000000.0,,,,,0,,3) 6.0-6.9,6.8,67,11.237374
41508,Fateless,2005-02-10,2005,02 Feb,3) Other months,,,,,,0,,3) 6.0-6.9,6.5,28,1.906807
12479,Breakfast of Champions,1999-02-13,1999,02 Feb,3) Other months,12000000.0,,,,,0,,2) 5.0-5.9,5.2,28,2.695896
44555,"A Woman, a Gun and a Noodle Shop",2009-12-11,2009,12 Dec,2) Holiday (Nov-Dec),,,,,,0,,1) Below 5.0,4.8,13,1.416796
10133,Cypher,2002-10-01,2002,10 Oct,3) Other months,7500000.0,,,,,0,,3) 6.0-6.9,6.7,192,11.636883
21345,City of Life and Death,2009-04-22,2009,04 Apr,3) Other months,12000000.0,10652498.0,-1347502.0,0.8877081666666666,0.0,1,Q2,4) 7.0 and above,7.6,55,4.793348
173931,Legend of a Rabbit,2011-01-01,2011,01 Jan,3) Other months,19000000.0,2570000.0,-16430000.0,0.13526315789473684,0.0,1,Q2,,3.0,3,0.738652
61984,Space Battleship Yamato,2010-12-01,2010,12 Dec,2) Holiday (Nov-Dec),12000000.0,11212294.0,-787706.0,0.9343578333333333,0.0,1,Q2,3) 6.0-6.9,6.3,59,5.158067
50601,5 Days of War,2011-04-14,2011,04 Apr,3) Other months,20000000.0,17479.0,-19982521.0,0.00087395,0.0,1,Q2,2) 5.0-5.9,5.8,62,5.727602
26466,Triangle,2009-10-16,2009,10 Oct,3) Other months,12000000.0,,,,,0,,3) 6.0-6.9,6.9,612,25.496926
345003,10 Days in a Madhouse,2015-11-20,2015,11 Nov,2) Holiday (Nov-Dec),1200000.0,,,,,0,,,4.3,5,0.489271
236751,Heaven is for Real,2014-04-16,2014,04 Apr,3) Other months,12000000.0,101332962.0,89332962.0,8.4444135,1.0,1,Q2,3) 6.0-6.9,6.0,229,11.150261
107,Snatch,2000-09-01,2000,09 Sep,3) Other months,10000000.0,83557872.0,73557872.0,8.3557872,1.0,1,Q1 (lowest),4) 7.0 and above,7.7,2912,53.595686
357837,Dancin' It's On,2015-10-16,2015,10 Oct,3) Other months,,,,,,0,,,4.3,2,0.186234
8913,Pet Sematary,1989-04-21,1989,04 Apr,3) Other months,11500000.0,57469467.0,45969467.0,4.997344956521739,1.0,1,Q2,3) 6.0-6.9,6.4,407,20.747994
13889,Madadayo,1993-04-17,1993,04 Apr,3) Other months,,,,,,0,,4) 7.0 and above,7.5,20,2.930853
18530,The Cry of the Owl,2009-02-07,2009,02 Feb,3) Other months,11500000.0,,,,,0,,2) 5.0-5.9,5.5,29,4.75919
358451,A Tale of Three Cities,2015-08-28,2015,08 Aug,3) Other months,,,,,,0,,,6.3,5,0.753362
927,Gremlins,1984-06-07,1984,06 Jun,1) Summer (May-Jul),11000000.0,153083102.0,142083102.0,13.916645636363636,1.0,1,Q1 (lowest),3) 6.0-6.9,6.9,1596,45.072136
11,Star Wars,1977-05-25,1977,05 May,1) Summer (May-Jul),11000000.0,775398007.0,764398007.0,70.49072790909091,1.0,1,Q1 (lowest),4) 7.0 and above,8.1,6624,126.393695
291870,Dirty Grandpa,2016-01-21,2016,01 Jan,3) Other months,11500000.0,94073028.0,82573028.0,8.180263304347825,1.0,1,Q2,2) 5.0-5.9,5.7,1406,56.805781
907,Doctor Zhivago,1965-12-22,1965,12 Dec,2) Holiday (Nov-Dec),11000000.0,111858363.0,100858363.0,10.168942090909091,1.0,1,Q1 (lowest),4) 7.0 and above,7.4,247,12.854853
206563,Trash,2014-10-09,2014,10 Oct,3) Other months,,,,,,0,,4) 7.0 and above,7.1,242,14.637357
11887,High School Musical 3: Senior Year,2008-10-22,2008,10 Oct,3) Other months,,,,,,0,,3) 6.0-6.9,6.2,821,21.801188
45317,The Fighter,2010-12-17,2010,12 Dec,2) Holiday (Nov-Dec),25000000.0,93617009.0,68617009.0,3.74468036,1.0,1,Q2,4) 7.0 and above,7.2,1486,31.019381
12094,Jackass Number Two,2006-09-22,2006,09 Sep,3) Other months,11000000.0,72778712.0,61778712.0,6.616246545454546,1.0,1,Q1 (lowest),3) 6.0-6.9,6.4,298,11.227087
10377,My Cousin Vinny,1992-03-13,1992,03 Mar,3) Other months,11000000.0,64088552.0,53088552.0,5.826232,1.0,1,Q1 (lowest),4) 7.0 and above,7.3,384,19.231507
249164,If I Stay,2014-08-21,2014,08 Aug,3) Other months,11000000.0,78874843.0,67874843.0,7.170440272727273,1.0,1,Q1 (lowest),4) 7.0 and above,7.3,1368,31.162838
256092,Drive Hard,2014-05-26,2014,05 May,1) Summer (May-Jul),12000000.0,,,,,0,,1) Below 5.0,3.9,74,3.94487
9942,Major League,1989-02-16,1989,02 Feb,3) Other months,11000000.0,49797148.0,38797148.0,4.527013454545455,1.0,1,Q1 (lowest),3) 6.0-6.9,6.6,217,7.559192
10748,St. Trinian's,2007-12-21,2007,12 Dec,2) Holiday (Nov-Dec),,,,,,0,,2) 5.0-5.9,5.6,142,7.377587
1817,Phone Booth,2002-09-09,2002,09 Sep,3) Other months,13000000.0,97837138.0,84837138.0,7.525933692307692,1.0,1,Q2,3) 6.0-6.9,6.7,1062,38.018085
10229,A Walk to Remember,2002-01-25,2002,01 Jan,3) Other months,11000000.0,41227069.0,30227069.0,3.7479153636363636,1.0,1,Q1 (lowest),4) 7.0 and above,7.5,1018,33.283554
687,Dead Man Walking,1995-12-29,1995,12 Dec,2) Holiday (Nov-Dec),11000000.0,39363635.0,28363635.0,3.5785122727272727,1.0,1,Q1 (lowest),4) 7.0 and above,7.3,337,15.864928
796,Cruel Intentions,1999-03-05,1999,03 Mar,3) Other months,10500000.0,75902208.0,65402208.0,7.228781714285715,1.0,1,Q1 (lowest),3) 6.0-6.9,6.6,827,23.449703
22804,Saw VI,2009-10-22,2009,10 Oct,3) Other months,11000000.0,68233629.0,57233629.0,6.203057181818182,1.0,1,Q1 (lowest),3) 6.0-6.9,6.0,722,31.900899
10156,History of the World: Part I,1981-06-12,1981,06 Jun,1) Summer (May-Jul),11000000.0,31672907.0,20672907.0,2.8793551818181817,1.0,1,Q1 (lowest),3) 6.0-6.9,6.5,204,14.282314
12837,The Secret Life of Bees,2008-09-17,2008,09 Sep,3) Other months,11000000.0,38105395.0,27105395.0,3.464126818181818,1.0,1,Q1 (lowest),4) 7.0 and above,7.4,158,7.645979
17708,Corky Romano,2001-10-12,2001,10 Oct,3) Other months,11000000.0,23978402.0,12978402.0,2.179854727272727,1.0,1,Q1 (lowest),1) Below 5.0,4.1,54,3.495758
13937,Raising Cain,1992-08-07,1992,08 Aug,3) Other months,12000000.0,37170057.0,25170057.0,3.09750475,1.0,1,Q2,2) 5.0-5.9,5.9,65,7.558959
28932,F.I.S.T.,1978-04-26,1978,04 Apr,3) Other months,11.0,11.0,,,,0,,3) 6.0-6.9,6.4,29,3.375208
31909,Invaders from Mars,1986-01-01,1986,01 Jan,3) Other months,12000000.0,4884663.0,-7115337.0,0.40705525,0.0,1,Q2,2) 5.0-5.9,5.5,57,4.234269
167073,Brooklyn,2015-10-20,2015,10 Oct,3) Other months,11000000.0,62076141.0,51076141.0,5.643285545454545,1.0,1,Q1 (lowest),4) 7.0 and above,7.2,1213,39.337949
3175,Barry Lyndon,1975-12-18,1975,12 Dec,2) Holiday (Nov-Dec),11000000.0,20000000.0,9000000.0,1.8181818181818181,1.0,1,Q1 (lowest),4) 7.0 and above,7.7,505,29.543331
14369,Out Cold,2001-11-21,2001,11 Nov,2) Holiday (Nov-Dec),24000000.0,14782676.0,-9217324.0,0.6159448333333334,0.0,1,Q2,2) 5.0-5.9,5.8,53,4.12064
16888,The Ladies Man,2000-10-13,2000,10 Oct,3) Other months,24000000.0,13700000.0,-10300000.0,0.5708333333333333,0.0,1,Q2,2) 5.0-5.9,5.7,34,2.259537
121826,Quartet,2012-09-08,2012,09 Sep,3) Other months,11000000.0,59520298.0,48520298.0,5.410936181818182,1.0,1,Q1 (lowest),3) 6.0-6.9,6.3,139,7.722021
10646,Tomcats,2001-03-30,2001,03 Mar,3) Other months,11000000.0,23430766.0,12430766.0,2.130069636363636,1.0,1,Q1 (lowest),1) Below 5.0,4.9,74,7.063053
12149,Frailty,2001-11-17,2001,11 Nov,2) Holiday (Nov-Dec),11000000.0,13110448.0,2110448.0,1.191858909090909,1.0,1,Q1 (lowest),4) 7.0 and above,7.0,334,16.003958
304357,Woman in Gold,2015-04-10,2015,04 Apr,3) Other months,11000000.0,61619773.0,50619773.0,5.601797545454546,1.0,1,Q1 (lowest),4) 7.0 and above,7.3,440,21.204929
11184,Kinsey,2004-09-04,2004,09 Sep,3) Other months,,,,,,0,,3) 6.0-6.9,6.6,131,6.799314
766,Army of Darkness,1992-10-09,1992,10 Oct,3) Other months,11000000.0,,,,,0,,4) 7.0 and above,7.3,838,33.758281
20009,Slackers,2002-02-01,2002,02 Feb,3) Other months,14000000.0,6413915.0,-7586085.0,0.45813678571428573,0.0,1,Q2,2) 5.0-5.9,5.4,60,9.371811
1587,What's Eating Gilbert Grape,1993-12-17,1993,12 Dec,2) Holiday (Nov-Dec),11000000.0,30000000.0,19000000.0,2.727272727272727,1.0,1,Q1 (lowest),4) 7.0 and above,7.5,919,33.282794
30973,The Visual Bible: The Gospel of John,2003-09-11,2003,09 Sep,3) Other months,10000000.0,4069090.0,-5930910.0,0.406909,0.0,1,Q1 (lowest),4) 7.0 and above,8.2,12,3.208172
11109,Vera Drake,2004-10-22,2004,10 Oct,3) Other months,11000000.0,,,,,0,,3) 6.0-6.9,6.8,80,4.131918
9027,The Guru,2002-08-21,2002,08 Aug,3) Other months,,,,,,0,,2) 5.0-5.9,5.1,75,4.093288
63020,The Perez Family,1995-05-12,1995,05 May,1) Summer (May-Jul),11000000.0,2832826.0,-8167174.0,0.25752963636363635,0.0,1,Q1 (lowest),,6.6,9,1.187671
86829,Inside Llewyn Davis,2013-10-06,2013,10 Oct,3) Other months,11000000.0,32935319.0,21935319.0,2.994119909090909,1.0,1,Q1 (lowest),4) 7.0 and above,7.2,834,36.319205
11065,O,2001-08-31,2001,08 Aug,3) Other months,,16017403.0,,,,0,,2) 5.0-5.9,5.8,75,4.146752
13888,Return to the Blue Lagoon,1991-08-02,1991,08 Aug,3) Other months,11000000.0,2807854.0,-8192146.0,0.25525945454545457,0.0,1,Q1 (lowest),2) 5.0-5.9,5.1,153,9.705589
42345,The Molly Maguires,1970-01-27,1970,01 Jan,3) Other months,11000000.0,2200000.0,-8800000.0,0.2,0.0,1,Q1 (lowest),2) 5.0-5.9,5.9,16,1.396985
13994,Romance & Cigarettes,2005-09-13,2005,09 Sep,3) Other months,,2945242.0,,,,0,,3) 6.0-6.9,6.0,33,4.056774
1590,Copying Beethoven,2006-09-10,2006,09 Sep,3) Other months,11000000.0,,,,,0,,3) 6.0-6.9,6.2,42,5.062687
62728,Brighton Rock,2010-09-13,2010,09 Sep,3) Other months,,,,,,0,,2) 5.0-5.9,5.6,35,3.122152
11917,Saw V,2008-10-23,2008,10 Oct,3) Other months,10800000.0,113857533.0,103057533.0,10.542364166666667,1.0,1,Q1 (lowest),2) 5.0-5.9,5.9,820,32.943848
45138,Machine Gun McCain,1969-04-01,1969,04 Apr,3) Other months,,,,,,0,,,7.3,6,0.700127
80271,LOL,2012-02-10,2012,02 Feb,3) Other months,11000000.0,,,,,0,,2) 5.0-5.9,5.9,881,31.763201
4657,Jindabyne,2006-07-20,2006,07 Jul,1) Summer (May-Jul),,,,,,0,,2) 5.0-5.9,5.7,25,8.950864
14395,Kabhi Alvida Naa Kehna,2006-08-11,2006,08 Aug,3) Other months,7400000.0,17000000.0,9600000.0,2.2972972972972974,1.0,1,Q1 (lowest),3) 6.0-6.9,6.1,42,3.246903
24137,An Ideal Husband,1999-04-15,1999,04 Apr,3) Other months,14000000.0,18535191.0,4535191.0,1.3239422142857142,1.0,1,Q2,3) 6.0-6.9,6.3,46,4.519523
190847,The Last Days on Mars,2013-08-11,2013,08 Aug,3) Other months,,,,,,0,,2) 5.0-5.9,5.2,302,18.764453
11056,Darkness,2002-10-02,2002,10 Oct,3) Other months,,,,,,0,,2) 5.0-5.9,5.6,112,6.340135
62,2001: A Space Odyssey,1968-04-10,1968,04 Apr,3) Other months,10500000.0,68700000.0,58200000.0,6.542857142857143,1.0,1,Q1 (lowest),4) 7.0 and above,7.9,2998,86.201184
601,E.T. the Extra-Terrestrial,1982-04-03,1982,04 Apr,3) Other months,10500000.0,792910554.0,782410554.0,75.51529085714286,1.0,1,Q1 (lowest),4) 7.0 and above,7.3,3269,56.105798
13067,In the Land of Women,2007-04-16,2007,04 Apr,3) Other months,10000000.0,17500000.0,7500000.0,1.75,1.0,1,Q1 (lowest),2) 5.0-5.9,5.8,160,12.792446
25379,The Blue Butterfly,2004-02-20,2004,02 Feb,3) Other months,,,,,,0,,,6.8,6,1.985552
88641,There Goes My Baby,1994-09-02,1994,09 Sep,3) Other months,10500000.0,123509.0,-10376491.0,0.011762761904761904,0.0,1,Q1 (lowest),,8.5,2,0.037073
58051,Housefull,2010-04-30,2010,04 Apr,3) Other months,,,,,,0,,2) 5.0-5.9,5.2,29,0.12082
14877,September Dawn,2007-05-17,2007,05 May,1) Summer (May-Jul),11000000.0,,,,,0,,2) 5.0-5.9,5.0,16,3.646848
96399,For Greater Glory - The True Story of Cristiada,2012-06-01,2012,06 Jun,1) Summer (May-Jul),12000000.0,9622846.0,-2377154.0,0.8019038333333334,0.0,1,Q2,3) 6.0-6.9,6.4,35,5.759545
304410,The Bélier Family,2014-12-17,2014,12 Dec,2) Holiday (Nov-Dec),11000000.0,,,,,0,,4) 7.0 and above,7.0,766,25.302978
489,Good Will Hunting,1997-12-05,1997,12 Dec,2) Holiday (Nov-Dec),10000000.0,225933435.0,215933435.0,22.5933435,1.0,1,Q1 (lowest),4) 7.0 and above,7.9,2811,43.734886
373314,Misconduct,2016-02-05,2016,02 Feb,3) Other months,11000000.0,,,,,0,,2) 5.0-5.9,5.3,149,10.016909
214,Saw III,2006-10-27,2006,10 Oct,3) Other months,10000000.0,163876815.0,153876815.0,16.3876815,1.0,1,Q1 (lowest),3) 6.0-6.9,6.1,1071,33.124871
10890,Stripes,1981-06-25,1981,06 Jun,1) Summer (May-Jul),10000000.0,85300000.0,75300000.0,8.53,1.0,1,Q1 (lowest),3) 6.0-6.9,6.5,249,10.892398
1588,Bring It On,2000-08-25,2000,08 Aug,3) Other months,28000000.0,90449929.0,62449929.0,3.230354607142857,1.0,1,Q3,2) 5.0-5.9,5.8,568,14.754281
316727,The Purge: Election Year,2016-06-29,2016,06 Jun,1) Summer (May-Jul),10000000.0,118587880.0,108587880.0,11.858788,1.0,1,Q1 (lowest),3) 6.0-6.9,6.1,1306,53.727146
10314,She's All That,1999-01-29,1999,01 Jan,3) Other months,10000000.0,103166989.0,93166989.0,10.3166989,1.0,1,Q1 (lowest),2) 5.0-5.9,5.7,418,8.9876
663,Saw IV,2007-10-25,2007,10 Oct,3) Other months,10000000.0,139352633.0,129352633.0,13.9352633,1.0,1,Q1 (lowest),2) 5.0-5.9,5.9,903,29.244768
11804,White Noise,2005-01-07,2005,01 Jan,3) Other months,10000000.0,91196419.0,81196419.0,9.1196419,1.0,1,Q1 (lowest),2) 5.0-5.9,5.6,261,14.447723
16781,Madea's Family Reunion,2006-02-24,2006,02 Feb,3) Other months,6000000.0,57231524.0,51231524.0,9.538587333333334,1.0,1,Q1 (lowest),3) 6.0-6.9,6.0,77,5.882208
11873,The Color of Money,1986-10-07,1986,10 Oct,3) Other months,13800000.0,52293982.0,38493982.0,3.7894189855072464,1.0,1,Q2,3) 6.0-6.9,6.7,291,17.3393
9289,The Longest Day,1962-09-25,1962,09 Sep,3) Other months,10000000.0,50100000.0,40100000.0,5.01,1.0,1,Q1 (lowest),4) 7.0 and above,7.2,234,19.524972
10414,The Mighty Ducks,1992-10-01,1992,10 Oct,3) Other months,10000000.0,50752337.0,40752337.0,5.0752337,1.0,1,Q1 (lowest),3) 6.0-6.9,6.4,198,8.932837
1970,The Grudge,2004-10-22,2004,10 Oct,3) Other months,10000000.0,183474602.0,173474602.0,18.3474602,1.0,1,Q1 (lowest),2) 5.0-5.9,5.8,865,35.695442
9614,Happy Gilmore,1996-02-16,1996,02 Feb,3) Other months,12000000.0,41205099.0,29205099.0,3.43375825,1.0,1,Q2,3) 6.0-6.9,6.5,755,26.598884
8922,Jeepers Creepers,2001-07-01,2001,07 Jul,1) Summer (May-Jul),10000000.0,59217789.0,49217789.0,5.9217789,1.0,1,Q1 (lowest),3) 6.0-6.9,6.1,720,23.316208
1648,Bill & Ted's Excellent Adventure,1989-02-17,1989,02 Feb,3) Other months,10000000.0,40485039.0,30485039.0,4.0485039,1.0,1,Q1 (lowest),3) 6.0-6.9,6.7,454,25.929893
17917,Oliver!,1968-09-26,1968,09 Sep,3) Other months,10000000.0,37402877.0,27402877.0,3.7402877,1.0,1,Q1 (lowest),4) 7.0 and above,7.0,103,8.305998
74534,The Best Exotic Marigold Hotel,2011-11-28,2011,11 Nov,2) Holiday (Nov-Dec),10000000.0,136836156.0,126836156.0,13.6836156,1.0,1,Q1 (lowest),3) 6.0-6.9,6.9,459,21.258991
19405,Recess: School's Out,2001-01-27,2001,01 Jan,3) Other months,10000000.0,44460850.0,34460850.0,4.446085,1.0,1,Q1 (lowest),3) 6.0-6.9,6.6,67,5.699058
9355,Mad Max Beyond Thunderdome,1985-06-29,1985,06 Jun,1) Summer (May-Jul),12305523.0,36230219.0,23924696.0,2.9442242316722336,1.0,1,Q2,2) 5.0-5.9,5.9,748,36.582038
10999,Commando,1985-10-03,1985,10 Oct,3) Other months,10000000.0,57500000.0,47500000.0,5.75,1.0,1,Q1 (lowest),3) 6.0-6.9,6.4,742,34.224204
321258,The Boy,2016-01-22,2016,01 Jan,3) Other months,10000000.0,64188367.0,54188367.0,6.4188367,1.0,1,Q1 (lowest),2) 5.0-5.9,5.8,1102,38.179483
44040,Devil,2010-01-13,2010,01 Jan,3) Other months,10000000.0,33583175.0,23583175.0,3.3583175,1.0,1,Q1 (lowest),2) 5.0-5.9,5.8,816,30.934688
10426,Friday After Next,2002-11-22,2002,11 Nov,2) Holiday (Nov-Dec),20000000.0,33526835.0,13526835.0,1.67634175,1.0,1,Q2,3) 6.0-6.9,6.0,100,7.499639
280092,Insidious: Chapter 3,2015-06-04,2015,06 Jun,1) Summer (May-Jul),10000000.0,104303851.0,94303851.0,10.4303851,1.0,1,Q1 (lowest),3) 6.0-6.9,6.2,983,45.946524
13938,The Last Dragon,1985-03-22,1985,03 Mar,3) Other months,10000000.0,25754284.0,15754284.0,2.5754284,1.0,1,Q1 (lowest),3) 6.0-6.9,6.4,69,4.928777
10163,The Lawnmower Man,1992-03-05,1992,03 Mar,3) Other months,10000000.0,32101000.0,22101000.0,3.2101,1.0,1,Q1 (lowest),2) 5.0-5.9,5.4,197,10.125029
12182,Nick and Norah's Infinite Playlist,2008-10-03,2008,10 Oct,3) Other months,9000000.0,32973937.0,23973937.0,3.6637707777777777,1.0,1,Q1 (lowest),3) 6.0-6.9,6.4,379,20.452449
1832,Dogma,1999-11-12,1999,11 Nov,2) Holiday (Nov-Dec),10000000.0,30652890.0,20652890.0,3.065289,1.0,1,Q1 (lowest),3) 6.0-6.9,6.8,823,14.543435
9034,The Banger Sisters,2002-09-20,2002,09 Sep,3) Other months,10000000.0,,,,,0,,2) 5.0-5.9,5.5,62,6.015354
15301,Twilight Zone: The Movie,1983-06-24,1983,06 Jun,1) Summer (May-Jul),10000000.0,29450919.0,19450919.0,2.9450919,1.0,1,Q1 (lowest),3) 6.0-6.9,6.2,161,12.902975
10135,Road House,1989-05-19,1989,05 May,1) Summer (May-Jul),15000000.0,30050028.0,15050028.0,2.0033352,1.0,1,Q2,3) 6.0-6.9,6.3,252,6.216203
26352,A Low Down Dirty Shame,1994-11-23,1994,11 Nov,2) Holiday (Nov-Dec),10000000.0,29392418.0,19392418.0,2.9392418,1.0,1,Q1 (lowest),3) 6.0-6.9,6.0,31,3.290639
20616,Swimfan,2002-09-06,2002,09 Sep,3) Other months,8500000.0,34411240.0,25911240.0,4.048381176470588,1.0,1,Q1 (lowest),2) 5.0-5.9,5.0,70,4.844451
9794,Employee of the Month,2006-10-06,2006,10 Oct,3) Other months,12000000.0,38368909.0,26368909.0,3.1974090833333335,1.0,1,Q2,2) 5.0-5.9,5.3,153,9.559737
15037,Can't Hardly Wait,1998-06-12,1998,06 Jun,1) Summer (May-Jul),10000000.0,25605015.0,15605015.0,2.5605015,1.0,1,Q1 (lowest),3) 6.0-6.9,6.1,122,11.350382
227,The Outsiders,1983-03-25,1983,03 Mar,3) Other months,10000000.0,33697647.0,23697647.0,3.3697647,1.0,1,Q1 (lowest),3) 6.0-6.9,6.9,291,13.455373
294272,Pete's Dragon,2016-08-10,2016,08 Aug,3) Other months,65000000.0,143695338.0,78695338.0,2.210697507692308,1.0,1,Q4 (highest),3) 6.0-6.9,6.2,679,31.974359
11336,The Dead Zone,1983-10-21,1983,10 Oct,3) Other months,10000000.0,20766616.0,10766616.0,2.0766616,1.0,1,Q1 (lowest),3) 6.0-6.9,6.9,311,16.78512
283445,Sinister 2,2015-08-19,2015,08 Aug,3) Other months,10000000.0,52882018.0,42882018.0,5.2882018,1.0,1,Q1 (lowest),2) 5.0-5.9,5.4,581,26.090495
88036,Sparkle,2012-08-17,2012,08 Aug,3) Other months,14000000.0,24637469.0,10637469.0,1.7598192142857143,1.0,1,Q2,2) 5.0-5.9,5.8,36,2.698185
10984,Valentine,2001-02-01,2001,02 Feb,3) Other months,,,,,,0,,2) 5.0-5.9,5.0,114,5.904126
22824,The Fourth Kind,2009-11-06,2009,11 Nov,2) Holiday (Nov-Dec),10000000.0,42333295.0,32333295.0,4.2333295,1.0,1,Q1 (lowest),2) 5.0-5.9,5.8,441,22.888173
9526,A Prairie Home Companion,2006-06-09,2006,06 Jun,1) Summer (May-Jul),10000000.0,,,,,0,,3) 6.0-6.9,6.4,81,5.025446
39349,Sugar Hill,1994-02-25,1994,02 Feb,3) Other months,,,,,,0,,2) 5.0-5.9,5.2,13,2.580808
15983,Invasion U.S.A.,1985-09-27,1985,09 Sep,3) Other months,,,,,,0,,2) 5.0-5.9,5.3,49,4.192064
14544,Roll Bounce,2005-09-23,2005,09 Sep,3) Other months,,,,,,0,,3) 6.0-6.9,6.1,27,2.596338
11545,Rushmore,1998-09-17,1998,09 Sep,3) Other months,9000000.0,17096053.0,8096053.0,1.8995614444444444,1.0,1,Q1 (lowest),4) 7.0 and above,7.5,676,18.289303
42684,Skyline,2010-11-11,2010,11 Nov,2) Holiday (Nov-Dec),10000000.0,66821036.0,56821036.0,6.6821036,1.0,1,Q1 (lowest),1) Below 5.0,4.7,507,26.268209
268238,The Second Best Exotic Marigold Hotel,2015-02-26,2015,02 Feb,3) Other months,10000000.0,85978266.0,75978266.0,8.5978266,1.0,1,Q1 (lowest),3) 6.0-6.9,6.3,272,17.592299
8359,Kit Kittredge: An American Girl,2008-07-02,2008,07 Jul,1) Summer (May-Jul),,,,,,0,,3) 6.0-6.9,6.4,34,6.27141
15648,The Perfect Man,2005-06-17,2005,06 Jun,1) Summer (May-Jul),,,,,,0,,2) 5.0-5.9,5.5,203,11.158906
41823,Mo' Better Blues,1990-08-03,1990,08 Aug,3) Other months,10000000.0,16153593.0,6153593.0,1.6153593,1.0,1,Q1 (lowest),3) 6.0-6.9,6.3,47,3.079862
11891,Kung Pow: Enter the Fist,2002-01-25,2002,01 Jan,3) Other months,,,,,,0,,3) 6.0-6.9,6.1,159,8.288813
9362,Tremors,1990-01-19,1990,01 Jan,3) Other months,11000000.0,48572000.0,37572000.0,4.415636363636364,1.0,1,Q1 (lowest),3) 6.0-6.9,6.6,864,32.579697
9902,Wrong Turn,2003-05-30,2003,05 May,1) Summer (May-Jul),12600000.0,28650575.0,16050575.0,2.2738551587301585,1.0,1,Q2,3) 6.0-6.9,6.0,635,33.555764
14729,The Long Riders,1980-05-12,1980,05 May,1) Summer (May-Jul),10000000.0,15795189.0,5795189.0,1.5795189,1.0,1,Q1 (lowest),3) 6.0-6.9,6.6,50,2.959547
9455,The Corruptor,1999-03-12,1999,03 Mar,3) Other months,25000000.0,15156200.0,-9843800.0,0.606248,0.0,1,Q2,3) 6.0-6.9,6.0,57,4.068107
103731,Mud,2013-05-01,2013,05 May,1) Summer (May-Jul),10000000.0,21587700.0,11587700.0,2.15877,1.0,1,Q1 (lowest),4) 7.0 and above,7.0,1068,17.663353
10090,Reno 911!: Miami,2007-02-23,2007,02 Feb,3) Other months,10000000.0,20342161.0,10342161.0,2.0342161,1.0,1,Q1 (lowest),2) 5.0-5.9,5.6,72,4.207456
164558,One Direction: This Is Us,2013-08-28,2013,08 Aug,3) Other months,10000000.0,,,,,0,,4) 7.0 and above,8.0,201,7.944457
19905,"The Goods: Live Hard, Sell Hard",2009-08-14,2009,08 Aug,3) Other months,10000000.0,,,,,0,,2) 5.0-5.9,5.4,58,3.352702
17710,Hey Arnold! The Movie,2002-06-28,2002,06 Jun,1) Summer (May-Jul),,,,,,0,,2) 5.0-5.9,5.6,62,5.856363
75900,My Week with Marilyn,2011-10-17,2011,10 Oct,3) Other months,6400000.0,35057696.0,28657696.0,5.477765,1.0,1,Q1 (lowest),3) 6.0-6.9,6.6,406,21.006078
9515,The Matador,2005-05-12,2005,05 May,1) Summer (May-Jul),10000000.0,17297244.0,7297244.0,1.7297244,1.0,1,Q1 (lowest),3) 6.0-6.9,6.2,136,5.647538
27322,Love Jones,1997-03-14,1997,03 Mar,3) Other months,10000000.0,,,,,0,,4) 7.0 and above,8.1,12,1.000178
328425,The Gift,2015-07-30,2015,07 Jul,1) Summer (May-Jul),5000000.0,58978653.0,53978653.0,11.7957306,1.0,1,Q1 (lowest),3) 6.0-6.9,6.7,1049,27.247013
14120,End of the Spear,2005-12-02,2005,12 Dec,2) Holiday (Nov-Dec),,,,,,0,,3) 6.0-6.9,6.1,15,1.83428
10050,Get Over It,2001-03-08,2001,03 Mar,3) Other months,10000000.0,,,,,0,,2) 5.0-5.9,5.5,75,11.592129
1542,Office Space,1999-02-19,1999,02 Feb,3) Other months,10000000.0,12827813.0,2827813.0,1.2827813,1.0,1,Q1 (lowest),4) 7.0 and above,7.4,1050,18.366362
10490,Drop Dead Gorgeous,1999-07-23,1999,07 Jul,1) Summer (May-Jul),10000000.0,10571408.0,571408.0,1.0571408,1.0,1,Q1 (lowest),3) 6.0-6.9,6.4,86,6.736274
87093,Big Eyes,2014-12-24,2014,12 Dec,2) Holiday (Nov-Dec),10000000.0,28883511.0,18883511.0,2.8883511,1.0,1,Q1 (lowest),3) 6.0-6.9,6.8,1196,28.570174
10029,Very Bad Things,1998-09-11,1998,09 Sep,3) Other months,30000000.0,9898412.0,-20101588.0,0.3299470666666667,0.0,1,Q3,3) 6.0-6.9,6.2,179,5.671691
9893,Sleepover,2004-07-09,2004,07 Jul,1) Summer (May-Jul),,,,,,0,,2) 5.0-5.9,5.3,101,5.842299
11507,Body Double,1984-10-25,1984,10 Oct,3) Other months,10000000.0,8801940.0,-1198060.0,0.880194,0.0,1,Q1 (lowest),3) 6.0-6.9,6.4,137,9.525626
37931,MacGruber,2010-05-21,2010,05 May,1) Summer (May-Jul),10000000.0,6110000.0,-3890000.0,0.611,0.0,1,Q1 (lowest),2) 5.0-5.9,5.1,179,14.038512
3472,Dirty Pretty Things,2002-09-05,2002,09 Sep,3) Other months,,,,,,0,,3) 6.0-6.9,6.8,131,9.177896
87818,Movie 43,2013-01-01,2013,01 Jan,3) Other months,6000000.0,32438988.0,26438988.0,5.406498,1.0,1,Q1 (lowest),1) Below 5.0,4.4,797,35.350303
13160,Over Her Dead Body,2008-02-01,2008,02 Feb,3) Other months,10000000.0,,,,,0,,2) 5.0-5.9,5.3,145,12.067921
88005,Seeking a Friend for the End of the World,2012-06-22,2012,06 Jun,1) Summer (May-Jul),10000000.0,9636289.0,-363711.0,0.9636289,0.0,1,Q1 (lowest),3) 6.0-6.9,6.3,700,30.863082
52067,Cedar Rapids,2011-02-11,2011,02 Feb,3) Other months,,6861102.0,,,,0,,2) 5.0-5.9,5.9,135,10.254807
73,American History X,1998-10-30,1998,10 Oct,3) Other months,20000000.0,23875127.0,3875127.0,1.19375635,1.0,1,Q2,4) 7.0 and above,8.2,3016,73.567232
134597,The Collection,2012-09-21,2012,09 Sep,3) Other months,,6842058.0,,,,0,,2) 5.0-5.9,5.9,289,16.361743
24034,Teacher's Pet,2004-01-16,2004,01 Jan,3) Other months,10000000.0,,,,,0,,,5.5,2,1.374409
14283,The Red Violin,1998-09-10,1998,09 Sep,3) Other months,18000000.0,9495408.0,-8504592.0,0.5275226666666667,0.0,1,Q2,4) 7.0 and above,7.3,99,6.18869
404,The Straight Story,1999-10-15,1999,10 Oct,3) Other months,10000000.0,,,,,0,,4) 7.0 and above,7.7,306,15.280261
13201,Deuces Wild,2002-05-03,2002,05 May,1) Summer (May-Jul),,,,,,0,,2) 5.0-5.9,5.5,34,0.753481
209403,Bad Words,2013-09-06,2013,09 Sep,3) Other months,9500000.0,7800000.0,-1700000.0,0.8210526315789474,0.0,1,Q1 (lowest),3) 6.0-6.9,6.4,334,14.105392
7942,"Run, Fatboy, Run",2007-09-06,2007,09 Sep,3) Other months,10000000.0,33000000.0,23000000.0,3.3,1.0,1,Q1 (lowest),3) 6.0-6.9,6.2,238,14.905357
73247,Heartbeeps,1981-12-18,1981,12 Dec,2) Holiday (Nov-Dec),10000000.0,2154696.0,-7845304.0,0.2154696,0.0,1,Q1 (lowest),,3.8,6,0.518056
253331,Black or White,2014-09-06,2014,09 Sep,3) Other months,9000000.0,21571189.0,12571189.0,2.3967987777777777,1.0,1,Q1 (lowest),3) 6.0-6.9,6.5,115,12.172131
34043,On the Line,2001-10-26,2001,10 Oct,3) Other months,,,,,,0,,1) Below 5.0,4.1,10,3.084874
9952,Rescue Dawn,2006-09-09,2006,09 Sep,3) Other months,10000000.0,7177143.0,-2822857.0,0.7177143,0.0,1,Q1 (lowest),3) 6.0-6.9,6.9,336,17.078656
256924,Danny Collins,2015-03-19,2015,03 Mar,3) Other months,10000000.0,10835752.0,835752.0,1.0835752,1.0,1,Q1 (lowest),3) 6.0-6.9,6.6,183,16.318608
82532,"Jeff, Who Lives at Home",2011-09-13,2011,09 Sep,3) Other months,10000000.0,4417580.0,-5582420.0,0.441758,0.0,1,Q1 (lowest),3) 6.0-6.9,6.1,217,10.409155
41110,I Am Love,2009-09-05,2009,09 Sep,3) Other months,,,,,,0,,3) 6.0-6.9,6.9,73,5.355763
134371,Atlas Shrugged Part II,2012-10-12,2012,10 Oct,3) Other months,,,,,,0,,2) 5.0-5.9,5.4,41,4.725357
2088,Romeo Is Bleeding,1993-09-13,1993,09 Sep,3) Other months,11500000.0,3275585.0,-8224415.0,0.2848334782608696,0.0,1,Q2,2) 5.0-5.9,5.7,36,4.850402
10388,The Limey,1999-05-15,1999,05 May,1) Summer (May-Jul),10000000.0,3193102.0,-6806898.0,0.3193102,0.0,1,Q1 (lowest),3) 6.0-6.9,6.6,105,8.902102
1640,Crash,2004-01-13,2004,01 Jan,3) Other months,6500000.0,98410061.0,91910061.0,15.140009384615384,1.0,1,Q1 (lowest),4) 7.0 and above,7.2,1149,28.223163
25520,The House of Mirth,2000-09-23,2000,09 Sep,3) Other months,10000000.0,5164404.0,-4835596.0,0.5164404,0.0,1,Q1 (lowest),3) 6.0-6.9,6.4,25,3.007816
27342,Malone,1987-05-01,1987,05 May,1) Summer (May-Jul),,,,,,0,,3) 6.0-6.9,6.8,15,1.610132
13689,Peaceful Warrior,2006-03-30,2006,03 Mar,3) Other months,,,,,,0,,4) 7.0 and above,7.3,90,8.326131
67911,Bucky Larson: Born to Be a Star,2011-09-09,2011,09 Sep,3) Other months,10000000.0,,,,,0,,1) Below 5.0,4.4,51,3.919057
24664,Bamboozled,2000-10-06,2000,10 Oct,3) Other months,,,,,,0,,3) 6.0-6.9,6.3,24,2.23411
329440,The Forest,2016-01-07,2016,01 Jan,3) Other months,10000000.0,40055439.0,30055439.0,4.0055439,1.0,1,Q1 (lowest),1) Below 5.0,4.8,448,19.865989
47890,Sphinx,1981-02-11,1981,02 Feb,3) Other months,14000000.0,439564.0,-13560436.0,0.03139742857142857,0.0,1,Q2,,6.0,2,0.310513
252512,While We're Young,2015-04-03,2015,04 Apr,3) Other months,10000000.0,7587485.0,-2412515.0,0.7587485,0.0,1,Q1 (lowest),2) 5.0-5.9,5.8,383,19.263477
55720,A Better Life,2011-06-24,2011,06 Jun,1) Summer (May-Jul),10000000.0,1759252.0,-8240748.0,0.1759252,0.0,1,Q1 (lowest),4) 7.0 and above,7.0,54,4.123533
9613,Spider,2002-12-13,2002,12 Dec,2) Holiday (Nov-Dec),,,,,,0,,3) 6.0-6.9,6.4,168,6.948401
29076,Gun Shy,2000-02-04,2000,02 Feb,3) Other months,10000000.0,1631839.0,-8368161.0,0.1631839,0.0,1,Q1 (lowest),2) 5.0-5.9,5.4,24,3.988432
29339,Nicholas Nickleby,2002-12-27,2002,12 Dec,2) Holiday (Nov-Dec),,,,,,0,,3) 6.0-6.9,6.8,49,5.099923
68812,The Iceman,2012-09-01,2012,09 Sep,3) Other months,20000000.0,1969193.0,-18030807.0,0.09845965,0.0,1,Q2,3) 6.0-6.9,6.4,365,19.494703
32740,Krrish,2006-06-23,2006,06 Jun,1) Summer (May-Jul),,,,,,0,,2) 5.0-5.9,5.5,46,3.759988
14195,Cecil B. Demented,2000-05-17,2000,05 May,1) Summer (May-Jul),10000000.0,,,,,0,,3) 6.0-6.9,6.2,51,4.176066
73567,Killer Joe,2011-09-10,2011,09 Sep,3) Other months,10000000.0,3665069.0,-6334931.0,0.3665069,0.0,1,Q1 (lowest),3) 6.0-6.9,6.5,425,16.436178
41479,The Joneses,2009-09-13,2009,09 Sep,3) Other months,10000000.0,7022728.0,-2977272.0,0.7022728,0.0,1,Q1 (lowest),3) 6.0-6.9,6.1,210,14.979375
15394,Owning Mahowny,2003-05-02,2003,05 May,1) Summer (May-Jul),,,,,,0,,3) 6.0-6.9,6.8,37,8.045488
10071,The Brothers Solomon,2007-09-07,2007,09 Sep,3) Other months,,,,,,0,,1) Below 5.0,4.9,46,8.312153
1989,My Blueberry Nights,2007-05-16,2007,05 May,1) Summer (May-Jul),10000000.0,21786738.0,11786738.0,2.1786738,1.0,1,Q1 (lowest),3) 6.0-6.9,6.0,190,10.733761
91076,Illuminata,1998-05-21,1998,05 May,1) Summer (May-Jul),,,,,,0,,,6.3,7,0.111313
12779,Swept Away,2002-10-11,2002,10 Oct,3) Other months,10000000.0,598645.0,-9401355.0,0.0598645,0.0,1,Q1 (lowest),1) Below 5.0,4.8,50,4.570043
13191,"War, Inc.",2008-04-28,2008,04 Apr,3) Other months,5000000.0,1296184.0,-3703816.0,0.2592368,0.0,1,Q1 (lowest),2) 5.0-5.9,5.6,86,6.265659
11770,Shaolin Soccer,2001-07-12,2001,07 Jul,1) Summer (May-Jul),,42776760.0,,,,0,,3) 6.0-6.9,6.6,491,17.54768
12703,The Brown Bunny,2004-08-27,2004,08 Aug,3) Other months,10000000.0,,,,,0,,2) 5.0-5.9,5.5,62,3.412162
64559,The Swindle,1997-10-15,1997,10 Oct,3) Other months,,,,,,0,,,6.4,5,0.627964
222649,Rosewater,2014-11-07,2014,11 Nov,2) Holiday (Nov-Dec),,,,,,0,,3) 6.0-6.9,6.5,98,5.75555
115872,The Chambermaid on the Titanic,1997-10-10,1997,10 Oct,3) Other months,,,,,,0,,,5.3,3,1.031142
101173,Coriolanus,2011-02-14,2011,02 Feb,3) Other months,7700000.0,1072602.0,-6627398.0,0.13929896103896103,0.0,1,Q1 (lowest),2) 5.0-5.9,5.9,131,7.554799
25350,Imaginary Heroes,2004-09-14,2004,09 Sep,3) Other months,10000000.0,,,,,0,,3) 6.0-6.9,6.3,29,2.85283
10034,High Heels and Low Lifes,2001-07-16,2001,07 Jul,1) Summer (May-Jul),,,,,,0,,3) 6.0-6.9,6.4,12,1.769593
20178,World's Greatest Dad,2009-08-20,2009,08 Aug,3) Other months,10000000.0,295750.0,-9704250.0,0.029575,0.0,1,Q1 (lowest),3) 6.0-6.9,6.5,177,9.805551
5072,Severance,2006-05-19,2006,05 May,1) Summer (May-Jul),,,,,,0,,3) 6.0-6.9,6.4,169,12.898984
18191,Edmond,2005-08-31,2005,08 Aug,3) Other months,10000000.0,,,,,0,,3) 6.0-6.9,6.0,50,2.803642
31007,Welcome to the Rileys,2010-10-29,2010,10 Oct,3) Other months,,42145.0,,,,0,,3) 6.0-6.9,6.4,139,6.085879
11546,Police Academy: Mission to Moscow,1994-06-09,1994,06 Jun,1) Summer (May-Jul),,126247.0,,,,0,,1) Below 5.0,4.1,178,11.946898
41894,Blood Done Sign My Name,2010-02-01,2010,02 Feb,3) Other months,,,,,,0,,,6.0,5,0.397341
184374,Cinco de Mayo: La Batalla,2013-05-03,2013,05 May,1) Summer (May-Jul),10000000.0,,,,,0,,2) 5.0-5.9,5.8,14,0.072085
268171,Elsa & Fred,2014-03-07,2014,03 Mar,3) Other months,10000000.0,,,,,0,,3) 6.0-6.9,6.2,31,2.849895
78149,"An Alan Smithee Film: Burn, Hollywood, Burn",1998-02-20,1998,02 Feb,3) Other months,10000000.0,45779.0,-9954221.0,0.0045779,0.0,1,Q1 (lowest),,3.0,9,0.666218
24663,The Open Road,2009-02-07,2009,02 Feb,3) Other months,,,,,,0,,1) Below 5.0,4.8,19,1.388136
39037,The Good Guy,2009-04-25,2009,04 Apr,3) Other months,3200000.0,,,,,0,,2) 5.0-5.9,5.4,59,2.631688
22805,Motherhood,2009-01-21,2009,01 Jan,3) Other months,,,,,,0,,1) Below 5.0,4.7,44,10.955567
39055,Free Style,2008-12-24,2008,12 Dec,2) Holiday (Nov-Dec),,140987.0,,,,0,,,5.8,4,0.122874
245846,Strangerland,2015-07-01,2015,07 Jul,1) Summer (May-Jul),10000000.0,17472.0,-9982528.0,0.0017472,0.0,1,Q1 (lowest),2) 5.0-5.9,5.1,83,5.145655
25186,Janky Promoters,2009-10-16,2009,10 Oct,3) Other months,10000000.0,9069.0,,,,0,,,7.0,5,1.728816
15017,Blonde Ambition,2007-12-21,2007,12 Dec,2) Holiday (Nov-Dec),10000000.0,,,,,0,,1) Below 5.0,3.9,29,3.064563
12245,The Oxford Murders,2008-01-18,2008,01 Jan,3) Other months,14100000.0,,,,,0,,2) 5.0-5.9,5.7,188,9.318033
49787,The Reef,2010-05-15,2010,05 May,1) Summer (May-Jul),,,,,,0,,2) 5.0-5.9,5.4,130,7.245108
16358,Eulogy,2004-10-15,2004,10 Oct,3) Other months,,,,,,0,,3) 6.0-6.9,6.4,34,9.085482
7006,White Noise 2: The Light,2007-01-05,2007,01 Jan,3) Other months,,,,,,0,,2) 5.0-5.9,5.6,80,6.814247
66767,Beat the World,2011-06-10,2011,06 Jun,1) Summer (May-Jul),10000000.0,,,,,0,,1) Below 5.0,4.3,16,2.873796
17622,Fifty Dead Men Walking,2008-09-10,2008,09 Sep,3) Other months,,,,,,0,,3) 6.0-6.9,6.1,35,4.481897
283671,Jungle Shuffle,2014-08-07,2014,08 Aug,3) Other months,,,,,,0,,,6.5,1,1.413934
18516,Adam Resurrected,2008-08-08,2008,08 Aug,3) Other months,10000000.0,,,,,0,,3) 6.0-6.9,6.4,22,2.574014
217708,Of Horses and Men,2013-08-30,2013,08 Aug,3) Other months,10.0,11.0,,,,0,,3) 6.0-6.9,6.9,26,1.617943
42057,It's a Wonderful Afterlife,2010-05-07,2010,05 May,1) Summer (May-Jul),,,,,,0,,,4.3,9,1.259968
17577,The Devil's Tomb,2009-05-26,2009,05 May,1) Summer (May-Jul),10000000.0,,,,,0,,1) Below 5.0,4.0,53,5.099472
14608,Partition,2007-02-02,2007,02 Feb,3) Other months,,,,,,0,,,6.4,6,2.131524
34417,Good Intentions,2010-03-09,2010,03 Mar,3) Other months,,,,,,0,,,5.0,6,0.304566
15067,"The Good, The Bad, The Weird",2008-07-16,2008,07 Jul,1) Summer (May-Jul),10000000.0,,,,,0,,4) 7.0 and above,7.1,193,11.847324
78383,Nurse 3-D,2013-09-28,2013,09 Sep,3) Other months,10.0,10000000.0,,,,0,,1) Below 5.0,4.9,119,10.013629
43090,Gunless,2010-04-30,2010,04 Apr,3) Other months,10000000.0,,,,,0,,3) 6.0-6.9,6.7,27,3.753703
16614,Adventureland,2009-04-03,2009,04 Apr,3) Other months,9500000.0,17164377.0,7664377.0,1.8067765263157896,1.0,1,Q1 (lowest),3) 6.0-6.9,6.4,737,19.978021
9700,The Lost City,2005-09-03,2005,09 Sep,3) Other months,9600000.0,4386236.0,-5213764.0,0.45689958333333336,0.0,1,Q1 (lowest),3) 6.0-6.9,6.0,24,3.588529
10471,Next Friday,2000-01-12,2000,01 Jan,3) Other months,11000000.0,59827328.0,48827328.0,5.438848,1.0,1,Q1 (lowest),3) 6.0-6.9,6.4,135,9.337388
250066,American Heist,2014-09-11,2014,09 Sep,3) Other months,10000000.0,,,,,0,,1) Below 5.0,4.3,158,11.431434
667,You Only Live Twice,1967-06-12,1967,06 Jun,1) Summer (May-Jul),9500000.0,111584787.0,102084787.0,11.74576705263158,1.0,1,Q1 (lowest),3) 6.0-6.9,6.5,531,28.675891
208869,Plastic,2014-04-30,2014,04 Apr,3) Other months,10.0,,,,,0,,3) 6.0-6.9,6.1,86,9.70276
86837,Amour,2012-07-01,2012,07 Jul,1) Summer (May-Jul),8900000.0,19839492.0,10939492.0,2.229156404494382,1.0,1,Q1 (lowest),4) 7.0 and above,7.5,400,17.151293
10306,Poltergeist III,1988-06-10,1988,06 Jun,1) Summer (May-Jul),10500000.0,14144000.0,3644000.0,1.347047619047619,1.0,1,Q1 (lowest),1) Below 5.0,4.5,123,11.225044
106845,Re-Kill,2015-10-16,2015,10 Oct,3) Other months,9500000.0,,,,,0,,1) Below 5.0,4.9,34,5.346205
11576,"It's a Mad, Mad, Mad, Mad World",1963-11-07,1963,11 Nov,2) Holiday (Nov-Dec),9400000.0,60000000.0,50600000.0,6.382978723404255,1.0,1,Q1 (lowest),4) 7.0 and above,7.0,140,14.562991
219,Volver,2006-03-16,2006,03 Mar,3) Other months,12899867.0,85582407.0,72682540.0,6.634363517081223,1.0,1,Q2,4) 7.0 and above,7.3,406,19.747809
11827,Heavy Metal,1981-08-07,1981,08 Aug,3) Other months,9300000.0,,,,,0,,3) 6.0-6.9,6.2,148,12.928269
22820,Gentlemen Broncos,2009-09-30,2009,09 Sep,3) Other months,10000000.0,,,,,0,,3) 6.0-6.9,6.2,51,3.193777
31174,Richard III,1995-12-29,1995,12 Dec,2) Holiday (Nov-Dec),,,,,,0,,3) 6.0-6.9,6.9,49,5.107235
244316,Into the Grizzly Maze,2015-02-27,2015,02 Feb,3) Other months,10000000.0,,,,,0,,2) 5.0-5.9,5.1,74,10.073144
37737,Kites,2010-05-21,2010,05 May,1) Summer (May-Jul),,,,,,0,,3) 6.0-6.9,6.0,40,4.807549
62215,Melancholia,2011-05-26,2011,05 May,1) Summer (May-Jul),7400000.0,21817298.0,14417298.0,2.9482835135135135,1.0,1,Q1 (lowest),4) 7.0 and above,7.0,885,36.173598
66125,Red Dog,2011-08-04,2011,08 Aug,3) Other months,,,,,,0,,4) 7.0 and above,7.1,83,5.499412
132316,Jab Tak Hai Jaan,2012-11-13,2012,11 Nov,2) Holiday (Nov-Dec),,,,,,0,,4) 7.0 and above,7.3,66,5.900535
348,Alien,1979-05-25,1979,05 May,1) Summer (May-Jul),11000000.0,104931801.0,93931801.0,9.539254636363637,1.0,1,Q1 (lowest),4) 7.0 and above,7.9,4470,94.184658
30497,The Texas Chain Saw Massacre,1974-10-01,1974,10 Oct,3) Other months,85000.0,30859000.0,30774000.0,363.0470588235294,1.0,1,Q1 (lowest),4) 7.0 and above,7.2,590,29.262427
27586,The Runaways,2010-03-19,2010,03 Mar,3) Other months,10000000.0,2995811.0,-7004189.0,0.2995811,0.0,1,Q1 (lowest),3) 6.0-6.9,6.3,254,17.611971
14811,Fiddler on the Roof,1971-11-03,1971,11 Nov,2) Holiday (Nov-Dec),9000000.0,83304330.0,74304330.0,9.256036666666667,1.0,1,Q1 (lowest),4) 7.0 and above,7.4,134,7.623979
660,Thunderball,1965-12-16,1965,12 Dec,2) Holiday (Nov-Dec),5500000.0,141195658.0,135695658.0,25.671937818181817,1.0,1,Q1 (lowest),3) 6.0-6.9,6.5,562,31.036
68684,Detention,2011-03-16,2011,03 Mar,3) Other months,10000000.0,,,,,0,,2) 5.0-5.9,5.7,129,10.424596
40794,Loose Cannons,2010-02-12,2010,02 Feb,3) Other months,7000000.0,8220215.0,1220215.0,1.1743164285714285,1.0,1,Q1 (lowest),4) 7.0 and above,7.0,118,7.720692
9400,Set It Off,1996-11-06,1996,11 Nov,2) Holiday (Nov-Dec),9000000.0,41590886.0,32590886.0,4.621209555555556,1.0,1,Q1 (lowest),3) 6.0-6.9,6.9,66,6.717994
16162,The Best Man,1999-10-22,1999,10 Oct,3) Other months,9000000.0,34573780.0,25573780.0,3.8415311111111112,1.0,1,Q1 (lowest),3) 6.0-6.9,6.8,38,3.951041
10585,Child's Play,1988-11-08,1988,11 Nov,2) Holiday (Nov-Dec),9000000.0,44196684.0,35196684.0,4.910742666666667,1.0,1,Q1 (lowest),3) 6.0-6.9,6.3,581,27.600843
2359,Sicko,2007-05-18,2007,05 May,1) Summer (May-Jul),9000000.0,24538513.0,15538513.0,2.7265014444444446,1.0,1,Q1 (lowest),4) 7.0 and above,7.3,235,14.098952
238636,The Purge: Anarchy,2014-07-17,2014,07 Jul,1) Summer (May-Jul),9000000.0,108782847.0,99782847.0,12.086983,1.0,1,Q1 (lowest),3) 6.0-6.9,6.6,1954,82.975841
10472,Down to You,2000-01-21,2000,01 Jan,3) Other months,9000000.0,,,,,0,,1) Below 5.0,4.9,70,3.269459
11282,Harold & Kumar Go to White Castle,2004-05-30,2004,05 May,1) Summer (May-Jul),9000000.0,23936908.0,14936908.0,2.6596564444444444,1.0,1,Q1 (lowest),3) 6.0-6.9,6.6,693,18.514292
6521,The Contender,2000-10-13,2000,10 Oct,3) Other months,9000000.0,,,,,0,,3) 6.0-6.9,6.7,60,7.029126
14181,Boiler Room,2000-02-18,2000,02 Feb,3) Other months,26000000.0,28780255.0,2780255.0,1.1069328846153845,1.0,1,Q3,3) 6.0-6.9,6.5,201,11.233081
1621,Trading Places,1983-06-07,1983,06 Jun,1) Summer (May-Jul),40600000.0,90400000.0,49800000.0,2.226600985221675,1.0,1,Q3,4) 7.0 and above,7.1,738,34.022209
9656,Black Christmas,2006-12-25,2006,12 Dec,2) Holiday (Nov-Dec),9000000.0,21510851.0,12510851.0,2.3900945555555557,1.0,1,Q1 (lowest),1) Below 5.0,4.8,119,4.134327
16428,Breakin' All the Rules,2004-05-14,2004,05 May,1) Summer (May-Jul),,,,,,0,,2) 5.0-5.9,5.8,21,6.904734
10705,Henry V,1989-10-05,1989,10 Oct,3) Other months,9000000.0,,,,,0,,4) 7.0 and above,7.4,71,4.641006
8272,The Savages,2007-01-19,2007,01 Jan,3) Other months,,,,,,0,,3) 6.0-6.9,6.8,110,5.663889
24621,Chasing Papi,2003-04-16,2003,04 Apr,3) Other months,,6126237.0,,,,0,,3) 6.0-6.9,6.3,16,1.118511
1619,The Way of the Gun,2000-09-08,2000,09 Sep,3) Other months,8500000.0,19125401.0,10625401.0,2.2500471764705883,1.0,1,Q1 (lowest),3) 6.0-6.9,6.4,100,8.775844
9685,Igby Goes Down,2002-09-13,2002,09 Sep,3) Other months,9000000.0,4777465.0,-4222535.0,0.5308294444444445,0.0,1,Q1 (lowest),3) 6.0-6.9,6.5,95,2.062087
14425,PCU,1994-04-29,1994,04 Apr,3) Other months,9000000.0,4350774.0,-4649226.0,0.4834193333333333,0.0,1,Q1 (lowest),3) 6.0-6.9,6.0,41,8.738737
14624,The Ultimate Gift,2006-10-20,2006,10 Oct,3) Other months,,,,,,0,,3) 6.0-6.9,6.8,78,4.976268
10179,The Ice Pirates,1984-03-16,1984,03 Mar,3) Other months,9000000.0,,,,,0,,2) 5.0-5.9,5.7,49,3.810697
15568,Gracie,2007-06-01,2007,06 Jun,1) Summer (May-Jul),9000000.0,2955039.0,-6044961.0,0.3283376666666667,0.0,1,Q1 (lowest),3) 6.0-6.9,6.0,17,2.365328
14057,Trust the Man,2005-09-01,2005,09 Sep,3) Other months,9000000.0,,,,,0,,2) 5.0-5.9,5.5,29,5.2545
12621,Hamlet 2,2008-01-21,2008,01 Jan,3) Other months,,,,,,0,,3) 6.0-6.9,6.1,56,5.293363
1808,Velvet Goldmine,1998-10-23,1998,10 Oct,3) Other months,,1053788.0,,,,0,,3) 6.0-6.9,6.9,116,10.932711
293670,The Wailing,2016-05-12,2016,05 May,1) Summer (May-Jul),,,,,,0,,4) 7.0 and above,7.2,250,9.05029
67675,Glee: The Concert Movie,2011-08-11,2011,08 Aug,3) Other months,9000000.0,18663238.0,9663238.0,2.073693111111111,1.0,1,Q1 (lowest),3) 6.0-6.9,6.8,79,9.933926
27329,The Legend of Suriyothai,2001-08-17,2001,08 Aug,3) Other months,,,,,,0,,,5.1,6,0.843067
29514,Two Evil Eyes,1990-01-25,1990,01 Jan,3) Other months,9000000.0,,,,,0,,3) 6.0-6.9,6.0,35,8.218383
250349,Barbecue,2014-04-30,2014,04 Apr,3) Other months,6000000.0,14348529.0,8348529.0,2.3914215,1.0,1,Q1 (lowest),2) 5.0-5.9,5.8,214,5.119593
12454,All or Nothing,2002-05-17,2002,05 May,1) Summer (May-Jul),9000000.0,,,,,0,,4) 7.0 and above,7.0,33,2.872281
39806,Princess Kaiulani,2010-05-14,2010,05 May,1) Summer (May-Jul),9000000.0,771499.0,-8228501.0,0.08572211111111111,0.0,1,Q1 (lowest),1) Below 5.0,4.8,14,0.717811
15699,Opal Dream,2006-11-22,2006,11 Nov,2) Holiday (Nov-Dec),5000000.0,140666.0,-4859334.0,0.0281332,0.0,1,Q1 (lowest),,6.1,7,1.458884
8883,Flame & Citron,2008-03-25,2008,03 Mar,3) Other months,6500000.0,,,,,0,,3) 6.0-6.9,6.8,68,7.028946
17926,Undiscovered,2005-08-26,2005,08 Aug,3) Other months,9000000.0,1046166.0,-7953834.0,0.11624066666666667,0.0,1,Q1 (lowest),1) Below 5.0,4.5,12,2.009597
291081,Red Riding: In the Year of Our Lord 1974,2009-02-28,2009,02 Feb,3) Other months,,,,,,0,,4) 7.0 and above,7.0,54,7.247023
41248,The Girl on the Train,2009-03-18,2009,03 Mar,3) Other months,,,,,,0,,2) 5.0-5.9,5.6,10,2.351706
25968,Veronika Decides to Die,2009-05-16,2009,05 May,1) Summer (May-Jul),9000000.0,,,,,0,,2) 5.0-5.9,5.8,75,4.799022
9671,Crocodile Dundee,1986-09-26,1986,09 Sep,3) Other months,5000000.0,328203506.0,323203506.0,65.6407012,1.0,1,Q1 (lowest),3) 6.0-6.9,6.3,503,16.072466
52010,"Ultramarines: A Warhammer 40,000 Movie",2010-12-10,2010,12 Dec,2) Holiday (Nov-Dec),,,,,,0,,2) 5.0-5.9,5.2,27,3.891186
11588,The I Inside,2004-01-15,2004,01 Jan,3) Other months,8800000.0,,,,,0,,2) 5.0-5.9,5.9,62,3.789485
43418,Beneath Hill 60,2010-04-15,2010,04 Apr,3) Other months,7347125.0,,,,,0,,4) 7.0 and above,7.3,40,3.949796
71157,Polisse,2011-10-06,2011,10 Oct,3) Other months,,20374201.0,,,,0,,4) 7.0 and above,7.9,285,14.038703
13483,Awake,2007-11-28,2007,11 Nov,2) Holiday (Nov-Dec),86000000.0,14373825.0,-71626175.0,0.1671375,0.0,1,Q4 (highest),3) 6.0-6.9,6.3,395,18.172736
333355,Star Wars: Clone Wars: Volume 1,2005-03-21,2005,03 Mar,3) Other months,,,,,,0,,4) 7.0 and above,8.0,27,1.881466
327833,Skin Trade,2014-11-07,2014,11 Nov,2) Holiday (Nov-Dec),9000000.0,,,,,0,,2) 5.0-5.9,5.6,61,6.677926
1547,The Lost Boys,1987-07-31,1987,07 Jul,1) Summer (May-Jul),8500000.0,32222567.0,23722567.0,3.7908902352941176,1.0,1,Q1 (lowest),3) 6.0-6.9,6.8,538,24.750909
25196,Crazy Heart,2009-12-16,2009,12 Dec,2) Holiday (Nov-Dec),7000000.0,39462438.0,32462438.0,5.637491142857143,1.0,1,Q1 (lowest),3) 6.0-6.9,6.8,274,17.697042
16323,The Rose,1979-11-07,1979,11 Nov,2) Holiday (Nov-Dec),9250000.0,29174648.0,19924648.0,3.154016,1.0,1,Q1 (lowest),3) 6.0-6.9,6.8,28,7.000949
175528,Baggage Claim,2013-09-27,2013,09 Sep,3) Other months,8500000.0,22456509.0,13956509.0,2.6419422352941178,1.0,1,Q1 (lowest),2) 5.0-5.9,5.6,85,11.436405
8069,Barbarella,1968-10-10,1968,10 Oct,3) Other months,9000000.0,2500000.0,-6500000.0,0.2777777777777778,0.0,1,Q1 (lowest),2) 5.0-5.9,5.7,146,14.171759
71805,Shipwrecked,1990-10-03,1990,10 Oct,3) Other months,,,,,,0,,3) 6.0-6.9,6.1,14,0.702971
9451,Election,1999-04-23,1999,04 Apr,3) Other months,,,,,,0,,3) 6.0-6.9,6.7,270,13.476596
16727,The Namesake,2006-09-02,2006,09 Sep,3) Other months,12000000.0,20138836.0,8138836.0,1.6782363333333334,1.0,1,Q2,3) 6.0-6.9,6.8,50,3.604863
272693,The DUFF,2015-02-20,2015,02 Feb,3) Other months,8500000.0,43528634.0,35028634.0,5.1210157647058825,1.0,1,Q1 (lowest),3) 6.0-6.9,6.8,1322,40.28709
10696,Glitter,2001-09-21,2001,09 Sep,3) Other months,22000000.0,5271666.0,-16728334.0,0.23962118181818182,0.0,1,Q2,1) Below 5.0,3.4,38,3.809131
150202,The Haunting in Connecticut 2: Ghosts of Georgia,2013-02-01,2013,02 Feb,3) Other months,,,,,,0,,2) 5.0-5.9,5.6,175,11.708343
19644,Silmido,2003-12-24,2003,12 Dec,2) Holiday (Nov-Dec),8000000.0,,,,,0,,3) 6.0-6.9,6.6,28,2.60632
29963,Bright Star,2009-11-05,2009,11 Nov,2) Holiday (Nov-Dec),8500000.0,4440055.0,-4059945.0,0.5223594117647059,0.0,1,Q1 (lowest),3) 6.0-6.9,6.8,107,9.230073
26022,My Name Is Khan,2010-02-12,2010,02 Feb,3) Other months,12000000.0,42345360.0,30345360.0,3.52878,1.0,1,Q2,4) 7.0 and above,7.7,232,14.719886
152747,All Is Lost,2013-10-18,2013,10 Oct,3) Other months,9000000.0,6108720.0,-2891280.0,0.6787466666666667,0.0,1,Q1 (lowest),3) 6.0-6.9,6.6,671,28.540614
62676,Limbo,1999-06-04,1999,06 Jun,1) Summer (May-Jul),8000000.0,1997807.0,-6002193.0,0.249725875,0.0,1,Q1 (lowest),4) 7.0 and above,7.0,17,0.034259
20360,Namastey London,2007-03-27,2007,03 Mar,3) Other months,,,,,,0,,3) 6.0-6.9,6.6,29,1.840511
1116,The Wind That Shakes the Barley,2006-05-18,2006,05 May,1) Summer (May-Jul),6500000.0,22889018.0,16389018.0,3.5213873846153847,1.0,1,Q1 (lowest),4) 7.0 and above,7.1,154,6.787967
185008,Yeh Jawaani Hai Deewani,2013-05-31,2013,05 May,1) Summer (May-Jul),7700000.0,46000000.0,38300000.0,5.974025974025974,1.0,1,Q1 (lowest),4) 7.0 and above,7.2,79,3.353176
11620,Quo Vadis,1951-11-08,1951,11 Nov,2) Holiday (Nov-Dec),8250000.0,30000000.0,21750000.0,3.6363636363636362,1.0,1,Q1 (lowest),4) 7.0 and above,7.0,63,7.973109
14353,Repo! The Genetic Opera,2008-07-18,2008,07 Jul,1) Summer (May-Jul),,188126.0,,,,0,,3) 6.0-6.9,6.7,100,5.897479
11818,Valley of the Wolves: Iraq,2006-02-03,2006,02 Feb,3) Other months,10000000.0,,,,,0,,,4.3,7,1.465762
680,Pulp Fiction,1994-10-08,1994,10 Oct,3) Other months,8000000.0,213928762.0,205928762.0,26.74109525,1.0,1,Q1 (lowest),4) 7.0 and above,8.3,8428,121.463076
11176,The Muppet Movie,1979-05-31,1979,05 May,1) Summer (May-Jul),,76657000.0,,,,0,,4) 7.0 and above,7.0,164,10.639916
242582,Nightcrawler,2014-10-23,2014,10 Oct,3) Other months,8500000.0,38697217.0,30197217.0,4.552613764705883,1.0,1,Q1 (lowest),4) 7.0 and above,7.6,3395,89.095538
11217,Club Dread,2004-02-27,2004,02 Feb,3) Other months,8500000.0,5001655.0,-3498345.0,0.58843,0.0,1,Q1 (lowest),2) 5.0-5.9,5.1,107,2.62082
15121,The Sound of Music,1965-03-02,1965,03 Mar,3) Other months,8200000.0,286214286.0,278014286.0,34.904181219512196,1.0,1,Q1 (lowest),4) 7.0 and above,7.4,941,37.960289
2619,Splash,1984-03-09,1984,03 Mar,3) Other months,8000000.0,69821334.0,61821334.0,8.72766675,1.0,1,Q1 (lowest),3) 6.0-6.9,6.1,321,21.735068
773,Little Miss Sunshine,2006-07-26,2006,07 Jul,1) Summer (May-Jul),8000000.0,100523181.0,92523181.0,12.565397625,1.0,1,Q1 (lowest),4) 7.0 and above,7.5,1686,14.793177
235,Stand by Me,1986-08-22,1986,08 Aug,3) Other months,8000000.0,52287414.0,44287414.0,6.53592675,1.0,1,Q1 (lowest),4) 7.0 and above,7.8,1522,51.109279
170,28 Days Later,2002-10-31,2002,10 Oct,3) Other months,5000000.0,82719885.0,77719885.0,16.543977,1.0,1,Q1 (lowest),4) 7.0 and above,7.1,1777,45.490374
14114,You Got Served,2004-01-30,2004,01 Jan,3) Other months,,,,,,0,,1) Below 5.0,4.8,75,3.804597
10734,Escape from Alcatraz,1979-06-22,1979,06 Jun,1) Summer (May-Jul),8000000.0,43000000.0,35000000.0,5.375,1.0,1,Q1 (lowest),4) 7.0 and above,7.2,561,26.356697
37964,Brown Sugar,2002-10-05,2002,10 Oct,3) Other months,8000000.0,27362712.0,19362712.0,3.420339,1.0,1,Q1 (lowest),4) 7.0 and above,7.0,31,3.501158
28121,A Thin Line Between Love and Hate,1996-04-04,1996,04 Apr,3) Other months,,,,,,0,,2) 5.0-5.9,5.7,15,2.088251
40807,50/50,2011-09-30,2011,09 Sep,3) Other months,8000000.0,39187783.0,31187783.0,4.898472875,1.0,1,Q1 (lowest),4) 7.0 and above,7.0,1261,33.372828
10885,Shutter,2008-03-21,2008,03 Mar,3) Other months,,,,,,0,,2) 5.0-5.9,5.3,180,8.864368
225565,That Awkward Moment,2014-01-29,2014,01 Jan,3) Other months,8000000.0,26049082.0,18049082.0,3.25613525,1.0,1,Q1 (lowest),3) 6.0-6.9,6.1,1004,37.821106
16471,Modern Problems,1981-12-25,1981,12 Dec,2) Holiday (Nov-Dec),,,,,,0,,2) 5.0-5.9,5.6,23,4.293706
385736,Kicks,2016-09-09,2016,09 Sep,3) Other months,,,,,,0,,4) 7.0 and above,7.5,18,3.467923
11971,Much Ado About Nothing,1993-05-07,1993,05 May,1) Summer (May-Jul),8000000.0,,,,,0,,4) 7.0 and above,7.2,189,10.19377
668,On Her Majesty's Secret Service,1969-12-12,1969,12 Dec,2) Holiday (Nov-Dec),6500000.0,81974493.0,75474493.0,12.611460461538462,1.0,1,Q1 (lowest),3) 6.0-6.9,6.5,456,25.289665
11596,New Nightmare,1994-10-13,1994,10 Oct,3) Other months,14000000.0,18090181.0,4090181.0,1.2921557857142858,1.0,1,Q2,3) 6.0-6.9,6.4,291,14.730796
14429,Drive Me Crazy,1999-10-01,1999,10 Oct,3) Other months,8000000.0,22593409.0,14593409.0,2.824176125,1.0,1,Q1 (lowest),2) 5.0-5.9,5.8,62,4.482714
13751,Akeelah and the Bee,2006-04-28,2006,04 Apr,3) Other months,8000000.0,18948425.0,10948425.0,2.368553125,1.0,1,Q1 (lowest),3) 6.0-6.9,6.7,81,4.932893
9490,Half Baked,1998-01-16,1998,01 Jan,3) Other months,8000000.0,17460020.0,9460020.0,2.1825025,1.0,1,Q1 (lowest),3) 6.0-6.9,6.4,177,7.894489
14536,New in Town,2009-01-30,2009,01 Jan,3) Other months,8000000.0,29010817.0,21010817.0,3.626352125,1.0,1,Q1 (lowest),2) 5.0-5.9,5.2,99,13.987772
1359,American Psycho,2000-04-13,2000,04 Apr,3) Other months,7000000.0,34266564.0,27266564.0,4.895223428571429,1.0,1,Q1 (lowest),4) 7.0 and above,7.3,2066,45.310443
9962,The Good Girl,2002-01-12,2002,01 Jan,3) Other months,8000000.0,16856124.0,8856124.0,2.1070155,1.0,1,Q1 (lowest),3) 6.0-6.9,6.1,181,9.799177
15049,Bon Cop Bad Cop,2006-07-06,2006,07 Jul,1) Summer (May-Jul),8000000.0,12671300.0,4671300.0,1.5839125,1.0,1,Q1 (lowest),3) 6.0-6.9,6.5,42,5.069095
22821,The Boondock Saints II: All Saints Day,2009-11-24,2009,11 Nov,2) Holiday (Nov-Dec),8000000.0,10629321.0,2629321.0,1.328665125,1.0,1,Q1 (lowest),2) 5.0-5.9,5.9,261,13.517017
42819,The City of Your Final Destination,2009-03-21,2009,03 Mar,3) Other months,,,,,,0,,,5.7,9,1.353971
209263,Enough Said,2013-09-18,2013,09 Sep,3) Other months,,25288872.0,,,,0,,3) 6.0-6.9,6.6,348,14.969093
37735,Easy A,2010-09-10,2010,09 Sep,3) Other months,8000000.0,74952305.0,66952305.0,9.369038125,1.0,1,Q1 (lowest),3) 6.0-6.9,6.7,2210,45.395839
59930,The Inkwell,1994-04-22,1994,04 Apr,3) Other months,,8880705.0,,,,0,,,3.9,5,0.269661
10873,Shadow of the Vampire,2000-05-15,2000,05 May,1) Summer (May-Jul),8000000.0,8279017.0,279017.0,1.034877125,1.0,1,Q1 (lowest),3) 6.0-6.9,6.6,148,5.93923
51588,Prom,2011-04-29,2011,04 Apr,3) Other months,8000000.0,10130000.0,2130000.0,1.26625,1.0,1,Q1 (lowest),2) 5.0-5.9,5.7,134,11.837067
23570,The Pallbearer,1996-05-03,1996,05 May,1) Summer (May-Jul),8000000.0,,,,,0,,1) Below 5.0,4.6,30,2.149469
19489,Held Up,1999-10-08,1999,10 Oct,3) Other months,,,,,,0,,1) Below 5.0,4.9,11,1.569449
14629,Woman on Top,2000-09-22,2000,09 Sep,3) Other months,8000000.0,,,,,0,,2) 5.0-5.9,5.5,46,3.535789
8293,Howards End,1992-03-13,1992,03 Mar,3) Other months,,25966555.0,,,,0,,3) 6.0-6.9,6.9,95,5.897391
291270,Anomalisa,2015-12-30,2015,12 Dec,2) Holiday (Nov-Dec),8000000.0,5659286.0,-2340714.0,0.70741075,0.0,1,Q1 (lowest),4) 7.0 and above,7.0,459,21.024346
44009,Another Year,2010-11-05,2010,11 Nov,2) Holiday (Nov-Dec),8000000.0,18124262.0,10124262.0,2.26553275,1.0,1,Q1 (lowest),4) 7.0 and above,7.0,97,7.235794
1958,8 Women,2002-01-08,2002,01 Jan,3) Other months,8000000.0,,,,,0,,3) 6.0-6.9,6.9,196,8.204829
13154,Showdown in Little Tokyo,1991-08-23,1991,08 Aug,3) Other months,8000000.0,2275557.0,-5724443.0,0.284444625,0.0,1,Q1 (lowest),2) 5.0-5.9,5.7,95,8.403859
26618,Clay Pigeons,1998-09-25,1998,09 Sep,3) Other months,,,,,,0,,3) 6.0-6.9,6.3,39,4.221313
43923,It's Kind of a Funny Story,2010-07-06,2010,07 Jul,1) Summer (May-Jul),8000000.0,6491240.0,-1508760.0,0.811405,0.0,1,Q1 (lowest),3) 6.0-6.9,6.9,672,13.143045
46138,Made in Dagenham,2010-09-11,2010,09 Sep,3) Other months,7200000.0,,,,,0,,3) 6.0-6.9,6.6,94,6.138802
45791,When Did You Last See Your Father?,2007-10-05,2007,10 Oct,3) Other months,,92.0,,,,0,,3) 6.0-6.9,6.9,13,1.939054
26306,Prefontaine,1997-01-24,1997,01 Jan,3) Other months,8000000.0,589304.0,-7410696.0,0.073663,0.0,1,Q1 (lowest),3) 6.0-6.9,6.7,21,8.717235
110683,The Wicked Lady,1983-04-21,1983,04 Apr,3) Other months,,,,,,0,,,4.3,4,0.289433
26963,The Secret of Kells,2009-02-09,2009,02 Feb,3) Other months,,,,,,0,,4) 7.0 and above,7.3,181,10.621353
198277,Begin Again,2013-09-07,2013,09 Sep,3) Other months,8000000.0,63464861.0,55464861.0,7.933107625,1.0,1,Q1 (lowest),4) 7.0 and above,7.3,1254,35.735689
7870,Down in the Valley,2005-05-13,2005,05 May,1) Summer (May-Jul),8000000.0,852872.0,-7147128.0,0.106609,0.0,1,Q1 (lowest),2) 5.0-5.9,5.9,63,7.433574
13072,Brooklyn Rules,2007-04-30,2007,04 Apr,3) Other months,8000000.0,458232.0,-7541768.0,0.057279,0.0,1,Q1 (lowest),2) 5.0-5.9,5.8,18,4.090382
153397,Restless,2012-12-07,2012,12 Dec,2) Holiday (Nov-Dec),,,,,,0,,,4.9,8,0.812776
30141,The Singing Detective,2003-10-24,2003,10 Oct,3) Other months,,,,,,0,,2) 5.0-5.9,5.9,41,6.335881
17044,The Land Girls,1998-09-25,1998,09 Sep,3) Other months,,,,,,0,,,7.0,3,1.278092
10288,Fido,2006-09-07,2006,09 Sep,3) Other months,8000000.0,426224.0,-7573776.0,0.053278,0.0,1,Q1 (lowest),3) 6.0-6.9,6.6,135,5.244518
12183,The Wendell Baker Story,2005-08-03,2005,08 Aug,3) Other months,,,,,,0,,2) 5.0-5.9,5.2,16,1.265683
44147,Wild Target,2010-06-17,2010,06 Jun,1) Summer (May-Jul),8000000.0,3453043.0,-4546957.0,0.431630375,0.0,1,Q1 (lowest),3) 6.0-6.9,6.4,215,10.791954
12192,Pathology,2008-04-11,2008,04 Apr,3) Other months,8000000.0,,,,,0,,2) 5.0-5.9,5.6,144,9.782433
36597,Wuthering Heights,2009-01-18,2009,01 Jan,3) Other months,,,,,,0,,3) 6.0-6.9,6.9,37,4.409263
13197,10th & Wolf,2006-02-19,2006,02 Feb,3) Other months,8000000.0,143451.0,-7856549.0,0.017931375,0.0,1,Q1 (lowest),3) 6.0-6.9,6.3,24,3.942464
10913,Dear Wendy,2005-01-22,2005,01 Jan,3) Other months,,,,,,0,,2) 5.0-5.9,5.6,33,2.597665
251321,Aloft,2014-02-12,2014,02 Feb,3) Other months,8000000.0,53086.0,-7946914.0,0.00663575,0.0,1,Q1 (lowest),2) 5.0-5.9,5.1,41,6.500835
149,Akira,1988-07-16,1988,07 Jul,1) Summer (May-Jul),8000000.0,553171.0,-7446829.0,0.069146375,0.0,1,Q1 (lowest),4) 7.0 and above,7.8,773,39.338097
10425,The Death and Life of Bobby Z,2007-07-23,2007,07 Jul,1) Summer (May-Jul),22000000.0,413454.0,-21586546.0,0.018793363636363636,0.0,1,Q2,2) 5.0-5.9,5.8,103,12.893219
49081,The Rocket: The Legend of Rocket Richard,2005-10-25,2005,10 Oct,3) Other months,8000000.0,2019009.0,-5980991.0,0.252376125,0.0,1,Q1 (lowest),3) 6.0-6.9,6.1,17,0.983484
256687,Swelter,2014-04-20,2014,04 Apr,3) Other months,,,,,,0,,1) Below 5.0,4.6,21,2.214925
220488,My Lucky Star,2013-09-17,2013,09 Sep,3) Other months,,,,,,0,,,4.3,8,1.86453
1544,Imagine Me & You,2005-02-01,2005,02 Feb,3) Other months,,2455831.0,,,,0,,4) 7.0 and above,7.0,177,9.100352
374461,Mr. Church,2016-09-16,2016,09 Sep,3) Other months,8000000.0,,,,,0,,4) 7.0 and above,7.0,129,7.828459
302,Swimming Pool,2003-05-18,2003,05 May,1) Summer (May-Jul),7800000.0,22441323.0,14641323.0,2.8770926923076923,1.0,1,Q1 (lowest),3) 6.0-6.9,6.4,153,11.000654
182873,Green Street Hooligans: Underground,2013-01-01,2013,01 Jan,3) Other months,,,,,,0,,2) 5.0-5.9,5.4,33,5.0005
21512,The Blood of Heroes,1989-10-19,1989,10 Oct,3) Other months,,882290.0,,,,0,,2) 5.0-5.9,5.9,31,6.41678
389425,Code of Honor,2016-05-06,2016,05 May,1) Summer (May-Jul),8000000.0,,,,,0,,1) Below 5.0,4.1,16,2.101718
403,Driving Miss Daisy,1989-12-13,1989,12 Dec,2) Holiday (Nov-Dec),7500000.0,145793296.0,138293296.0,19.439106133333333,1.0,1,Q1 (lowest),4) 7.0 and above,7.0,350,19.585801
29461,Soul Food,1997-09-26,1997,09 Sep,3) Other months,,,,,,0,,3) 6.0-6.9,6.6,19,4.105363
33542,Rumble in the Bronx,1995-01-30,1995,01 Jan,3) Other months,7500000.0,32392047.0,24892047.0,4.3189396,1.0,1,Q1 (lowest),3) 6.0-6.9,6.5,240,17.318839
283708,Far from Men,2014-08-30,2014,08 Aug,3) Other months,7700000.0,,,,,0,,3) 6.0-6.9,6.6,43,3.363973
9388,Thank You for Smoking,2005-09-05,2005,09 Sep,3) Other months,6500000.0,24793509.0,18293509.0,3.814386,1.0,1,Q1 (lowest),4) 7.0 and above,7.1,664,29.01153
1691,Hostel: Part II,2007-06-08,2007,06 Jun,1) Summer (May-Jul),10200000.0,35619521.0,25419521.0,3.4921099019607844,1.0,1,Q1 (lowest),2) 5.0-5.9,5.6,453,20.745052
24684,An Education,2009-10-29,2009,10 Oct,3) Other months,7500000.0,26096852.0,18596852.0,3.479580266666667,1.0,1,Q1 (lowest),3) 6.0-6.9,6.8,409,16.990308
2610,Shopgirl,2005-10-21,2005,10 Oct,3) Other months,10284523.0,11588205.0,1303682.0,1.1267615425625477,1.0,1,Q1 (lowest),2) 5.0-5.9,5.7,75,4.820166
11308,The Hotel New Hampshire,1984-03-09,1984,03 Mar,3) Other months,7500000.0,,,,,0,,2) 5.0-5.9,5.8,26,2.226412
11022,Narc,2002-01-14,2002,01 Jan,3) Other months,6500000.0,12633747.0,6133747.0,1.9436533846153845,1.0,1,Q1 (lowest),3) 6.0-6.9,6.8,142,8.526635
34341,Men with Brooms,2002-09-20,2002,09 Sep,3) Other months,7500000.0,4245870.0,-3254130.0,0.566116,0.0,1,Q1 (lowest),,4.5,7,1.369528
15365,Witless Protection,2008-02-22,2008,02 Feb,3) Other months,,,,,,0,,1) Below 5.0,4.0,26,1.82184
36046,The Work and the Glory,2004-11-24,2004,11 Nov,2) Holiday (Nov-Dec),7500000.0,3347647.0,-4152353.0,0.4463529333333333,0.0,1,Q1 (lowest),,6.1,7,0.571663
12569,Extract,2009-09-03,2009,09 Sep,3) Other months,8000000.0,10848783.0,2848783.0,1.356097875,1.0,1,Q1 (lowest),2) 5.0-5.9,5.7,192,14.652342
24356,Masked and Anonymous,2003-08-08,2003,08 Aug,3) Other months,,,,,,0,,2) 5.0-5.9,5.2,13,1.71729
55903,Betty Fisher and Other Stories,2001-09-01,2001,09 Sep,3) Other months,,,,,,0,,,7.0,3,0.024186
2577,Code 46,2003-09-02,2003,09 Sep,3) Other months,7500000.0,,,,,0,,3) 6.0-6.9,6.2,116,8.859657
103903,Outside Bet,2012-04-27,2012,04 Apr,3) Other months,7500000.0,,,,,0,,,5.8,2,0.086731
73873,Albert Nobbs,2011-12-21,2011,12 Dec,2) Holiday (Nov-Dec),8000000.0,5634828.0,-2365172.0,0.7043535,0.0,1,Q1 (lowest),3) 6.0-6.9,6.2,132,7.802245
312113,Black November,2012-12-07,2012,12 Dec,2) Holiday (Nov-Dec),12500000.0,,,,,0,,,6.4,4,1.589693
14165,Ta Ra Rum Pum,2007-04-27,2007,04 Apr,3) Other months,,,,,,0,,3) 6.0-6.9,6.0,13,0.553752
2011,Persepolis,2007-05-23,2007,05 May,1) Summer (May-Jul),7300000.0,,,,,0,,4) 7.0 and above,7.7,450,24.281951
45650,The Hole,2009-09-09,2009,09 Sep,3) Other months,,,,,,0,,2) 5.0-5.9,5.6,244,9.983004
7735,The Wave,2008-03-11,2008,03 Mar,3) Other months,7500000.0,19000000.0,11500000.0,2.533333333333333,1.0,1,Q1 (lowest),4) 7.0 and above,7.5,841,25.281197
301365,The Neon Demon,2016-06-08,2016,06 Jun,1) Summer (May-Jul),7000000.0,1333124.0,-5666876.0,0.1904462857142857,0.0,1,Q1 (lowest),3) 6.0-6.9,6.4,887,38.150787
25941,Harry Brown,2009-11-11,2009,11 Nov,2) Holiday (Nov-Dec),7300000.0,10329747.0,3029747.0,1.4150338356164383,1.0,1,Q1 (lowest),3) 6.0-6.9,6.7,348,16.829837
29064,The Omega Code,1999-10-15,1999,10 Oct,3) Other months,,2400000.0,,,,0,,1) Below 5.0,4.4,17,1.288173
7326,Juno,2007-12-05,2007,12 Dec,2) Holiday (Nov-Dec),7500000.0,231411584.0,223911584.0,30.854877866666666,1.0,1,Q1 (lowest),4) 7.0 and above,7.0,2244,19.782725
326284,Pound of Flesh,2015-05-07,2015,05 May,1) Summer (May-Jul),7500000.0,,,,,0,,2) 5.0-5.9,5.5,63,4.943588
681,Diamonds Are Forever,1971-12-13,1971,12 Dec,2) Holiday (Nov-Dec),7200000.0,116019547.0,108819547.0,16.113825972222223,1.0,1,Q1 (lowest),3) 6.0-6.9,6.3,553,34.634181
238,The Godfather,1972-03-14,1972,03 Mar,3) Other months,6000000.0,245066411.0,239066411.0,40.844401833333336,1.0,1,Q1 (lowest),4) 7.0 and above,8.4,5893,143.659698
535,Flashdance,1983-04-14,1983,04 Apr,3) Other months,4000000.0,92921203.0,88921203.0,23.23030075,1.0,1,Q1 (lowest),3) 6.0-6.9,6.1,302,18.422323
19913,(500) Days of Summer,2009-07-17,2009,07 Jul,1) Summer (May-Jul),7500000.0,60722734.0,53222734.0,8.096364533333333,1.0,1,Q1 (lowest),4) 7.0 and above,7.2,2904,45.610993
713,The Piano,1993-05-19,1993,05 May,1) Summer (May-Jul),7000000.0,116700000.0,109700000.0,16.67142857142857,1.0,1,Q1 (lowest),4) 7.0 and above,7.1,281,17.681707
77930,Magic Mike,2012-06-28,2012,06 Jun,1) Summer (May-Jul),7000000.0,167221571.0,160221571.0,23.888795857142856,1.0,1,Q1 (lowest),3) 6.0-6.9,6.1,1040,35.897151
10727,Darkness Falls,2003-01-24,2003,01 Jan,3) Other months,,,,,,0,,1) Below 5.0,4.9,161,11.199544
253,Live and Let Die,1973-07-05,1973,07 Jul,1) Summer (May-Jul),7000000.0,161777836.0,154777836.0,23.111119428571428,1.0,1,Q1 (lowest),3) 6.0-6.9,6.4,533,30.465138
17908,My Dog Skip,2000-01-14,2000,01 Jan,3) Other months,7000000.0,,,,,0,,3) 6.0-6.9,6.5,69,5.675535
8390,"Definitely, Maybe",2008-02-08,2008,02 Feb,3) Other months,,55447968.0,,,,0,,3) 6.0-6.9,6.7,620,29.173266
57119,Jumping the Broom,2011-05-06,2011,05 May,1) Summer (May-Jul),6600000.0,37710610.0,31110610.0,5.713728787878788,1.0,1,Q1 (lowest),3) 6.0-6.9,6.0,56,4.492455
3291,"Good Night, and Good Luck.",2005-09-16,2005,09 Sep,3) Other months,7000000.0,54600000.0,47600000.0,7.8,1.0,1,Q1 (lowest),3) 6.0-6.9,6.8,273,17.717681
398,Capote,2005-09-30,2005,09 Sep,3) Other months,7000000.0,49084830.0,42084830.0,7.012118571428571,1.0,1,Q1 (lowest),3) 6.0-6.9,6.8,384,17.434862
8068,Desperado,1995-08-25,1995,08 Aug,3) Other months,7000000.0,25405445.0,18405445.0,3.6293492857142855,1.0,1,Q1 (lowest),3) 6.0-6.9,6.8,881,25.511217
10803,Logan's Run,1976-06-23,1976,06 Jun,1) Summer (May-Jul),9000000.0,25000000.0,16000000.0,2.7777777777777777,1.0,1,Q1 (lowest),3) 6.0-6.9,6.6,269,12.268143
682,The Man with the Golden Gun,1974-12-01,1974,12 Dec,2) Holiday (Nov-Dec),7000000.0,97572000.0,90572000.0,13.938857142857144,1.0,1,Q1 (lowest),3) 6.0-6.9,6.3,524,30.214716
10117,Action Jackson,1988-02-12,1988,02 Feb,3) Other months,7000000.0,20256975.0,13256975.0,2.8938535714285716,1.0,1,Q1 (lowest),1) Below 5.0,4.9,50,6.872784
9392,The Descent,2005-07-08,2005,07 Jul,1) Summer (May-Jul),,,,,,0,,3) 6.0-6.9,6.8,1005,23.413188
24977,Michael Jordan to the Max,2000-05-05,2000,05 May,1) Summer (May-Jul),,21268532.0,,,,0,,4) 7.0 and above,7.5,10,1.830306
79316,Devil's Due,2014-01-08,2014,01 Jan,3) Other months,7000000.0,36433975.0,29433975.0,5.204853571428571,1.0,1,Q1 (lowest),1) Below 5.0,4.4,216,14.741589
2074,Flirting with Disaster,1996-03-22,1996,03 Mar,3) Other months,7000000.0,14702438.0,7702438.0,2.100348285714286,1.0,1,Q1 (lowest),3) 6.0-6.9,6.3,66,5.500324
1696,The Devil's Rejects,2005-07-22,2005,07 Jul,1) Summer (May-Jul),,,,,,0,,3) 6.0-6.9,6.6,322,16.754452
308639,Dope,2015-06-19,2015,06 Jun,1) Summer (May-Jul),700000.0,17986781.0,17286781.0,25.69540142857143,1.0,1,Q1 (lowest),4) 7.0 and above,7.2,691,29.761163
22314,In Too Deep,1999-08-25,1999,08 Aug,3) Other months,7000000.0,14011454.0,7011454.0,2.0016362857142855,1.0,1,Q1 (lowest),3) 6.0-6.9,6.2,17,2.772178
2662,House of 1000 Corpses,2003-04-11,2003,04 Apr,3) Other months,7000000.0,16829545.0,9829545.0,2.404220714285714,1.0,1,Q1 (lowest),3) 6.0-6.9,6.0,306,19.301432
77156,Alien Zone,1978-11-22,1978,11 Nov,2) Holiday (Nov-Dec),,,,,,0,,,4.0,3,0.000372
12573,A Serious Man,2009-10-02,2009,10 Oct,3) Other months,7000000.0,31430334.0,24430334.0,4.490047714285715,1.0,1,Q1 (lowest),3) 6.0-6.9,6.6,483,23.612409
44718,Get Low,2010-01-22,2010,01 Jan,3) Other months,7500000.0,,,,,0,,3) 6.0-6.9,6.5,100,6.557643
11342,Warlock,1989-06-01,1989,06 Jun,1) Summer (May-Jul),7000000.0,,,,,0,,2) 5.0-5.9,5.8,95,9.887662
241771,Beyond the Lights,2014-09-10,2014,09 Sep,3) Other months,7000000.0,14618727.0,7618727.0,2.0883895714285714,1.0,1,Q1 (lowest),4) 7.0 and above,7.0,139,8.079046
34653,A Single Man,2009-10-19,2009,10 Oct,3) Other months,7000000.0,,,,,0,,4) 7.0 and above,7.3,463,21.626288
11051,The Last Temptation of Christ,1988-08-12,1988,08 Aug,3) Other months,7000000.0,8373585.0,1373585.0,1.1962264285714286,1.0,1,Q1 (lowest),4) 7.0 and above,7.0,201,14.672151
14578,Outside Providence,1999-08-16,1999,08 Aug,3) Other months,7000000.0,7292175.0,292175.0,1.0417392857142858,1.0,1,Q1 (lowest),2) 5.0-5.9,5.6,30,2.627232
57825,Bride & Prejudice,2004-02-11,2004,02 Feb,3) Other months,7000000.0,,,,,0,,3) 6.0-6.9,6.5,110,12.150871
9555,Rabbit-Proof Fence,2002-02-04,2002,02 Feb,3) Other months,,,,,,0,,3) 6.0-6.9,6.8,84,2.128211
15581,Who's Your Caddy?,2007-07-27,2007,07 Jul,1) Summer (May-Jul),,,,,,0,,1) Below 5.0,3.8,18,2.881239
13006,Split Second,1992-05-01,1992,05 May,1) Summer (May-Jul),7.0,5.0,,,,0,,2) 5.0-5.9,5.7,63,4.857028
16651,The Other Side of Heaven,2001-04-12,2001,04 Apr,3) Other months,7000000.0,4720371.0,-2279629.0,0.6743387142857142,0.0,1,Q1 (lowest),3) 6.0-6.9,6.7,14,2.206097
4251,Veer-Zaara,2004-11-12,2004,11 Nov,2) Holiday (Nov-Dec),7000000.0,29385320.0,22385320.0,4.197902857142857,1.0,1,Q1 (lowest),4) 7.0 and above,7.4,64,3.721858
12400,Redbelt,2008-04-07,2008,04 Apr,3) Other months,7000000.0,,,,,0,,3) 6.0-6.9,6.4,76,5.091253
39053,Cyrus,2010-06-18,2010,06 Jun,1) Summer (May-Jul),7000000.0,,,,,0,,3) 6.0-6.9,6.1,133,15.212569
104896,A Dog Of Flanders,1999-08-27,1999,08 Aug,3) Other months,,,,,,0,,,6.4,6,0.838938
14112,Auto Focus,2002-10-18,2002,10 Oct,3) Other months,7000000.0,2062066.0,-4937934.0,0.29458085714285714,0.0,1,Q1 (lowest),3) 6.0-6.9,6.1,56,7.051521
12271,Factory Girl,2006-12-29,2006,12 Dec,2) Holiday (Nov-Dec),7000000.0,,,,,0,,3) 6.0-6.9,6.2,81,11.400229
71859,We Need to Talk About Kevin,2011-09-28,2011,09 Sep,3) Other months,7000000.0,6038942.0,-961058.0,0.862706,0.0,1,Q1 (lowest),4) 7.0 and above,7.4,677,21.276864
226354,The Christmas Candle,2013-11-22,2013,11 Nov,2) Holiday (Nov-Dec),,,,,,0,,,5.8,8,1.799504
48620,The Mighty Macs,2009-10-21,2009,10 Oct,3) Other months,7000000.0,,,,,0,,2) 5.0-5.9,5.0,15,2.932784
33676,Losin' It,1983-04-08,1983,04 Apr,3) Other months,7000000.0,1246141.0,-5753859.0,0.17802014285714285,0.0,1,Q1 (lowest),1) Below 5.0,4.5,31,2.550045
37080,Mother and Child,2009-11-07,2009,11 Nov,2) Holiday (Nov-Dec),7000000.0,,,,,0,,3) 6.0-6.9,6.7,46,5.517597
25388,March or Die,1977-09-08,1977,09 Sep,3) Other months,,,,,,0,,3) 6.0-6.9,6.2,16,3.829937
11687,The Visitors,1993-01-27,1993,01 Jan,3) Other months,,,,,,0,,4) 7.0 and above,7.1,420,8.893676
39210,Somewhere,2010-09-03,2010,09 Sep,3) Other months,8000000.0,,,,,0,,3) 6.0-6.9,6.0,208,9.590373
30128,I Hope They Serve Beer in Hell,2009-09-25,2009,09 Sep,3) Other months,7000000.0,1429299.0,-5570701.0,0.20418557142857144,0.0,1,Q1 (lowest),2) 5.0-5.9,5.7,20,7.155519
31535,Chairman of the Board,1998-03-13,1998,03 Mar,3) Other months,,,,,,0,,1) Below 5.0,2.7,13,0.587276
44835,Hesher,2010-01-22,2010,01 Jan,3) Other months,7000000.0,382946.0,-6617054.0,0.05470657142857143,0.0,1,Q1 (lowest),3) 6.0-6.9,6.7,212,13.635828
192134,Dom Hemingway,2013-11-15,2013,11 Nov,2) Holiday (Nov-Dec),,523511.0,,,,0,,2) 5.0-5.9,5.8,212,10.416332
1956,Gerry,2002-01-12,2002,01 Jan,3) Other months,3500000.0,,,,,0,,3) 6.0-6.9,6.2,68,5.038953
24985,The Heart of Me,2002-01-01,2002,01 Jan,3) Other months,7000000.0,,,,,0,,,7.7,5,1.498245
306745,Freeheld,2015-10-02,2015,10 Oct,3) Other months,7000000.0,573335.0,-6426665.0,0.081905,0.0,1,Q1 (lowest),4) 7.0 and above,7.1,164,8.184588
47088,The Extra Man,2010-08-01,2010,08 Aug,3) Other months,7000000.0,453079.0,-6546921.0,0.06472557142857142,0.0,1,Q1 (lowest),2) 5.0-5.9,5.9,29,2.26778
110402,Hard to Be a God,2013-02-27,2013,02 Feb,3) Other months,7000000.0,1310673.0,-5689327.0,0.187239,0.0,1,Q1 (lowest),3) 6.0-6.9,6.7,41,3.120016
27004,Ca$h,2010-01-01,2010,01 Jan,3) Other months,7000000.0,46488.0,-6953512.0,0.006641142857142857,0.0,1,Q1 (lowest),3) 6.0-6.9,6.0,73,8.207425
15013,Wah-Wah,2005-08-17,2005,08 Aug,3) Other months,,,,,,0,,,6.3,8,2.356244
8374,The Boondock Saints,1999-01-22,1999,01 Jan,3) Other months,6000000.0,30471.0,-5969529.0,0.0050785,0.0,1,Q1 (lowest),4) 7.0 and above,7.2,837,34.917447
277519,Z Storm,2014-06-19,2014,06 Jun,1) Summer (May-Jul),,,,,,0,,,5.8,5,0.542814
78381,Twixt,2011-09-10,2011,09 Sep,3) Other months,7000000.0,,,,,0,,2) 5.0-5.9,5.0,85,5.060656
164372,The Snow Queen,2012-10-11,2012,10 Oct,3) Other months,7000000.0,12400000.0,5400000.0,1.7714285714285714,1.0,1,Q1 (lowest),2) 5.0-5.9,5.1,47,5.33861
294512,Alpha and Omega: The Legend of the Saw Tooth Cave,2014-07-21,2014,07 Jul,1) Summer (May-Jul),,,,,,0,,,6.5,4,1.874783
8879,Pale Rider,1985-06-28,1985,06 Jun,1) Summer (May-Jul),,41410568.0,,,,0,,4) 7.0 and above,7.0,251,14.574995
13001,Stargate: The Ark of Truth,2008-03-11,2008,03 Mar,3) Other months,7000000.0,8900000.0,1900000.0,1.2714285714285714,1.0,1,Q1 (lowest),3) 6.0-6.9,6.9,140,8.591387
9571,Dazed and Confused,1993-09-24,1993,09 Sep,3) Other months,6900000.0,7993039.0,1093039.0,1.1584114492753623,1.0,1,Q1 (lowest),4) 7.0 and above,7.4,583,26.181753
13649,High School Musical 2,2007-08-17,2007,08 Aug,3) Other months,,7000000.0,,,,0,,3) 6.0-6.9,6.1,843,21.01755
325373,Two Lovers and a Bear,2016-10-02,2016,10 Oct,3) Other months,,,,,,0,,3) 6.0-6.9,6.8,27,3.139294
334527,Criminal Activities,2015-11-20,2015,11 Nov,2) Holiday (Nov-Dec),7000000.0,,,,,0,,2) 5.0-5.9,5.8,110,6.665164
2211,Aimee & Jaguar,1999-02-10,1999,02 Feb,3) Other months,,,,,,0,,3) 6.0-6.9,6.3,20,2.832628
13919,The Chumscrubber,2005-06-08,2005,06 Jun,1) Summer (May-Jul),,,,,,0,,3) 6.0-6.9,6.7,62,3.528643
14576,Shade,2003-05-18,2003,05 May,1) Summer (May-Jul),6800000.0,,,,,0,,3) 6.0-6.9,6.1,73,4.665309
82505,House at the End of the Street,2012-09-21,2012,09 Sep,3) Other months,6900000.0,44287131.0,37387131.0,6.418424782608696,1.0,1,Q1 (lowest),2) 5.0-5.9,5.6,555,25.613197
46738,Incendies,2010-09-04,2010,09 Sep,3) Other months,6800000.0,7103838.0,303838.0,1.0446820588235295,1.0,1,Q1 (lowest),4) 7.0 and above,7.9,479,21.285206
38970,"Remember Me, My Love",2003-02-11,2003,02 Feb,3) Other months,,,,,,0,,2) 5.0-5.9,5.8,44,4.240495
41009,Perrier’s Bounty,2009-09-11,2009,09 Sep,3) Other months,,,,,,0,,2) 5.0-5.9,5.1,24,3.810943
7347,Elite Squad,2007-10-12,2007,10 Oct,3) Other months,4000000.0,,,,,0,,4) 7.0 and above,7.8,504,23.604936
250546,Annabelle,2014-10-02,2014,10 Oct,3) Other months,6500000.0,255273813.0,248773813.0,39.272894307692304,1.0,1,Q1 (lowest),2) 5.0-5.9,5.6,1517,60.225219
38415,Bran Nue Dae,2009-08-09,2009,08 Aug,3) Other months,7.0,7.0,,,,0,,,5.2,6,0.050456
650,Boyz n the Hood,1991-07-12,1991,07 Jul,1) Summer (May-Jul),6500000.0,57504069.0,51004069.0,8.846779846153845,1.0,1,Q1 (lowest),4) 7.0 and above,7.4,364,17.705671
16620,La Bamba,1987-07-24,1987,07 Jul,1) Summer (May-Jul),6500000.0,54215416.0,47715416.0,8.340833230769231,1.0,1,Q1 (lowest),3) 6.0-6.9,6.8,116,6.847099
25113,The Four Seasons,1981-05-22,1981,05 May,1) Summer (May-Jul),,,,,,0,,3) 6.0-6.9,6.3,16,8.067702
11033,Dressed to Kill,1980-06-25,1980,06 Jun,1) Summer (May-Jul),6500000.0,31899000.0,25399000.0,4.907538461538461,1.0,1,Q1 (lowest),3) 6.0-6.9,6.8,157,11.208769
34723,The Adventures of Huck Finn,1993-04-02,1993,04 Apr,3) Other months,6500000.0,,,,,0,,3) 6.0-6.9,6.2,42,2.163683
9430,Go,1999-04-09,1999,04 Apr,3) Other months,6500000.0,28451622.0,21951622.0,4.377172615384615,1.0,1,Q1 (lowest),4) 7.0 and above,7.0,196,11.142389
8998,Friends with Money,2006-09-07,2006,09 Sep,3) Other months,6500000.0,13368437.0,6868437.0,2.056682615384615,1.0,1,Q1 (lowest),2) 5.0-5.9,5.1,128,11.885221
10514,The Andromeda Strain,1971-03-12,1971,03 Mar,3) Other months,6500000.0,12376563.0,5876563.0,1.9040866153846154,1.0,1,Q1 (lowest),4) 7.0 and above,7.0,190,12.524953
10496,Bats,1999-10-22,1999,10 Oct,3) Other months,,10.0,,,,0,,1) Below 5.0,4.1,35,1.537859
1591,Nowhere in Africa,2001-12-11,2001,12 Dec,2) Holiday (Nov-Dec),,,,,,0,,4) 7.0 and above,7.0,32,3.481517
76025,Shame,2011-10-02,2011,10 Oct,3) Other months,6500000.0,17693675.0,11193675.0,2.7221038461538463,1.0,1,Q1 (lowest),4) 7.0 and above,7.0,875,40.688426
4836,Layer Cake,2004-09-30,2004,09 Sep,3) Other months,6500000.0,11850214.0,5350214.0,1.8231098461538462,1.0,1,Q1 (lowest),4) 7.0 and above,7.0,559,24.0034
14631,The Work and the Glory II: American Zion,2005-10-21,2005,10 Oct,3) Other months,6500000.0,2025032.0,-4474968.0,0.3115433846153846,0.0,1,Q1 (lowest),,8.0,6,2.639106
87499,The East,2013-05-31,2013,05 May,1) Summer (May-Jul),6500000.0,2401510.0,-4098490.0,0.36946307692307695,0.0,1,Q1 (lowest),3) 6.0-6.9,6.5,305,16.574756
18923,A Home at the End of the World,2004-07-23,2004,07 Jul,1) Summer (May-Jul),6500000.0,1548955.0,-4951045.0,0.23830076923076923,0.0,1,Q1 (lowest),3) 6.0-6.9,6.8,45,5.483531
26665,Aberdeen,2000-07-05,2000,07 Jul,1) Summer (May-Jul),,,,,,0,,,7.0,6,1.068819
28089,The Messenger,2009-11-13,2009,11 Nov,2) Holiday (Nov-Dec),6500000.0,1521261.0,-4978739.0,0.23404015384615384,0.0,1,Q1 (lowest),4) 7.0 and above,7.1,119,8.432401
62255,Tracker,2010-05-20,2010,05 May,1) Summer (May-Jul),6500000.0,,,,,0,,3) 6.0-6.9,6.0,16,2.074295
5708,Control,2007-09-26,2007,09 Sep,3) Other months,,8159508.0,,,,0,,4) 7.0 and above,7.5,200,11.357474
218,The Terminator,1984-10-26,1984,10 Oct,3) Other months,6400000.0,78371200.0,71971200.0,12.2455,1.0,1,Q1 (lowest),4) 7.0 and above,7.3,4128,74.234793
338,"Good bye, Lenin!",2003-02-09,2003,02 Feb,3) Other months,4800000.0,79384880.0,74584880.0,16.538516666666666,1.0,1,Q1 (lowest),4) 7.0 and above,7.4,586,11.086001
21641,The Damned United,2009-03-27,2009,03 Mar,3) Other months,10000000.0,,,,,0,,4) 7.0 and above,7.2,152,13.409125
10925,The Return of the Living Dead,1985-05-15,1985,05 May,1) Summer (May-Jul),4000000.0,14237000.0,10237000.0,3.55925,1.0,1,Q1 (lowest),4) 7.0 and above,7.3,267,14.961629
2293,Mallrats,1995-10-20,1995,10 Oct,3) Other months,6000000.0,2122561.0,-3877439.0,0.35376016666666665,0.0,1,Q1 (lowest),3) 6.0-6.9,6.8,392,16.139771
621,Grease,1978-07-07,1978,07 Jul,1) Summer (May-Jul),6000000.0,181813770.0,175813770.0,30.302295,1.0,1,Q1 (lowest),4) 7.0 and above,7.2,1581,67.608041
792,Platoon,1986-12-18,1986,12 Dec,2) Holiday (Nov-Dec),6000000.0,138530565.0,132530565.0,23.0884275,1.0,1,Q1 (lowest),4) 7.0 and above,7.5,1205,49.802914
1777,Fahrenheit 9/11,2004-06-25,2004,06 Jun,1) Summer (May-Jul),6000000.0,119114517.0,113114517.0,19.8524195,1.0,1,Q1 (lowest),3) 6.0-6.9,6.8,397,16.20985
642,Butch Cassidy and the Sundance Kid,1969-09-23,1969,09 Sep,3) Other months,6000000.0,102308889.0,96308889.0,17.0514815,1.0,1,Q1 (lowest),4) 7.0 and above,7.4,650,24.499996
433,Mary Poppins,1964-08-27,1964,08 Aug,3) Other months,6000000.0,102272727.0,96272727.0,17.0454545,1.0,1,Q1 (lowest),4) 7.0 and above,7.4,1183,59.961523
16619,Ordinary People,1980-09-19,1980,09 Sep,3) Other months,6000000.0,,,,,0,,4) 7.0 and above,7.4,145,12.541983
1725,West Side Story,1961-10-18,1961,10 Oct,3) Other months,6000000.0,43656822.0,37656822.0,7.276137,1.0,1,Q1 (lowest),4) 7.0 and above,7.0,389,23.431117
11977,Caddyshack,1980-07-25,1980,07 Jul,1) Summer (May-Jul),6000000.0,39846344.0,33846344.0,6.641057333333333,1.0,1,Q1 (lowest),3) 6.0-6.9,6.6,365,15.929648
20322,The Brothers,2001-03-23,2001,03 Mar,3) Other months,,,,,,0,,3) 6.0-6.9,6.5,10,3.029944
16158,The Wood,1999-07-16,1999,07 Jul,1) Summer (May-Jul),6000000.0,25059640.0,19059640.0,4.176606666666666,1.0,1,Q1 (lowest),4) 7.0 and above,7.1,34,5.537646
629,The Usual Suspects,1995-07-19,1995,07 Jul,1) Summer (May-Jul),6000000.0,23341568.0,17341568.0,3.890261333333333,1.0,1,Q1 (lowest),4) 7.0 and above,8.1,3254,64.025031
10160,A Nightmare on Elm Street 5: The Dream Child,1989-08-11,1989,08 Aug,3) Other months,8000000.0,22168359.0,14168359.0,2.771044875,1.0,1,Q1 (lowest),2) 5.0-5.9,5.5,245,12.654051
11452,National Lampoon’s Van Wilder,2002-03-29,2002,03 Mar,3) Other months,5000000.0,38275483.0,33275483.0,7.6550966,1.0,1,Q1 (lowest),2) 5.0-5.9,5.9,858,35.108498
12163,The Wrestler,2008-09-07,2008,09 Sep,3) Other months,6000000.0,44703995.0,38703995.0,7.450665833333334,1.0,1,Q1 (lowest),4) 7.0 and above,7.3,1000,40.196514
32275,Duel in the Sun,1946-12-31,1946,12 Dec,2) Holiday (Nov-Dec),6000000.0,20400000.0,14400000.0,3.4,1.0,1,Q1 (lowest),3) 6.0-6.9,6.2,37,7.60445
13785,Best in Show,2000-09-19,2000,09 Sep,3) Other months,,,,,,0,,3) 6.0-6.9,6.7,166,10.982255
1103,Escape from New York,1981-05-22,1981,05 May,1) Summer (May-Jul),6000000.0,50244700.0,44244700.0,8.374116666666668,1.0,1,Q1 (lowest),3) 6.0-6.9,6.9,703,24.351305
36739,School Daze,1988-02-12,1988,02 Feb,3) Other months,,,,,,0,,3) 6.0-6.9,6.2,26,3.159574
14144,Daddy Day Camp,2007-08-08,2007,08 Aug,3) Other months,6000000.0,18197398.0,12197398.0,3.0328996666666668,1.0,1,Q1 (lowest),1) Below 5.0,4.4,91,12.601677
10622,Mr. Nice Guy,1997-01-31,1997,01 Jan,3) Other months,12716953.0,18814720.0,6097767.0,1.479499059247919,1.0,1,Q2,3) 6.0-6.9,6.3,128,7.077505
13370,A Mighty Wind,2003-04-16,2003,04 Apr,3) Other months,6000000.0,18750246.0,12750246.0,3.125041,1.0,1,Q1 (lowest),3) 6.0-6.9,6.6,74,4.053017
11191,Mystic Pizza,1988-10-13,1988,10 Oct,3) Other months,,,,,,0,,2) 5.0-5.9,5.9,123,6.379933
10215,Sliding Doors,1998-04-23,1998,04 Apr,3) Other months,6000000.0,58000000.0,52000000.0,9.666666666666666,1.0,1,Q1 (lowest),3) 6.0-6.9,6.5,354,15.639016
25066,Tales from the Hood,1995-05-24,1995,05 May,1) Summer (May-Jul),6000000.0,12000000.0,6000000.0,2.0,1.0,1,Q1 (lowest),2) 5.0-5.9,5.4,32,3.89204
1523,The Last King of Scotland,2006-09-01,2006,09 Sep,3) Other months,6000000.0,48027970.0,42027970.0,8.004661666666667,1.0,1,Q1 (lowest),4) 7.0 and above,7.4,558,26.286954
11361,Halloween 5: The Revenge of Michael Myers,1989-10-12,1989,10 Oct,3) Other months,5000000.0,11642254.0,6642254.0,2.3284508,1.0,1,Q1 (lowest),2) 5.0-5.9,5.2,183,8.008844
92591,Bernie,2012-04-27,2012,04 Apr,3) Other months,5000000.0,9206470.0,4206470.0,1.841294,1.0,1,Q1 (lowest),3) 6.0-6.9,6.5,320,12.68514
57612,Dolphins and Whales: Tribes of the Ocean,2008-02-15,2008,02 Feb,3) Other months,6000000.0,7518876.0,1518876.0,1.253146,1.0,1,Q1 (lowest),,8.0,3,0.041651
12509,Pollock,2000-09-06,2000,09 Sep,3) Other months,,,,,,0,,3) 6.0-6.9,6.6,91,8.483531
15256,200 Cigarettes,1999-02-26,1999,02 Feb,3) Other months,6000000.0,6852450.0,852450.0,1.142075,1.0,1,Q1 (lowest),3) 6.0-6.9,6.1,44,3.561198
83686,The Words,2012-09-07,2012,09 Sep,3) Other months,6000000.0,13231461.0,7231461.0,2.2052435,1.0,1,Q1 (lowest),3) 6.0-6.9,6.4,379,14.988746
80304,Casa De Mi Padre,2012-03-15,2012,03 Mar,3) Other months,,,,,,0,,2) 5.0-5.9,5.5,103,5.754416
28053,City Island,2009-03-06,2009,03 Mar,3) Other months,6000000.0,6670712.0,670712.0,1.1117853333333334,1.0,1,Q1 (lowest),3) 6.0-6.9,6.9,113,6.497285
67913,The Guard,2011-07-07,2011,07 Jul,1) Summer (May-Jul),6000000.0,19560274.0,13560274.0,3.2600456666666666,1.0,1,Q1 (lowest),3) 6.0-6.9,6.8,372,19.411141
13991,College,2008-08-28,2008,08 Aug,3) Other months,7000000.0,6230276.0,-769724.0,0.8900394285714286,0.0,1,Q1 (lowest),1) Below 5.0,4.8,48,7.034618
1443,The Virgin Suicides,1999-04-21,1999,04 Apr,3) Other months,6000000.0,10409377.0,4409377.0,1.7348961666666667,1.0,1,Q1 (lowest),4) 7.0 and above,7.1,817,26.218912
8545,Little Voice,1998-11-05,1998,11 Nov,2) Holiday (Nov-Dec),,,,,,0,,3) 6.0-6.9,6.6,61,4.647547
19556,Miss March,2009-03-13,2009,03 Mar,3) Other months,,,,,,0,,2) 5.0-5.9,5.4,77,9.371534
231576,Wish I Was Here,2014-01-18,2014,01 Jan,3) Other months,5500000.0,5483299.0,-16701.0,0.9969634545454545,0.0,1,Q1 (lowest),3) 6.0-6.9,6.4,300,15.015271
16172,Simply Irresistible,1999-02-05,1999,02 Feb,3) Other months,6000000.0,4398989.0,-1601011.0,0.7331648333333334,0.0,1,Q1 (lowest),2) 5.0-5.9,5.5,52,5.696491
13403,Hedwig and the Angry Inch,2001-07-20,2001,07 Jul,1) Summer (May-Jul),,,,,,0,,4) 7.0 and above,7.4,80,4.25422
15797,Only the Strong,1993-08-27,1993,08 Aug,3) Other months,6000000.0,3283371.0,-2716629.0,0.5472285,0.0,1,Q1 (lowest),3) 6.0-6.9,6.9,29,5.411243
347764,Goddess of Love,2015-08-31,2015,08 Aug,3) Other months,,,,,,0,,,6.2,9,1.273773
13537,Shattered Glass,2003-11-14,2003,11 Nov,2) Holiday (Nov-Dec),6000000.0,2944752.0,-3055248.0,0.490792,0.0,1,Q1 (lowest),3) 6.0-6.9,6.6,111,6.27257
20794,Novocaine,2001-11-23,2001,11 Nov,2) Holiday (Nov-Dec),6000000.0,2025238.0,-3974762.0,0.3375396666666667,0.0,1,Q1 (lowest),3) 6.0-6.9,6.0,44,4.148253
31064,The Business of Strangers,2001-01-19,2001,01 Jan,3) Other months,,,,,,0,,2) 5.0-5.9,5.7,19,1.369649
576,The Wild Bunch,1969-06-17,1969,06 Jun,1) Summer (May-Jul),6244087.0,638641.0,-5605446.0,0.10227932442325034,0.0,1,Q1 (lowest),4) 7.0 and above,7.6,259,14.970654
13990,The Wackness,2008-07-03,2008,07 Jul,1) Summer (May-Jul),6000000.0,2899975.0,-3100025.0,0.48332916666666664,0.0,1,Q1 (lowest),3) 6.0-6.9,6.2,94,7.161051
11583,The First Great Train Robbery,1979-01-25,1979,01 Jan,3) Other months,6000000.0,,,,,0,,3) 6.0-6.9,6.6,74,12.434688
18602,Morvern Callar,2002-01-01,2002,01 Jan,3) Other months,,,,,,0,,4) 7.0 and above,7.2,34,2.507912
27549,Beastmaster 2: Through the Portal of Time,1991-06-08,1991,06 Jun,1) Summer (May-Jul),6000000.0,869325.0,-5130675.0,0.1448875,0.0,1,Q1 (lowest),1) Below 5.0,4.6,17,1.478505
59728,The 5th Quarter,2011-03-25,2011,03 Mar,3) Other months,6000000.0,399611.0,-5600389.0,0.06660183333333333,0.0,1,Q1 (lowest),1) Below 5.0,4.7,12,0.215464
10930,The Flower of Evil,2003-02-09,2003,02 Feb,3) Other months,,,,,,0,,2) 5.0-5.9,5.7,10,1.229667
32395,The Greatest,2009-01-17,2009,01 Jan,3) Other months,6000000.0,,,,,0,,3) 6.0-6.9,6.2,34,6.903186
58882,Snow Flower and the Secret Fan,2011-07-15,2011,07 Jul,1) Summer (May-Jul),134005.0,1332231.0,1198226.0,9.941651430916757,1.0,1,Q1 (lowest),2) 5.0-5.9,5.3,22,2.260315
7547,Come Early Morning,2006-01-10,2006,01 Jan,3) Other months,6000000.0,,,,,0,,2) 5.0-5.9,5.9,10,3.427061
35944,Lucky Break,2001-08-24,2001,08 Aug,3) Other months,,,,,,0,,3) 6.0-6.9,6.5,11,0.669169
42222,Julia,1977-10-02,1977,10 Oct,3) Other months,,,,,,0,,3) 6.0-6.9,6.3,30,6.077735
13827,"Surfer, Dude",2008-09-05,2008,09 Sep,3) Other months,6000000.0,69497.0,-5930503.0,0.011582833333333334,0.0,1,Q1 (lowest),1) Below 5.0,4.7,25,2.404626
44260,Lake of Fire,2006-09-09,2006,09 Sep,3) Other months,,25.0,,,,0,,4) 7.0 and above,8.0,10,0.475748
9282,11:14,2003-05-16,2003,05 May,1) Summer (May-Jul),6000000.0,,,,,0,,3) 6.0-6.9,6.8,206,15.048067
38940,Men of War,1994-09-04,1994,09 Sep,3) Other months,,,,,,0,,2) 5.0-5.9,5.4,29,1.734764
35689,Don McKay,2009-04-24,2009,04 Apr,3) Other months,,,,,,0,,2) 5.0-5.9,5.4,21,1.496454
97614,Deadfall,2012-11-08,2012,11 Nov,2) Holiday (Nov-Dec),12000000.0,66351.0,-11933649.0,0.00552925,0.0,1,Q2,2) 5.0-5.9,5.6,224,10.19041
37206,A Shine of Rainbows,2009-10-01,2009,10 Oct,3) Other months,6000000.0,,,,,0,,3) 6.0-6.9,6.3,14,12.099486
58626,The Hit List,2011-04-02,2011,04 Apr,3) Other months,6000000.0,,,,,0,,2) 5.0-5.9,5.2,73,4.957014
183894,Emma,2009-10-11,2009,10 Oct,3) Other months,,,,,,0,,4) 7.0 and above,7.6,38,2.135689
837,Videodrome,1983-02-04,1983,02 Feb,3) Other months,5952000.0,2120439.0,-3831561.0,0.35625655241935483,0.0,1,Q1 (lowest),4) 7.0 and above,7.1,454,18.119265
1555,The Spanish Apartment,2002-05-17,2002,05 May,1) Summer (May-Jul),5300000.0,3897799.0,-1402201.0,0.7354337735849057,0.0,1,Q1 (lowest),4) 7.0 and above,7.0,266,13.034602
244783,Song One,2014-01-20,2014,01 Jan,3) Other months,6000000.0,32251.0,-5967749.0,0.005375166666666667,0.0,1,Q1 (lowest),2) 5.0-5.9,5.5,87,6.349218
16564,Winter in Wartime,2008-11-17,2008,11 Nov,2) Holiday (Nov-Dec),4000000.0,530048.0,-3469952.0,0.132512,0.0,1,Q1 (lowest),3) 6.0-6.9,6.8,66,5.013575
168027,Freaky Deaky,2012-04-22,2012,04 Apr,3) Other months,,,,,,0,,1) Below 5.0,4.9,18,4.448353
3482,The Train,1964-09-21,1964,09 Sep,3) Other months,5800000.0,6800000.0,1000000.0,1.1724137931034482,1.0,1,Q1 (lowest),4) 7.0 and above,7.2,72,4.49029
135595,Trade Of Innocents,2012-09-27,2012,09 Sep,3) Other months,,,,,,0,,2) 5.0-5.9,5.5,12,2.204138
8982,The Protector,2005-08-11,2005,08 Aug,3) Other months,6000000.0,27165581.0,21165581.0,4.527596833333333,1.0,1,Q1 (lowest),3) 6.0-6.9,6.8,167,11.81832
89861,Stiff Upper Lips,1998-06-12,1998,06 Jun,1) Summer (May-Jul),,,,,,0,,,10.0,1,0.356495
455,Bend It Like Beckham,2002-04-11,2002,04 Apr,3) Other months,3500159.0,76578641.0,73078482.0,21.878617799934233,1.0,1,Q1 (lowest),3) 6.0-6.9,6.2,578,22.054546
57022,Sunshine State,2002-06-21,2002,06 Jun,1) Summer (May-Jul),,,,,,0,,3) 6.0-6.9,6.0,10,4.245123
14351,Crossover,2006-09-01,2006,09 Sep,3) Other months,5800000.0,7000000.0,1200000.0,1.206896551724138,1.0,1,Q1 (lowest),1) Below 5.0,4.2,10,3.201886
147767,Khiladi 786,2012-12-07,2012,12 Dec,2) Holiday (Nov-Dec),,126.0,,,,0,,1) Below 5.0,4.7,11,0.114342
10664,[REC]²,2009-09-15,2009,09 Sep,3) Other months,5600000.0,18469680.0,12869680.0,3.298157142857143,1.0,1,Q1 (lowest),3) 6.0-6.9,6.4,489,22.341462
55567,Standing Ovation,2010-07-16,2010,07 Jul,1) Summer (May-Jul),,531826.0,,,,0,,,3.9,6,0.305922
9277,The Sting,1973-12-25,1973,12 Dec,2) Holiday (Nov-Dec),5500000.0,159616327.0,154116327.0,29.021150363636362,1.0,1,Q1 (lowest),4) 7.0 and above,7.9,622,28.500913
9443,Chariots of Fire,1981-05-15,1981,05 May,1) Summer (May-Jul),5500000.0,58972904.0,53472904.0,10.722346181818182,1.0,1,Q1 (lowest),3) 6.0-6.9,6.8,207,10.439971
16186,Diary of a Mad Black Woman,2005-02-25,2005,02 Feb,3) Other months,,,,,,0,,3) 6.0-6.9,6.4,71,3.784535
7863,Shine,1996-01-21,1996,01 Jan,3) Other months,,,,,,0,,4) 7.0 and above,7.3,131,10.396305
138697,Don Jon,2013-07-26,2013,07 Jul,1) Summer (May-Jul),6000000.0,,,,,0,,2) 5.0-5.9,5.9,1671,33.296684
11901,High Plains Drifter,1973-04-19,1973,04 Apr,3) Other months,5500000.0,15700000.0,10200000.0,2.8545454545454545,1.0,1,Q1 (lowest),4) 7.0 and above,7.4,278,19.127239
1548,Ghost World,2001-07-20,2001,07 Jul,1) Summer (May-Jul),7000000.0,,,,,0,,4) 7.0 and above,7.1,426,14.072941
11889,Iris,2001-12-14,2001,12 Dec,2) Holiday (Nov-Dec),,,,,,0,,3) 6.0-6.9,6.2,47,2.714043
33155,Galaxina,1980-06-06,1980,06 Jun,1) Summer (May-Jul),5500000.0,4865000.0,-635000.0,0.8845454545454545,0.0,1,Q1 (lowest),1) Below 5.0,3.3,16,2.141143
5528,The Chorus,2004-03-17,2004,03 Mar,3) Other months,,,,,,0,,4) 7.0 and above,7.5,526,20.982455
321,Mambo Italiano,2003-06-06,2003,06 Jun,1) Summer (May-Jul),4361898.0,3031801.0,-1330097.0,0.6950646255368649,0.0,1,Q1 (lowest),2) 5.0-5.9,5.6,28,2.080741
4997,Wonderland,2003-10-23,2003,10 Oct,3) Other months,5000000.0,2466444.0,-2533556.0,0.4932888,0.0,1,Q1 (lowest),3) 6.0-6.9,6.2,73,7.79068
925,Do the Right Thing,1989-06-30,1989,06 Jun,1) Summer (May-Jul),6500000.0,37295445.0,30795445.0,5.7377607692307695,1.0,1,Q1 (lowest),4) 7.0 and above,7.6,292,15.580335
27451,Harvard Man,2001-01-01,2001,01 Jan,3) Other months,,,,,,0,,1) Below 5.0,4.8,15,5.336243
73532,Le Havre,2011-05-17,2011,05 May,1) Summer (May-Jul),3850000.0,,,,,0,,3) 6.0-6.9,6.8,97,10.787322
979,Irreversible,2002-05-22,2002,05 May,1) Summer (May-Jul),,792.0,,,,0,,4) 7.0 and above,7.1,538,32.476098
193722,R100,2013-10-05,2013,10 Oct,3) Other months,5500000.0,,,,,0,,2) 5.0-5.9,5.4,31,3.21392
7913,Rang De Basanti,2006-01-26,2006,01 Jan,3) Other months,2200000.0,11502151.0,9302151.0,5.228250454545455,1.0,1,Q1 (lowest),4) 7.0 and above,7.2,97,5.206967
253253,Animals,2014-05-15,2014,05 May,1) Summer (May-Jul),,,,,,0,,,6.2,9,1.5846
51995,Salvation Boulevard,2011-07-15,2011,07 Jul,1) Summer (May-Jul),8000000.0,,,,,0,,2) 5.0-5.9,5.6,28,3.653305
13173,The Ten,2007-08-03,2007,08 Aug,3) Other months,,,,,,0,,1) Below 5.0,4.9,57,3.865122
22908,A Room for Romeo Brass,1999-08-23,1999,08 Aug,3) Other months,,,,,,0,,4) 7.0 and above,7.3,18,1.391958
70670,Headhunters,2011-08-04,2011,08 Aug,3) Other months,,15699707.0,,,,0,,4) 7.0 and above,7.1,399,20.821846
84204,Grabbers,2012-08-10,2012,08 Aug,3) Other months,,,,,,0,,3) 6.0-6.9,6.0,140,9.451228
25248,Saint Ralph,2004-09-11,2004,09 Sep,3) Other months,,,,,,0,,4) 7.0 and above,7.3,24,1.688495
230266,Miss Julie,2014-09-07,2014,09 Sep,3) Other months,5500000.0,5000000.0,-500000.0,0.9090909090909091,0.0,1,Q1 (lowest),2) 5.0-5.9,5.9,45,5.033065
16633,Somewhere in Time,1980-10-02,1980,10 Oct,3) Other months,5100000.0,,,,,0,,4) 7.0 and above,7.2,102,5.934016
63006,Dum Maaro Dum,2011-04-22,2011,04 Apr,3) Other months,,,,,,0,,,5.4,7,0.075817
91586,Insidious: Chapter 2,2013-09-12,2013,09 Sep,3) Other months,5000000.0,,,,,0,,3) 6.0-6.9,6.5,1211,48.375848
215,Saw II,2005-10-28,2005,10 Oct,3) Other months,4000000.0,152925093.0,148925093.0,38.23127325,1.0,1,Q1 (lowest),3) 6.0-6.9,6.3,1251,42.187986
333371,10 Cloverfield Lane,2016-03-10,2016,03 Mar,3) Other months,15000000.0,108286421.0,93286421.0,7.219094733333334,1.0,1,Q2,3) 6.0-6.9,6.8,2468,53.698683
9012,Jackass: The Movie,2002-10-21,2002,10 Oct,3) Other months,5000000.0,64282312.0,59282312.0,12.8564624,1.0,1,Q1 (lowest),3) 6.0-6.9,6.1,345,14.752587
345911,Lights Out,2016-07-21,2016,07 Jul,1) Summer (May-Jul),4900000.0,44107032.0,39207032.0,9.001435102040816,1.0,1,Q1 (lowest),3) 6.0-6.9,6.3,1129,48.170508
72571,Paranormal Activity 3,2011-10-19,2011,10 Oct,3) Other months,5000000.0,205703818.0,200703818.0,41.1407636,1.0,1,Q1 (lowest),2) 5.0-5.9,5.9,669,29.15813
242512,Ouija,2014-10-24,2014,10 Oct,3) Other months,5000000.0,103590271.0,98590271.0,20.7180542,1.0,1,Q1 (lowest),1) Below 5.0,4.9,983,56.30466
10072,A Nightmare on Elm Street 3: Dream Warriors,1987-02-27,1987,02 Feb,3) Other months,5000000.0,44793222.0,39793222.0,8.9586444,1.0,1,Q1 (lowest),3) 6.0-6.9,6.5,354,17.304055
211954,Instructions Not Included,2013-07-20,2013,07 Jul,1) Summer (May-Jul),5500000.0,99067206.0,93567206.0,18.012219272727272,1.0,1,Q1 (lowest),4) 7.0 and above,7.5,205,9.59729
82990,Paranormal Activity 4,2012-10-17,2012,10 Oct,3) Other months,5000000.0,142817992.0,137817992.0,28.5635984,1.0,1,Q1 (lowest),2) 5.0-5.9,5.2,563,20.326337
29912,The Robe,1953-09-16,1953,09 Sep,3) Other months,4100000.0,36000000.0,31900000.0,8.78048780487805,1.0,1,Q1 (lowest),3) 6.0-6.9,6.4,42,4.028875
11843,The Return of the Pink Panther,1975-05-21,1975,05 May,1) Summer (May-Jul),5000000.0,41833347.0,36833347.0,8.3666694,1.0,1,Q1 (lowest),3) 6.0-6.9,6.7,137,6.470766
11284,Freddy's Dead: The Final Nightmare,1991-09-05,1991,09 Sep,3) Other months,11000000.0,34872033.0,23872033.0,3.170184818181818,1.0,1,Q1 (lowest),2) 5.0-5.9,5.1,272,16.856231
504,Monster,2003-11-16,2003,11 Nov,2) Holiday (Nov-Dec),8000000.0,60378584.0,52378584.0,7.547323,1.0,1,Q1 (lowest),4) 7.0 and above,7.0,485,19.683187
173,"20,000 Leagues Under the Sea",1954-12-23,1954,12 Dec,2) Holiday (Nov-Dec),5000000.0,28200000.0,23200000.0,5.64,1.0,1,Q1 (lowest),3) 6.0-6.9,6.8,157,9.358197
227348,Paranormal Activity: The Marked Ones,2014-01-01,2014,01 Jan,3) Other months,5000000.0,86362372.0,81362372.0,17.2724744,1.0,1,Q1 (lowest),2) 5.0-5.9,5.2,449,19.984477
1955,The Elephant Man,1980-10-02,1980,10 Oct,3) Other months,5000000.0,26010864.0,21010864.0,5.2021728,1.0,1,Q1 (lowest),4) 7.0 and above,7.9,719,30.271066
152532,Dallas Buyers Club,2013-09-07,2013,09 Sep,3) Other months,5000000.0,55198285.0,50198285.0,11.039657,1.0,1,Q1 (lowest),4) 7.0 and above,7.9,2886,59.454473
243940,The Lazarus Effect,2015-01-29,2015,01 Jan,3) Other months,3300000.0,64110728.0,60810728.0,19.427493333333334,1.0,1,Q1 (lowest),2) 5.0-5.9,5.1,505,20.304235
77,Memento,2000-10-11,2000,10 Oct,3) Other months,9000000.0,39723096.0,30723096.0,4.413677333333333,1.0,1,Q1 (lowest),4) 7.0 and above,8.1,4028,60.715151
157547,Oculus,2013-09-08,2013,09 Sep,3) Other months,5000000.0,44030246.0,39030246.0,8.8060492,1.0,1,Q1 (lowest),3) 6.0-6.9,6.3,1050,35.871248
2295,Clerks II,2006-05-25,2006,05 May,1) Summer (May-Jul),5000000.0,26888376.0,21888376.0,5.3776752,1.0,1,Q1 (lowest),3) 6.0-6.9,6.9,398,18.077963
71,Billy Elliot,2000-05-18,2000,05 May,1) Summer (May-Jul),5000000.0,110000000.0,105000000.0,22.0,1.0,1,Q1 (lowest),4) 7.0 and above,7.4,750,20.428237
147773,The Way Way Back,2013-06-06,2013,06 Jun,1) Summer (May-Jul),4600000.0,23198652.0,18598652.0,5.043185217391304,1.0,1,Q1 (lowest),4) 7.0 and above,7.1,688,32.14444
16096,House Party 2,1991-10-23,1991,10 Oct,3) Other months,,,,,,0,,1) Below 5.0,4.7,21,3.673566
24266,The Man from Snowy River,1982-03-02,1982,03 Mar,3) Other months,3500000.0,20659423.0,17159423.0,5.902692285714286,1.0,1,Q1 (lowest),3) 6.0-6.9,6.8,37,3.656491
16508,Doug's 1st Movie,1999-03-26,1999,03 Mar,3) Other months,,,,,,0,,2) 5.0-5.9,5.4,22,1.88484
2895,The Apostle,1997-10-09,1997,10 Oct,3) Other months,5000000.0,,,,,0,,3) 6.0-6.9,6.1,38,4.227807
15660,Mommie Dearest,1981-09-18,1981,09 Sep,3) Other months,,,,,,0,,3) 6.0-6.9,6.5,54,3.102862
59968,Our Idiot Brother,2011-08-26,2011,08 Aug,3) Other months,10000000.0,17273593.0,7273593.0,1.7273593,1.0,1,Q1 (lowest),2) 5.0-5.9,5.9,365,15.688439
323677,Race,2016-02-19,2016,02 Feb,3) Other months,5000000.0,24804129.0,19804129.0,4.9608258,1.0,1,Q1 (lowest),4) 7.0 and above,7.1,478,22.9951
19848,The Players Club,1998-04-08,1998,04 Apr,3) Other months,,,,,,0,,3) 6.0-6.9,6.4,14,5.769822
256274,"As Above, So Below",2014-08-14,2014,08 Aug,3) Other months,5000000.0,40100000.0,35100000.0,8.02,1.0,1,Q1 (lowest),3) 6.0-6.9,6.1,766,26.510558
235271,Addicted,2014-10-10,2014,10 Oct,3) Other months,,,,,,0,,2) 5.0-5.9,5.4,63,7.544515
45153,Eve's Bayou,1997-09-07,1997,09 Sep,3) Other months,,,,,,0,,3) 6.0-6.9,6.1,27,1.126941
284293,Still Alice,2014-12-05,2014,12 Dec,2) Holiday (Nov-Dec),5000000.0,43884652.0,38884652.0,8.7769304,1.0,1,Q1 (lowest),4) 7.0 and above,7.5,1104,35.307577
24973,The Egyptian,1954-08-25,1954,08 Aug,3) Other months,5000000.0,15000000.0,10000000.0,3.0,1.0,1,Q1 (lowest),3) 6.0-6.9,6.0,11,4.079111
21610,Nighthawks,1981-03-17,1981,03 Mar,3) Other months,5000000.0,19905359.0,14905359.0,3.9810718,1.0,1,Q1 (lowest),3) 6.0-6.9,6.4,86,7.058868
10283,Friday the 13th Part VIII: Jason Takes Manhattan,1989-07-28,1989,07 Jul,1) Summer (May-Jul),5000000.0,14000000.0,9000000.0,2.8,1.0,1,Q1 (lowest),1) Below 5.0,4.8,191,12.904615
8346,My Big Fat Greek Wedding,2002-02-22,2002,02 Feb,3) Other months,5000000.0,368744044.0,363744044.0,73.7488088,1.0,1,Q1 (lowest),3) 6.0-6.9,6.2,671,18.115566
122081,Spring Breakers,2013-01-24,2013,01 Jan,3) Other months,5000000.0,31724284.0,26724284.0,6.3448568,1.0,1,Q1 (lowest),2) 5.0-5.9,5.0,1551,62.554173
10987,Halloween: The Curse of Michael Myers,1995-09-29,1995,09 Sep,3) Other months,5000000.0,15116634.0,10116634.0,3.0233268,1.0,1,Q1 (lowest),2) 5.0-5.9,5.0,170,9.483717
1391,Y Tu Mamá También,2001-06-08,2001,06 Jun,1) Summer (May-Jul),5000000.0,33616692.0,28616692.0,6.7233384,1.0,1,Q1 (lowest),4) 7.0 and above,7.3,315,16.890285
747,Shaun of the Dead,2004-04-09,2004,04 Apr,3) Other months,4000000.0,30039392.0,26039392.0,7.509848,1.0,1,Q1 (lowest),4) 7.0 and above,7.5,2420,49.12486
14745,The Haunting of Molly Hartley,2008-10-31,2008,10 Oct,3) Other months,,,,,,0,,1) Below 5.0,4.3,48,8.309894
26748,Lone Star,1996-06-21,1996,06 Jun,1) Summer (May-Jul),5000000.0,13269963.0,8269963.0,2.6539926,1.0,1,Q1 (lowest),3) 6.0-6.9,6.9,77,5.960149
11357,Halloween 4: The Return of Michael Myers,1988-10-21,1988,10 Oct,3) Other months,5000000.0,17768757.0,12768757.0,3.5537514,1.0,1,Q1 (lowest),2) 5.0-5.9,5.9,209,9.302349
24913,April Fool's Day,1986-03-27,1986,03 Mar,3) Other months,5000000.0,,,,,0,,2) 5.0-5.9,5.8,73,8.190888
13776,Diner,1982-04-02,1982,04 Apr,3) Other months,,,,,,0,,3) 6.0-6.9,6.9,83,5.87193
14854,Lone Wolf McQuade,1983-04-14,1983,04 Apr,3) Other months,5000000.0,12232628.0,7232628.0,2.4465256,1.0,1,Q1 (lowest),2) 5.0-5.9,5.5,67,8.452666
50357,Apollo 18,2011-07-20,2011,07 Jul,1) Summer (May-Jul),5000000.0,25562924.0,20562924.0,5.1125848,1.0,1,Q1 (lowest),2) 5.0-5.9,5.0,356,17.028252
13090,Sunshine Cleaning,2008-01-18,2008,01 Jan,3) Other months,5000000.0,16174377.0,11174377.0,3.2348754,1.0,1,Q1 (lowest),3) 6.0-6.9,6.5,255,19.336367
192141,No Escape,2015-08-26,2015,08 Aug,3) Other months,5000000.0,54418872.0,49418872.0,10.8837744,1.0,1,Q1 (lowest),3) 6.0-6.9,6.7,777,38.006982
16441,The Beastmaster,1982-08-20,1982,08 Aug,3) Other months,,14056528.0,,,,0,,3) 6.0-6.9,6.0,97,6.377523
29996,Solomon and Sheba,1959-12-25,1959,12 Dec,2) Holiday (Nov-Dec),5000000.0,12200000.0,7200000.0,2.44,1.0,1,Q1 (lowest),,5.4,8,0.835617
351819,Fifty Shades of Black,2016-01-28,2016,01 Jan,3) Other months,20000000.0,21164799.0,1164799.0,1.05823995,1.0,1,Q2,1) Below 5.0,4.3,331,14.947588
14834,Not Easily Broken,2009-01-09,2009,01 Jan,3) Other months,,,,,,0,,,6.3,9,5.1299
22649,A Farewell to Arms,1932-12-08,1932,12 Dec,2) Holiday (Nov-Dec),4.0,25.0,,,,0,,3) 6.0-6.9,6.2,28,1.199451
378200,The Perfect Match,2016-03-11,2016,03 Mar,3) Other months,,,,,,0,,2) 5.0-5.9,5.2,42,3.810827
20455,Digimon: The Movie,2000-03-17,2000,03 Mar,3) Other months,5500000.0,,,,,0,,3) 6.0-6.9,6.2,72,3.7387
13193,Saved!,2004-01-21,2004,01 Jan,3) Other months,,,,,,0,,3) 6.0-6.9,6.3,147,9.85123
11042,The Barbarian Invasions,2003-05-21,2003,05 May,1) Summer (May-Jul),8000000.0,3432342.0,-4567658.0,0.42904275,0.0,1,Q1 (lowest),3) 6.0-6.9,6.7,77,3.03091
10786,Robin and Marian,1976-03-11,1976,03 Mar,3) Other months,,,,,,0,,3) 6.0-6.9,6.6,50,3.199904
12484,The Forsaken,2001-04-27,2001,04 Apr,3) Other months,5000000.0,,,,,0,,1) Below 5.0,4.9,47,2.739307
17339,Force 10 from Navarone,1978-11-01,1978,11 Nov,2) Holiday (Nov-Dec),5000000.0,7230000.0,2230000.0,1.446,1.0,1,Q1 (lowest),3) 6.0-6.9,6.4,91,5.348446
11959,UHF,1989-07-21,1989,07 Jul,1) Summer (May-Jul),5000000.0,,,,,0,,3) 6.0-6.9,6.7,89,4.070044
9900,Grandma's Boy,2006-01-06,2006,01 Jan,3) Other months,,6538177.0,,,,0,,3) 6.0-6.9,6.6,220,9.974681
14662,Slums of Beverly Hills,1998-08-14,1998,08 Aug,3) Other months,5000000.0,,,,,0,,3) 6.0-6.9,6.5,44,6.308298
335,Once Upon a Time in the West,1968-12-21,1968,12 Dec,2) Holiday (Nov-Dec),5000000.0,5321508.0,321508.0,1.0643016,1.0,1,Q1 (lowest),4) 7.0 and above,8.1,1128,49.333137
15745,Made,2001-07-13,2001,07 Jul,1) Summer (May-Jul),5000000.0,5476060.0,476060.0,1.095212,1.0,1,Q1 (lowest),3) 6.0-6.9,6.3,55,4.149628
17431,Moon,2009-06-12,2009,06 Jun,1) Summer (May-Jul),5000000.0,9760104.0,4760104.0,1.9520208,1.0,1,Q1 (lowest),4) 7.0 and above,7.6,1794,46.114184
21014,Keeping Up with the Steins,2006-05-12,2006,05 May,1) Summer (May-Jul),,,,,,0,,2) 5.0-5.9,5.2,18,3.562563
78394,Sea Rex 3D: Journey to a Prehistoric World,2010-05-14,2010,05 May,1) Summer (May-Jul),5000000.0,4074023.0,-925977.0,0.8148046,0.0,1,Q1 (lowest),2) 5.0-5.9,5.9,11,4.498368
10217,The Sweet Hereafter,1997-05-14,1997,05 May,1) Summer (May-Jul),5000000.0,3263585.0,-1736415.0,0.652717,0.0,1,Q1 (lowest),3) 6.0-6.9,6.8,103,7.673124
46332,Of Gods and Men,2010-05-18,2010,05 May,1) Summer (May-Jul),4000000.0,41424067.0,37424067.0,10.35601675,1.0,1,Q1 (lowest),3) 6.0-6.9,6.5,91,4.992475
13996,Bottle Shock,2008-08-06,2008,08 Aug,3) Other months,5000000.0,4040588.0,-959412.0,0.8081176,0.0,1,Q1 (lowest),3) 6.0-6.9,6.6,60,6.174435
3028,Jekyll and Hyde ... Together Again,1982-11-10,1982,11 Nov,2) Holiday (Nov-Dec),,,,,,0,,,4.6,5,0.805312
1024,Heavenly Creatures,1994-09-02,1994,09 Sep,3) Other months,5000000.0,3049135.0,-1950865.0,0.609827,0.0,1,Q1 (lowest),4) 7.0 and above,7.0,294,8.753409
343795,90 Minutes in Heaven,2015-09-11,2015,09 Sep,3) Other months,5000000.0,4842699.0,-157301.0,0.9685398,0.0,1,Q1 (lowest),2) 5.0-5.9,5.4,40,3.943706
45658,Everything Must Go,2010-10-15,2010,10 Oct,3) Other months,5000000.0,2614773.0,-2385227.0,0.5229546,0.0,1,Q1 (lowest),3) 6.0-6.9,6.0,208,9.169411
16148,Zero Effect,1998-01-30,1998,01 Jan,3) Other months,5000000.0,1980338.0,-3019662.0,0.3960676,0.0,1,Q1 (lowest),3) 6.0-6.9,6.0,55,2.732031
4553,The Machinist,2004-02-09,2004,02 Feb,3) Other months,5000000.0,8203235.0,3203235.0,1.640647,1.0,1,Q1 (lowest),4) 7.0 and above,7.3,1247,35.252056
36351,Light Sleeper,1992-08-21,1992,08 Aug,3) Other months,5000000.0,,,,,0,,2) 5.0-5.9,5.7,15,6.063868
245916,Kill the Messenger,2014-10-09,2014,10 Oct,3) Other months,5000000.0,2450846.0,-2549154.0,0.4901692,0.0,1,Q1 (lowest),3) 6.0-6.9,6.6,355,21.343093
27585,Rabbit Hole,2010-12-16,2010,12 Dec,2) Holiday (Nov-Dec),5000000.0,5129058.0,129058.0,1.0258116,1.0,1,Q1 (lowest),3) 6.0-6.9,6.9,165,10.095184
1415,Party Monster,2003-09-05,2003,09 Sep,3) Other months,5000000.0,742898.0,-4257102.0,0.1485796,0.0,1,Q1 (lowest),2) 5.0-5.9,5.9,58,4.129165
313922,Green Room,2016-04-15,2016,04 Apr,3) Other months,5000000.0,3220371.0,-1779629.0,0.6440742,0.0,1,Q1 (lowest),3) 6.0-6.9,6.7,683,30.001024
14474,The Oh in Ohio,2006-03-30,2006,03 Mar,3) Other months,5000000.0,,,,,0,,2) 5.0-5.9,5.8,27,6.759235
199933,Atlas Shrugged Part III: Who is John Galt?,2014-09-12,2014,09 Sep,3) Other months,5000000.0,846704.0,-4153296.0,0.1693408,0.0,1,Q1 (lowest),1) Below 5.0,3.9,15,1.731035
13685,Bottle Rocket,1996-02-21,1996,02 Feb,3) Other months,7000000.0,560069.0,-6439931.0,0.08000985714285715,0.0,1,Q1 (lowest),3) 6.0-6.9,6.8,281,11.700578
8744,Albino Alligator,1996-09-09,1996,09 Sep,3) Other months,6000000.0,,,,,0,,2) 5.0-5.9,5.6,45,2.388683
38428,"Gandhi, My Father",2007-08-03,2007,08 Aug,3) Other months,,,,,,0,,,6.0,2,0.080704
8847,Standard Operating Procedure,2008-02-12,2008,02 Feb,3) Other months,,,,,,0,,3) 6.0-6.9,6.6,14,0.888986
39269,Out of the Blue,1980-05-01,1980,05 May,1) Summer (May-Jul),,,,,,0,,3) 6.0-6.9,6.5,17,0.679351
46838,Tucker and Dale vs Evil,2010-01-22,2010,01 Jan,3) Other months,5000000.0,5476793.0,476793.0,1.0953586,1.0,1,Q1 (lowest),4) 7.0 and above,7.3,847,19.940245
51384,"Lovely, Still",2008-01-01,2008,01 Jan,3) Other months,,,,,,0,,3) 6.0-6.9,6.2,13,1.286991
56930,Tycoon,1947-12-27,1947,12 Dec,2) Holiday (Nov-Dec),,,,,,0,,,6.6,4,0.042442
41730,Desert Blue,1999-06-06,1999,06 Jun,1) Summer (May-Jul),,,,,,0,,,5.5,9,1.116206
18442,Decoys,2004-02-27,2004,02 Feb,3) Other months,5000000.0,,,,,0,,1) Below 5.0,4.7,33,3.05434
298312,The Visit,2015-09-10,2015,09 Sep,3) Other months,5000000.0,98450062.0,93450062.0,19.6900124,1.0,1,Q1 (lowest),3) 6.0-6.9,6.0,1360,38.94708
11600,Redacted,2007-01-01,2007,01 Jan,3) Other months,5000000.0,782102.0,-4217898.0,0.1564204,0.0,1,Q1 (lowest),3) 6.0-6.9,6.2,37,3.792015
71547,Fascination,2004-10-13,2004,10 Oct,3) Other months,,,,,,0,,,3.8,4,0.219799
57876,Area 51,2015-05-15,2015,05 May,1) Summer (May-Jul),5000000.0,,,,,0,,1) Below 5.0,4.2,151,7.794
77495,Sleep Tight,2011-10-14,2011,10 Oct,3) Other months,5000000.0,,,,,0,,4) 7.0 and above,7.0,202,9.136965
13849,The Cottage,2008-02-07,2008,02 Feb,3) Other months,,,,,,0,,3) 6.0-6.9,6.3,80,8.39685
14849,Dead Like Me: Life After Death,2009-02-17,2009,02 Feb,3) Other months,,,,,,0,,2) 5.0-5.9,5.8,65,7.864905
12486,Farce of the Penguins,2006-12-01,2006,12 Dec,2) Holiday (Nov-Dec),,,,,,0,,1) Below 5.0,3.2,13,1.963219
19615,Flying By,2009-01-01,2009,01 Jan,3) Other months,,,,,,0,,,7.0,2,1.546169
244403,Rudderless,2014-10-17,2014,10 Oct,3) Other months,5000000.0,,,,,0,,4) 7.0 and above,7.4,105,10.619574
292481,Henry & Me,2014-08-18,2014,08 Aug,3) Other months,5000000.0,,,,,0,,,3.0,3,0.999655
340816,Christmas Eve,2015-12-04,2015,12 Dec,2) Holiday (Nov-Dec),,,,,,0,,3) 6.0-6.9,6.1,24,1.985243
78814,We Have Your Husband,2011-11-12,2011,11 Nov,2) Holiday (Nov-Dec),,,,,,0,,,5.0,3,0.102003
297596,Dying of the Light,2014-12-04,2014,12 Dec,2) Holiday (Nov-Dec),15000000.0,,,,,0,,1) Below 5.0,4.5,118,10.48009
299552,Born Of War,2013-12-05,2013,12 Dec,2) Holiday (Nov-Dec),,,,,,0,,,4.1,7,1.136568
11935,Capricorn One,1977-12-10,1977,12 Dec,2) Holiday (Nov-Dec),5000000.0,,,,,0,,3) 6.0-6.9,6.4,131,11.095219
113406,Should've Been Romeo,2012-04-28,2012,04 Apr,3) Other months,,,,,,0,,,,0,0.40703
447027,Running Forever,2015-10-27,2015,10 Oct,3) Other months,,,,,,0,,,,0,0.028756
290825,Yoga Hosers,2016-07-08,2016,07 Jul,1) Summer (May-Jul),5000000.0,,,,,0,,1) Below 5.0,4.7,102,8.618793
361159,Navy Seals vs. Zombies,2015-10-08,2015,10 Oct,3) Other months,,,,,,0,,1) Below 5.0,3.5,36,2.394613
12555,I Served the King of England,2006-12-19,2006,12 Dec,2) Holiday (Nov-Dec),,,,,,0,,4) 7.0 and above,7.0,22,2.387463
31175,Soul Kitchen,2009-09-09,2009,09 Sep,3) Other months,5000000.0,17872796.0,12872796.0,3.5745592,1.0,1,Q1 (lowest),4) 7.0 and above,7.1,116,5.461487
12498,Sling Blade,1996-08-30,1996,08 Aug,3) Other months,1000000.0,24475416.0,23475416.0,24.475416,1.0,1,Q1 (lowest),4) 7.0 and above,7.4,231,14.805264
77949,The Awakening,2011-08-17,2011,08 Aug,3) Other months,4798235.0,209696.0,-4588539.0,0.043702736527077145,0.0,1,Q1 (lowest),3) 6.0-6.9,6.3,458,25.30216
1690,Hostel,2005-01-06,2005,01 Jan,3) Other months,4800000.0,80578934.0,75778934.0,16.787277916666667,1.0,1,Q1 (lowest),2) 5.0-5.9,5.7,887,38.83192
8435,A Cock and Bull Story,2005-07-17,2005,07 Jul,1) Summer (May-Jul),,,,,,0,,3) 6.0-6.9,6.2,43,3.500741
64720,Take Shelter,2011-11-25,2011,11 Nov,2) Holiday (Nov-Dec),5000000.0,3099314.0,-1900686.0,0.6198628,0.0,1,Q1 (lowest),4) 7.0 and above,7.1,471,19.807295
49365,Lady in White,1988-04-22,1988,04 Apr,3) Other months,,,,,,0,,3) 6.0-6.9,6.3,25,1.435742
11404,Driving Lessons,2006-04-30,2006,04 Apr,3) Other months,,,,,,0,,3) 6.0-6.9,6.3,47,7.667888
300706,Let's Kill Ward's Wife,2014-12-23,2014,12 Dec,2) Holiday (Nov-Dec),5000000.0,,,,,0,,2) 5.0-5.9,5.5,76,8.496364
16337,The Texas Chainsaw Massacre 2,1986-08-22,1986,08 Aug,3) Other months,4700000.0,8025872.0,3325872.0,1.707632340425532,1.0,1,Q1 (lowest),2) 5.0-5.9,5.9,139,9.617777
11577,Pat Garrett & Billy the Kid,1973-05-23,1973,05 May,1) Summer (May-Jul),4638783.0,11000000.0,6361217.0,2.3713116134123973,1.0,1,Q1 (lowest),4) 7.0 and above,7.2,65,4.495256
77987,Only God Forgives,2013-05-30,2013,05 May,1) Summer (May-Jul),4800000.0,10337387.0,5537387.0,2.1536222916666667,1.0,1,Q1 (lowest),2) 5.0-5.9,5.6,862,35.754865
40185,Camping Sauvage,2005-10-13,2005,10 Oct,3) Other months,,,,,,0,,,4.8,4,0.20323
68202,Without Men,2011-06-29,2011,06 Jun,1) Summer (May-Jul),4.0,,,,,0,,,4.6,8,0.28076
8981,Dear Frankie,2004-05-18,2004,05 May,1) Summer (May-Jul),,,,,,0,,4) 7.0 and above,7.0,46,3.11319
10914,All Hat,2007-09-11,2007,09 Sep,3) Other months,,,,,,0,,,1.0,1,0.137535
50848,The Names of Love,2010-11-24,2010,11 Nov,2) Holiday (Nov-Dec),4600000.0,,,,,0,,4) 7.0 and above,7.3,93,6.368933
166624,Treading Water,2013-09-13,2013,09 Sep,3) Other months,4700000.0,,,,,0,,,5.6,6,0.217538
10822,Savage Grace,2007-05-18,2007,05 May,1) Summer (May-Jul),4600000.0,,,,,0,,2) 5.0-5.9,5.7,60,3.531877
10844,Out of the Blue,2006-10-12,2006,10 Oct,3) Other months,,,,,,0,,2) 5.0-5.9,5.9,18,0.706355
9336,Police Academy,1984-03-22,1984,03 Mar,3) Other months,4500000.0,146198896.0,141698896.0,32.488643555555555,1.0,1,Q1 (lowest),3) 6.0-6.9,6.5,602,15.002502
5689,The Blue Lagoon,1980-07-05,1980,07 Jul,1) Summer (May-Jul),4500000.0,58853106.0,54353106.0,13.078468,1.0,1,Q1 (lowest),2) 5.0-5.9,5.8,408,22.585384
712,Four Weddings and a Funeral,1994-03-09,1994,03 Mar,3) Other months,6000000.0,254700832.0,248700832.0,42.45013866666667,1.0,1,Q1 (lowest),3) 6.0-6.9,6.6,632,29.834065
13342,Fast Times at Ridgemont High,1982-08-13,1982,08 Aug,3) Other months,4500000.0,27092880.0,22592880.0,6.02064,1.0,1,Q1 (lowest),4) 7.0 and above,7.0,322,20.403344
10339,Moby Dick,1956-06-27,1956,06 Jun,1) Summer (May-Jul),4500000.0,10400000.0,5900000.0,2.311111111111111,1.0,1,Q1 (lowest),3) 6.0-6.9,6.9,89,5.224593
1429,25th Hour,2002-12-16,2002,12 Dec,2) Holiday (Nov-Dec),15000000.0,13060843.0,-1939157.0,0.8707228666666667,0.0,1,Q2,4) 7.0 and above,7.2,629,30.196039
9303,Bound,1996-09-13,1996,09 Sep,3) Other months,4500000.0,7011317.0,2511317.0,1.5580704444444444,1.0,1,Q1 (lowest),3) 6.0-6.9,6.9,198,15.359952
641,Requiem for a Dream,2000-10-27,2000,10 Oct,3) Other months,4500000.0,7390108.0,2890108.0,1.6422462222222223,1.0,1,Q1 (lowest),4) 7.0 and above,7.9,2443,11.573034
27686,State Fair,1945-08-29,1945,08 Aug,3) Other months,,,,,,0,,3) 6.0-6.9,6.2,19,1.847822
65749,Tango,1998-02-12,1998,02 Feb,3) Other months,,,,,,0,,,6.8,6,0.425551
6106,Salvador,1986-04-23,1986,04 Apr,3) Other months,4500000.0,,,,,0,,4) 7.0 and above,7.0,71,3.819796
252680,Moms' Night Out,2014-03-25,2014,03 Mar,3) Other months,5000000.0,10429707.0,5429707.0,2.0859414,1.0,1,Q1 (lowest),2) 5.0-5.9,5.5,121,10.274542
141,Donnie Darko,2001-01-18,2001,01 Jan,3) Other months,6000000.0,1270522.0,-4729478.0,0.21175366666666667,0.0,1,Q1 (lowest),4) 7.0 and above,7.7,3452,61.210016
66607,Saving Private Perez,2011-03-18,2011,03 Mar,3) Other months,,,,,,0,,3) 6.0-6.9,6.1,18,0.177356
17139,Character,1997-04-17,1997,04 Apr,3) Other months,4500000.0,,,,,0,,4) 7.0 and above,7.7,25,0.011697
12079,Spun,2002-06-01,2002,06 Jun,1) Summer (May-Jul),2000000.0,,,,,0,,3) 6.0-6.9,6.6,132,6.249262
39800,Life During Wartime,2009-10-10,2009,10 Oct,3) Other months,4500000.0,744816.0,-3755184.0,0.16551466666666667,0.0,1,Q1 (lowest),3) 6.0-6.9,6.3,30,3.108881
4550,Sympathy for Lady Vengeance,2005-07-29,2005,07 Jul,1) Summer (May-Jul),,23803308.0,,,,0,,4) 7.0 and above,7.4,356,17.074843
62116,Mozart's Sister,2010-06-09,2010,06 Jun,1) Summer (May-Jul),,,,,,0,,3) 6.0-6.9,6.2,13,0.774442
9991,Mean Machine,2001-12-26,2001,12 Dec,2) Holiday (Nov-Dec),,,,,,0,,3) 6.0-6.9,6.0,157,8.816995
13807,Exiled,2006-09-06,2006,09 Sep,3) Other months,4500000.0,,,,,0,,4) 7.0 and above,7.0,46,8.48639
68818,Blackthorn,2011-08-31,2011,08 Aug,3) Other months,,623528.0,,,,0,,3) 6.0-6.9,6.6,73,5.223096
12093,Lilya 4-ever,2002-08-23,2002,08 Aug,3) Other months,,,,,,0,,4) 7.0 and above,7.7,139,7.759215
36419,After.Life,2010-04-09,2010,04 Apr,3) Other months,4500000.0,3606395.0,-893605.0,0.8014211111111111,0.0,1,Q1 (lowest),2) 5.0-5.9,5.4,251,14.570359
281730,Fugly,2014-06-13,2014,06 Jun,1) Summer (May-Jul),,,,,,0,,,5.3,2,0.371337
510,One Flew Over the Cuckoo's Nest,1975-11-18,1975,11 Nov,2) Holiday (Nov-Dec),3000000.0,108981275.0,105981275.0,36.32709166666667,1.0,1,Q1 (lowest),4) 7.0 and above,8.2,2919,127.525581
362105,R.L. Stine's Monsterville: The Cabinet of Souls,2015-09-29,2015,09 Sep,3) Other months,4400000.0,,,,,0,,3) 6.0-6.9,6.9,35,3.898737
10970,Silent Movie,1976-06-17,1976,06 Jun,1) Summer (May-Jul),,,,,,0,,3) 6.0-6.9,6.7,78,7.315935
375290,Airlift,2016-01-22,2016,01 Jan,3) Other months,4500000.0,32000000.0,27500000.0,7.111111111111111,1.0,1,Q1 (lowest),4) 7.0 and above,7.3,57,2.551559
17663,Anne of Green Gables,1985-12-01,1985,12 Dec,2) Holiday (Nov-Dec),,,,,,0,,4) 7.0 and above,8.2,68,8.772574
270938,Falcon Rising,2014-09-05,2014,09 Sep,3) Other months,,,,,,0,,2) 5.0-5.9,5.5,71,6.988357
116613,The Sweeney,2012-09-11,2012,09 Sep,3) Other months,3730500.0,6294161.0,2563661.0,1.6872164589197158,1.0,1,Q1 (lowest),2) 5.0-5.9,5.7,109,6.938854
11826,Sexy Beast,2000-09-13,2000,09 Sep,3) Other months,5000000.0,,,,,0,,4) 7.0 and above,7.0,217,11.21273
29920,Easy Money,2010-01-15,2010,01 Jan,3) Other months,,,,,,0,,3) 6.0-6.9,6.5,63,7.217328
1088,Whale Rider,2003-01-30,2003,01 Jan,3) Other months,8000000.0,41400000.0,33400000.0,5.175,1.0,1,Q1 (lowest),4) 7.0 and above,7.1,111,12.439495
26379,Paa,2009-12-04,2009,12 Dec,2) Holiday (Nov-Dec),3250000.0,,,,,0,,3) 6.0-6.9,6.6,19,2.126139
34069,Cargo,2009-09-24,2009,09 Sep,3) Other months,,,,,,0,,2) 5.0-5.9,5.9,140,10.142218
10947,High School Musical,2006-01-20,2006,01 Jan,3) Other months,4200000.0,,,,,0,,3) 6.0-6.9,6.1,1000,16.536374
47452,Love and Death on Long Island,1997-01-01,1997,01 Jan,3) Other months,,,,,,0,,3) 6.0-6.9,6.9,11,0.933891
3040,Night Watch,2004-06-27,2004,06 Jun,1) Summer (May-Jul),4200000.0,32000000.0,27800000.0,7.619047619047619,1.0,1,Q1 (lowest),3) 6.0-6.9,6.3,210,12.540624
11386,The Crying Game,1992-09-02,1992,09 Sep,3) Other months,3705538.0,62548947.0,58843409.0,16.879855772630048,1.0,1,Q1 (lowest),3) 6.0-6.9,6.9,176,8.839651
10246,Porky's,1981-11-13,1981,11 Nov,2) Holiday (Nov-Dec),4000000.0,125728258.0,121728258.0,31.4320645,1.0,1,Q1 (lowest),3) 6.0-6.9,6.1,183,12.891276
29426,Survival of the Dead,2010-05-06,2010,05 May,1) Summer (May-Jul),4000000.0,,,,,0,,1) Below 5.0,4.6,116,10.789912
10331,Night of the Living Dead,1968-10-01,1968,10 Oct,3) Other months,114000.0,30000000.0,29886000.0,263.1578947368421,1.0,1,Q1 (lowest),4) 7.0 and above,7.5,580,25.666029
153,Lost in Translation,2003-08-31,2003,08 Aug,3) Other months,4000000.0,119723856.0,115723856.0,29.930964,1.0,1,Q1 (lowest),4) 7.0 and above,7.3,1895,45.66662
703,Annie Hall,1977-04-19,1977,04 Apr,3) Other months,4000000.0,38251425.0,34251425.0,9.56285625,1.0,1,Q1 (lowest),4) 7.0 and above,7.8,1010,35.892034
27191,The Greatest Show on Earth,1952-01-10,1952,01 Jan,3) Other months,4000000.0,36000000.0,32000000.0,9.0,1.0,1,Q1 (lowest),3) 6.0-6.9,6.6,50,8.988455
1365,Monster's Ball,2001-11-11,2001,11 Nov,2) Holiday (Nov-Dec),4000000.0,44909486.0,40909486.0,11.2273715,1.0,1,Q1 (lowest),3) 6.0-6.9,6.5,250,14.042041
287424,Maggie,2015-05-08,2015,05 May,1) Summer (May-Jul),4000000.0,187112.0,-3812888.0,0.046778,0.0,1,Q1 (lowest),2) 5.0-5.9,5.2,593,40.016306
451,Leaving Las Vegas,1995-10-27,1995,10 Oct,3) Other months,3600000.0,49800000.0,46200000.0,13.833333333333334,1.0,1,Q1 (lowest),4) 7.0 and above,7.1,360,22.030517
165864,Hansel and Gretel Get Baked,2013-02-19,2013,02 Feb,3) Other months,4500000.0,,,,,0,,1) Below 5.0,4.8,67,2.503612
987,The Front Page,1974-12-01,1974,12 Dec,2) Holiday (Nov-Dec),4000000.0,,,,,0,,3) 6.0-6.9,6.9,68,4.117968
241251,The Boy Next Door,2015-01-23,2015,01 Jan,3) Other months,4000000.0,52425855.0,48425855.0,13.10646375,1.0,1,Q1 (lowest),1) Below 5.0,4.1,1022,24.161735
40494,Trapeze,1956-05-30,1956,05 May,1) Summer (May-Jul),4000000.0,14400000.0,10400000.0,3.6,1.0,1,Q1 (lowest),3) 6.0-6.9,6.4,22,1.379354
39781,The Kids Are All Right,2010-07-09,2010,07 Jul,1) Summer (May-Jul),3500000.0,34705850.0,31205850.0,9.915957142857144,1.0,1,Q1 (lowest),3) 6.0-6.9,6.5,506,15.338211
8337,They Live,1988-11-23,1988,11 Nov,2) Holiday (Nov-Dec),4000000.0,13008928.0,9008928.0,3.252232,1.0,1,Q1 (lowest),4) 7.0 and above,7.1,550,29.852608
5925,The Great Escape,1963-06-20,1963,06 Jun,1) Summer (May-Jul),4000000.0,11744471.0,7744471.0,2.93611775,1.0,1,Q1 (lowest),4) 7.0 and above,7.8,717,35.061467
8357,What the #$*! Do We (K)now!?,2004-04-23,2004,04 Apr,3) Other months,,10000000.0,,,,0,,2) 5.0-5.9,5.8,34,7.288352
146203,The Last Exorcism Part II,2013-02-28,2013,02 Feb,3) Other months,5000000.0,15179302.0,10179302.0,3.0358604,1.0,1,Q1 (lowest),1) Below 5.0,4.4,203,10.605752
85350,Boyhood,2014-06-05,2014,06 Jun,1) Summer (May-Jul),4000000.0,44349000.0,40349000.0,11.08725,1.0,1,Q1 (lowest),4) 7.0 and above,7.5,1971,43.40352
512,Scoop,2006-07-27,2006,07 Jul,1) Summer (May-Jul),4000000.0,31584901.0,27584901.0,7.89622525,1.0,1,Q1 (lowest),3) 6.0-6.9,6.4,420,17.229537
13408,The Wash,2001-11-16,2001,11 Nov,2) Holiday (Nov-Dec),7000000.0,10229331.0,3229331.0,1.461333,1.0,1,Q1 (lowest),2) 5.0-5.9,5.3,26,2.453459
47816,3 Strikes,2000-03-01,2000,03 Mar,3) Other months,6000000.0,9000000.0,3000000.0,1.5,1.0,1,Q1 (lowest),2) 5.0-5.9,5.9,15,1.433692
10744,The Cooler,2003-01-17,2003,01 Jan,3) Other months,32000000.0,,,,,0,,3) 6.0-6.9,6.7,89,9.976428
11536,The Misfits,1961-01-01,1961,01 Jan,3) Other months,4000000.0,8200000.0,4200000.0,2.05,1.0,1,Q1 (lowest),3) 6.0-6.9,6.8,72,2.930058
9782,The Night Listener,2006-02-12,2006,02 Feb,3) Other months,,,,,,0,,2) 5.0-5.9,5.5,57,7.173059
18713,The Jerky Boys,1995-02-03,1995,02 Feb,3) Other months,,,,,,0,,1) Below 5.0,4.8,10,1.735462
6537,The Orphanage,2007-08-27,2007,08 Aug,3) Other months,,44000000.0,,,,0,,4) 7.0 and above,7.1,633,29.071955
184345,A Haunted House 2,2014-04-17,2014,04 Apr,3) Other months,,,,,,0,,2) 5.0-5.9,5.4,346,18.428909
1809,The Rules of Attraction,2002-10-11,2002,10 Oct,3) Other months,4000000.0,,,,,0,,3) 6.0-6.9,6.3,168,11.387335
2370,Topaz,1969-12-18,1969,12 Dec,2) Holiday (Nov-Dec),4000000.0,6000000.0,2000000.0,1.5,1.0,1,Q1 (lowest),3) 6.0-6.9,6.1,77,5.975604
9809,Let's Go to Prison,2006-11-17,2006,11 Nov,2) Holiday (Nov-Dec),4000000.0,4630045.0,630045.0,1.15751125,1.0,1,Q1 (lowest),2) 5.0-5.9,5.5,69,4.59841
5,Four Rooms,1995-12-09,1995,12 Dec,2) Holiday (Nov-Dec),4000000.0,4300000.0,300000.0,1.075,1.0,1,Q1 (lowest),3) 6.0-6.9,6.5,530,22.87623
11013,Secretary,2002-01-11,2002,01 Jan,3) Other months,4000000.0,9304609.0,5304609.0,2.32615225,1.0,1,Q1 (lowest),3) 6.0-6.9,6.7,376,19.107285
19153,The Real Cancun,2003-04-23,2003,04 Apr,3) Other months,,,,,,0,,,3.3,8,0.456485
10132,Talk Radio,1988-12-21,1988,12 Dec,2) Holiday (Nov-Dec),4000000.0,3468572.0,-531428.0,0.867143,0.0,1,Q1 (lowest),3) 6.0-6.9,6.7,46,4.541908
16448,Waiting for Guffman,1996-01-31,1996,01 Jan,3) Other months,,,,,,0,,4) 7.0 and above,7.3,63,4.348416
15122,Love Stinks,1999-09-10,1999,09 Sep,3) Other months,,,,,,0,,2) 5.0-5.9,5.4,11,3.347885
8141,You Kill Me,2007-02-09,2007,02 Feb,3) Other months,4000000.0,2426851.0,-1573149.0,0.60671275,0.0,1,Q1 (lowest),3) 6.0-6.9,6.2,80,6.091951
1546,Thumbsucker,2005-01-23,2005,01 Jan,3) Other months,,1919197.0,,,,0,,3) 6.0-6.9,6.1,67,4.757625
48572,Red State,2011-08-19,2011,08 Aug,3) Other months,4000000.0,1104682.0,-2895318.0,0.2761705,0.0,1,Q1 (lowest),2) 5.0-5.9,5.9,316,12.062371
14517,Mirrormask,2005-01-25,2005,01 Jan,3) Other months,4000000.0,866999.0,-3133001.0,0.21674975,0.0,1,Q1 (lowest),3) 6.0-6.9,6.6,102,7.758188
89708,Samsara,2011-09-16,2011,09 Sep,3) Other months,4000000.0,,,,,0,,4) 7.0 and above,8.0,167,12.781973
27551,The Barbarians,1987-03-01,1987,03 Mar,3) Other months,,,,,,0,,,5.1,8,1.631993
64678,The Art of Getting By,2011-06-17,2011,06 Jun,1) Summer (May-Jul),,1406224.0,,,,0,,3) 6.0-6.9,6.5,415,12.690224
309503,Zipper,2015-08-28,2015,08 Aug,3) Other months,,,,,,0,,2) 5.0-5.9,5.5,58,8.516229
14293,Poolhall Junkies,2002-06-07,2002,06 Jun,1) Summer (May-Jul),,,,,,0,,3) 6.0-6.9,6.5,25,5.90259
15059,The Loss of Sexual Innocence,1999-04-29,1999,04 Apr,3) Other months,4000000.0,,,,,0,,,5.2,9,2.866934
103328,Holy Motors,2012-07-02,2012,07 Jul,1) Summer (May-Jul),,641100.0,,,,0,,3) 6.0-6.9,6.9,228,9.140936
157847,Joe,2014-04-11,2014,04 Apr,3) Other months,4000000.0,2365467.0,-1634533.0,0.59136675,0.0,1,Q1 (lowest),3) 6.0-6.9,6.5,338,22.987897
25719,Shooting Fish,1997-08-22,1997,08 Aug,3) Other months,3000000.0,302204.0,-2697796.0,0.10073466666666667,0.0,1,Q1 (lowest),4) 7.0 and above,7.0,23,1.204941
48309,Prison,1988-03-04,1988,03 Mar,3) Other months,1300000.0,354704.0,-945296.0,0.2728492307692308,0.0,1,Q1 (lowest),3) 6.0-6.9,6.7,27,7.605291
27723,Psycho Beach Party,2000-08-06,2000,08 Aug,3) Other months,1500000.0,,,,,0,,3) 6.0-6.9,6.0,26,2.855963
20468,The Big Tease,1999-01-01,1999,01 Jan,3) Other months,,,,,,0,,,5.8,6,0.502396
242575,"Guten Tag, Ramón",2013-10-18,2013,10 Oct,3) Other months,4000000.0,,,,,0,,4) 7.0 and above,8.1,18,1.771584
44945,Trust,2010-09-10,2010,09 Sep,3) Other months,9500000.0,120000.0,-9380000.0,0.01263157894736842,0.0,1,Q1 (lowest),3) 6.0-6.9,6.6,307,21.230737
29122,An Everlasting Piece,2000-12-22,2000,12 Dec,2) Holiday (Nov-Dec),,,,,,0,,,6.0,1,0.068246
125123,Among Giants,1998-06-24,1998,06 Jun,1) Summer (May-Jul),,,,,,0,,,4.5,2,0.541652
111190,Adore,2013-04-03,2013,04 Apr,3) Other months,16000000.0,318982.0,-15681018.0,0.019936375,0.0,1,Q2,3) 6.0-6.9,6.1,291,18.790221
133575,The Velocity of Gary,1999-07-16,1999,07 Jul,1) Summer (May-Jul),4000000.0,,,,,0,,,4.2,5,0.409089
54580,Mondays in the Sun,2002-09-27,2002,09 Sep,3) Other months,4000000.0,146402.0,-3853598.0,0.0366005,0.0,1,Q1 (lowest),4) 7.0 and above,7.1,36,3.663108
52015,Stake Land,2010-09-30,2010,09 Sep,3) Other months,650000.0,33245.0,-616755.0,0.05114615384615385,0.0,1,Q1 (lowest),3) 6.0-6.9,6.2,285,12.496261
34941,The Last Time I Committed Suicide,1997-06-20,1997,06 Jun,1) Summer (May-Jul),,,,,,0,,,6.7,7,0.596889
227975,Futuro Beach,2014-05-01,2014,05 May,1) Summer (May-Jul),,,,,,0,,3) 6.0-6.9,6.4,31,2.611364
60422,Another Happy Day,2011-11-18,2011,11 Nov,2) Holiday (Nov-Dec),4000000.0,355688.0,-3644312.0,0.088922,0.0,1,Q1 (lowest),3) 6.0-6.9,6.2,37,3.238466
81390,A Lonely Place to Die,2011-04-09,2011,04 Apr,3) Other months,4000000.0,25345000.0,21345000.0,6.33625,1.0,1,Q1 (lowest),3) 6.0-6.9,6.2,157,8.30723
10981,Nothing,2003-09-09,2003,09 Sep,3) Other months,,,,,,0,,2) 5.0-5.9,5.8,38,3.408955
225235,The Geographer Drank His Globe Away,2013-07-26,2013,07 Jul,1) Summer (May-Jul),,4037782.0,,,,0,,4) 7.0 and above,7.3,23,1.876621
14902,1776,1972-11-09,1972,11 Nov,2) Holiday (Nov-Dec),,,,,,0,,4) 7.0 and above,7.1,20,1.807571
121676,Inescapable,2012-09-14,2012,09 Sep,3) Other months,,,,,,0,,2) 5.0-5.9,5.2,13,6.783053
22301,Hell's Angels,1930-11-15,1930,11 Nov,2) Holiday (Nov-Dec),3950000.0,8000000.0,4050000.0,2.0253164556962027,1.0,1,Q1 (lowest),3) 6.0-6.9,6.1,19,8.484123
20065,Purple Violets,2007-04-30,2007,04 Apr,3) Other months,4000000.0,,,,,0,,,5.7,9,0.936232
257087,The Veil,2016-04-21,2016,04 Apr,3) Other months,4000000.0,,,,,0,,1) Below 5.0,4.5,118,12.822534
46420,The Loved Ones,2009-09-13,2009,09 Sep,3) Other months,,,,,,0,,3) 6.0-6.9,6.6,207,4.989985
114635,The Helpers,2012-10-27,2012,10 Oct,3) Other months,4000000.0,,,,,0,,,4.1,8,1.390659
158150,How to Fall in Love,2012-07-21,2012,07 Jul,1) Summer (May-Jul),4000000.0,,,,,0,,2) 5.0-5.9,5.2,20,1.923514
251979,The Perfect Wave,2014-02-28,2014,02 Feb,3) Other months,,,,,,0,,1) Below 5.0,4.4,21,4.118612
874,A Man for All Seasons,1966-12-12,1966,12 Dec,2) Holiday (Nov-Dec),3900000.0,28350000.0,24450000.0,7.269230769230769,1.0,1,Q1 (lowest),4) 7.0 and above,7.5,89,9.541688
10774,Network,1976-11-01,1976,11 Nov,2) Holiday (Nov-Dec),3800000.0,23689877.0,19889877.0,6.234178157894737,1.0,1,Q1 (lowest),4) 7.0 and above,7.7,381,17.234745
770,Gone with the Wind,1939-12-15,1939,12 Dec,2) Holiday (Nov-Dec),4000000.0,400176459.0,396176459.0,100.04411475,1.0,1,Q1 (lowest),4) 7.0 and above,7.7,970,48.98255
266102,Desert Dancer,2014-07-03,2014,07 Jul,1) Summer (May-Jul),,,,,,0,,3) 6.0-6.9,6.5,18,1.972668
29715,Major Dundee,1965-04-07,1965,04 Apr,3) Other months,3800000.0,14873.0,-3785127.0,0.003913947368421052,0.0,1,Q1 (lowest),3) 6.0-6.9,6.2,38,3.490215
25209,Annie Get Your Gun,1950-05-17,1950,05 May,1) Summer (May-Jul),3768785.0,8000000.0,4231215.0,2.122700021359669,1.0,1,Q1 (lowest),4) 7.0 and above,7.3,22,1.726175
37495,Four Lions,2010-05-07,2010,05 May,1) Summer (May-Jul),967686.0,4270000.0,3302314.0,4.412588380941751,1.0,1,Q1 (lowest),4) 7.0 and above,7.0,423,20.544999
29262,The House of Sand,2005-05-13,2005,05 May,1) Summer (May-Jul),,,,,,0,,,6.7,9,0.389471
34769,Defendor,2009-09-12,2009,09 Sep,3) Other months,3500000.0,44462.0,-3455538.0,0.012703428571428572,0.0,1,Q1 (lowest),3) 6.0-6.9,6.5,195,8.45342
35032,The Pirate,1948-06-11,1948,06 Jun,1) Summer (May-Jul),3700000.0,2956000.0,-744000.0,0.798918918918919,0.0,1,Q1 (lowest),3) 6.0-6.9,6.6,17,0.90522
5178,The Good Heart,2009-09-11,2009,09 Sep,3) Other months,3800000.0,,,,,0,,3) 6.0-6.9,6.0,21,2.201678
8618,The History Boys,2006-10-02,2006,10 Oct,3) Other months,4000000.0,13401952.0,9401952.0,3.350488,1.0,1,Q1 (lowest),3) 6.0-6.9,6.6,66,3.771652
3116,Midnight Cowboy,1969-05-25,1969,05 May,1) Summer (May-Jul),3600000.0,44785053.0,41185053.0,12.4402925,1.0,1,Q1 (lowest),4) 7.0 and above,7.4,299,21.119209
9427,The Full Monty,1997-08-13,1997,08 Aug,3) Other months,3500000.0,257850122.0,254350122.0,73.67146342857143,1.0,1,Q1 (lowest),3) 6.0-6.9,6.8,363,17.002623
813,Airplane!,1980-07-02,1980,07 Jul,1) Summer (May-Jul),3500000.0,83453539.0,79953539.0,23.843868285714287,1.0,1,Q1 (lowest),4) 7.0 and above,7.1,1074,46.116885
352978,Chain of Command,2015-08-30,2015,08 Aug,3) Other months,5000000.0,,,,,0,,2) 5.0-5.9,5.3,11,1.398981
10634,Friday,1995-04-26,1995,04 Apr,3) Other months,3500000.0,28215918.0,24715918.0,8.061690857142857,1.0,1,Q1 (lowest),4) 7.0 and above,7.0,503,25.5748
9516,Menace II Society,1993-05-26,1993,05 May,1) Summer (May-Jul),3500000.0,27900000.0,24400000.0,7.9714285714285715,1.0,1,Q1 (lowest),4) 7.0 and above,7.2,173,3.418871
16288,Creepshow 2,1987-05-01,1987,05 May,1) Summer (May-Jul),3500000.0,14000000.0,10500000.0,4.0,1.0,1,Q1 (lowest),2) 5.0-5.9,5.9,129,10.729884
23330,The Ballad of Cable Hogue,1970-05-13,1970,05 May,1) Summer (May-Jul),3716946.0,5000000.0,1283054.0,1.3451903794136368,1.0,1,Q1 (lowest),3) 6.0-6.9,6.9,47,2.676535
18900,In Cold Blood,1967-12-14,1967,12 Dec,2) Holiday (Nov-Dec),3500000.0,13007551.0,9507551.0,3.716443142857143,1.0,1,Q1 (lowest),4) 7.0 and above,7.4,82,7.821438
27029,The Nun's Story,1959-06-18,1959,06 Jun,1) Summer (May-Jul),3500000.0,12800000.0,9300000.0,3.657142857142857,1.0,1,Q1 (lowest),4) 7.0 and above,7.4,46,3.281509
26268,Harper,1966-02-23,1966,02 Feb,3) Other months,3500000.0,12000000.0,8500000.0,3.4285714285714284,1.0,1,Q1 (lowest),3) 6.0-6.9,6.2,35,2.938973
573,Frenzy,1972-05-25,1972,05 May,1) Summer (May-Jul),3500000.0,12600000.0,9100000.0,3.6,1.0,1,Q1 (lowest),4) 7.0 and above,7.1,158,10.219942
310131,The Witch,2016-02-19,2016,02 Feb,3) Other months,3500000.0,40423945.0,36923945.0,11.549698571428571,1.0,1,Q1 (lowest),3) 6.0-6.9,6.3,1434,50.319662
40505,I Got the Hook Up,1998-05-27,1998,05 May,1) Summer (May-Jul),,,,,,0,,,5.4,8,0.593068
11363,She's the One,1996-08-26,1996,08 Aug,3) Other months,3500000.0,9482579.0,5982579.0,2.7093082857142856,1.0,1,Q1 (lowest),2) 5.0-5.9,5.7,70,8.406025
3033,Gods and Monsters,1998-01-21,1998,01 Jan,3) Other months,10000000.0,6451628.0,-3548372.0,0.6451628,0.0,1,Q1 (lowest),3) 6.0-6.9,6.8,81,5.588652
25376,The Secret in Their Eyes,2009-08-13,2009,08 Aug,3) Other months,2000000.0,33965843.0,31965843.0,16.9829215,1.0,1,Q1 (lowest),4) 7.0 and above,7.8,626,25.894065
22007,Train,2008-10-16,2008,10 Oct,3) Other months,,,,,,0,,1) Below 5.0,4.8,36,3.280081
765,Evil Dead II,1987-03-13,1987,03 Mar,3) Other months,3600000.0,5923044.0,2323044.0,1.64529,1.0,1,Q1 (lowest),4) 7.0 and above,7.6,742,35.674774
10615,Pootie Tang,2001-06-29,2001,06 Jun,1) Summer (May-Jul),,,,,,0,,2) 5.0-5.9,5.4,43,3.115754
205321,Sharknado,2013-07-11,2013,07 Jul,1) Summer (May-Jul),1000000.0,,,,,0,,1) Below 5.0,3.8,476,20.466433
89540,The Other Conquest,1999-04-01,1999,04 Apr,3) Other months,,,,,,0,,,5.4,4,0.015597
46146,Troll Hunter,2010-10-29,2010,10 Oct,3) Other months,3500000.0,4159678.0,659678.0,1.1884794285714286,1.0,1,Q1 (lowest),3) 6.0-6.9,6.7,583,12.982319
38007,Ira & Abby,2006-01-01,2006,01 Jan,3) Other months,,,,,,0,,,5.8,9,0.595136
14256,Winter Passing,2006-02-07,2006,02 Feb,3) Other months,3500000.0,113783.0,-3386217.0,0.03250942857142857,0.0,1,Q1 (lowest),3) 6.0-6.9,6.7,28,3.643608
540,D.E.B.S.,2004-01-21,2004,01 Jan,3) Other months,3500000.0,,,,,0,,2) 5.0-5.9,5.6,90,6.396936
370464,The Masked Saint,2016-01-08,2016,01 Jan,3) Other months,,,,,,0,,,2.9,7,0.909067
20055,The Betrayed,2008-09-27,2008,09 Sep,3) Other months,3500000.0,,,,,0,,2) 5.0-5.9,5.2,10,1.348114
224569,Taxman,1999-09-16,1999,09 Sep,3) Other months,,,,,,0,,,2.0,1,0.964802
395766,The Secret,2016-04-29,2016,04 Apr,3) Other months,,,,,,0,,,,0,0.042346
39303,2:13,2009-04-25,2009,04 Apr,3) Other months,3500000.0,,,,,0,,1) Below 5.0,4.6,10,1.271621
142061,"Batman: The Dark Knight Returns, Part 2",2013-01-18,2013,01 Jan,3) Other months,3500000.0,,,,,0,,4) 7.0 and above,7.9,419,25.891466
370662,Time to Choose,2015-09-04,2015,09 Sep,3) Other months,3500000.0,,,,,0,,,,0,1.618138
252360,In the Name of the King III,2013-12-27,2013,12 Dec,2) Holiday (Nov-Dec),3500000.0,,,,,0,,1) Below 5.0,3.3,19,4.304341
256740,Wicked Blood,2014-03-04,2014,03 Mar,3) Other months,3500000.0,,,,,0,,2) 5.0-5.9,5.3,37,3.158056
299145,Stranded,2015-06-05,2015,06 Jun,1) Summer (May-Jul),,,,,,0,,2) 5.0-5.9,5.0,11,3.230779
241766,Lords of London,2014-01-06,2014,01 Jan,3) Other months,3440000.0,,,,,0,,,3.6,6,1.913302
12535,High Anxiety,1977-12-25,1977,12 Dec,2) Holiday (Nov-Dec),3400000.0,31063038.0,27663038.0,9.136187647058824,1.0,1,Q1 (lowest),3) 6.0-6.9,6.5,84,5.690619
1667,March of the Penguins,2005-01-26,2005,01 Jan,3) Other months,8000000.0,127392239.0,119392239.0,15.924029875,1.0,1,Q1 (lowest),3) 6.0-6.9,6.9,358,17.537154
50839,Margin Call,2011-09-28,2011,09 Sep,3) Other months,3500000.0,19504039.0,16004039.0,5.572582571428572,1.0,1,Q1 (lowest),3) 6.0-6.9,6.7,524,26.259389
86549,August,2011-06-09,2011,06 Jun,1) Summer (May-Jul),,,,,,0,,3) 6.0-6.9,6.2,15,1.419431
13973,Choke,2008-09-26,2008,09 Sep,3) Other months,3000000.0,3830137.0,830137.0,1.2767123333333332,1.0,1,Q1 (lowest),3) 6.0-6.9,6.0,127,11.637458
244786,Whiplash,2014-10-10,2014,10 Oct,3) Other months,3300000.0,13092000.0,9792000.0,3.9672727272727273,1.0,1,Q1 (lowest),4) 7.0 and above,8.3,4254,192.528841
598,City of God,2002-02-05,2002,02 Feb,3) Other months,3300000.0,30641770.0,27341770.0,9.28538484848485,1.0,1,Q1 (lowest),4) 7.0 and above,8.1,1814,44.356711
11129,Human Traffic,1999-06-04,1999,06 Jun,1) Summer (May-Jul),600000.0,4000000.0,3400000.0,6.666666666666667,1.0,1,Q1 (lowest),3) 6.0-6.9,6.8,97,4.859873
75861,To Write Love on Her Arms,2015-03-13,2015,03 Mar,3) Other months,3400000.0,,,,,0,,3) 6.0-6.9,6.8,47,6.723057
13551,The Dead Girl,2006-11-07,2006,11 Nov,2) Holiday (Nov-Dec),,,,,,0,,3) 6.0-6.9,6.4,66,3.069605
103663,The Hunt,2012-08-28,2012,08 Aug,3) Other months,3800000.0,16800000.0,13000000.0,4.421052631578948,1.0,1,Q1 (lowest),4) 7.0 and above,7.9,927,21.826888
850,A Christmas Story,1983-11-18,1983,11 Nov,2) Holiday (Nov-Dec),,19294144.0,,,,0,,4) 7.0 and above,7.4,344,15.128316
12586,Bella,2006-09-09,2006,09 Sep,3) Other months,,,,,,0,,3) 6.0-6.9,6.7,37,1.814802
11564,Class of 1984,1982-08-20,1982,08 Aug,3) Other months,4300000.0,,,,,0,,3) 6.0-6.9,6.2,66,5.643023
301748,The Opposite Sex,2014-11-08,2014,11 Nov,2) Holiday (Nov-Dec),3300000.0,45000.0,-3255000.0,0.013636363636363636,0.0,1,Q1 (lowest),,4.1,9,2.964785
108346,Dreaming of Joseph Lees,1999-10-29,1999,10 Oct,3) Other months,2000000.0,7.0,,,,0,,,8.0,1,0.11615
8841,The Class,2008-09-24,2008,09 Sep,3) Other months,,28814580.0,,,,0,,3) 6.0-6.9,6.8,174,13.437038
805,Rosemary's Baby,1968-06-12,1968,06 Jun,1) Summer (May-Jul),3200000.0,33395426.0,30195426.0,10.436070625,1.0,1,Q1 (lowest),4) 7.0 and above,7.5,863,26.180367
11697,The Man Who Shot Liberty Valance,1962-04-22,1962,04 Apr,3) Other months,3200000.0,8000000.0,4800000.0,2.5,1.0,1,Q1 (lowest),4) 7.0 and above,7.4,265,11.735287
22051,Adam,2009-07-29,2009,07 Jul,1) Summer (May-Jul),,2277396.0,,,,0,,3) 6.0-6.9,6.9,150,8.308442
436,Maria Full of Grace,2004-01-18,2004,01 Jan,3) Other months,,,,,,0,,3) 6.0-6.9,6.9,101,3.027892
55347,Beginners,2010-09-11,2010,09 Sep,3) Other months,3200000.0,5332926.0,2132926.0,1.666539375,1.0,1,Q1 (lowest),3) 6.0-6.9,6.8,347,11.933449
10070,Feast,2005-10-14,2005,10 Oct,3) Other months,,658573.0,,,,0,,3) 6.0-6.9,6.1,160,8.825113
8469,Animal House,1978-07-27,1978,07 Jul,1) Summer (May-Jul),2700000.0,141000000.0,138300000.0,52.22222222222222,1.0,1,Q1 (lowest),4) 7.0 and above,7.0,418,17.332585
658,Goldfinger,1964-09-17,1964,09 Sep,3) Other months,2500000.0,124881062.0,122381062.0,49.9524248,1.0,1,Q1 (lowest),4) 7.0 and above,7.2,987,47.812466
125490,Antiviral,2012-09-19,2012,09 Sep,3) Other months,2400000.0,,,,,0,,2) 5.0-5.9,5.7,112,11.753553
1585,It's a Wonderful Life,1946-12-20,1946,12 Dec,2) Holiday (Nov-Dec),3180000.0,9644124.0,6464124.0,3.032743396226415,1.0,1,Q1 (lowest),4) 7.0 and above,8.0,1076,42.868495
627,Trainspotting,1996-02-23,1996,02 Feb,3) Other months,4000000.0,16491080.0,12491080.0,4.12277,1.0,1,Q1 (lowest),4) 7.0 and above,7.8,2655,63.513324
23618,The Original Kings of Comedy,2000-08-18,2000,08 Aug,3) Other months,,,,,,0,,3) 6.0-6.9,6.3,15,1.918959
41436,Paranormal Activity 2,2010-10-20,2010,10 Oct,3) Other months,3000000.0,177512032.0,174512032.0,59.17067733333333,1.0,1,Q1 (lowest),2) 5.0-5.9,5.7,722,22.789649
10162,Waking Ned,1998-09-15,1998,09 Sep,3) Other months,,,,,,0,,4) 7.0 and above,7.4,54,5.735912
1430,Bowling for Columbine,2002-10-09,2002,10 Oct,3) Other months,4000000.0,35564473.0,31564473.0,8.89111825,1.0,1,Q1 (lowest),4) 7.0 and above,7.3,453,11.414843
259943,Coming Home,2014-05-16,2014,05 May,1) Summer (May-Jul),,,,,,0,,3) 6.0-6.9,6.9,49,6.017273
10014,A Nightmare on Elm Street Part 2: Freddy's Revenge,1985-10-31,1985,10 Oct,3) Other months,3000000.0,29999213.0,26999213.0,9.999737666666666,1.0,1,Q1 (lowest),2) 5.0-5.9,5.7,361,21.607228
11257,A Room with a View,1985-12-13,1985,12 Dec,2) Holiday (Nov-Dec),3000000.0,20966644.0,17966644.0,6.9888813333333335,1.0,1,Q1 (lowest),3) 6.0-6.9,6.9,156,7.961559
158015,The Purge,2013-05-31,2013,05 May,1) Summer (May-Jul),3000000.0,89328627.0,86328627.0,29.776209,1.0,1,Q1 (lowest),3) 6.0-6.9,6.0,2428,54.403033
82507,Sinister,2012-03-29,2012,03 Mar,3) Other months,3000000.0,77712439.0,74712439.0,25.904146333333333,1.0,1,Q1 (lowest),3) 6.0-6.9,6.7,1573,41.045084
20337,Martin Lawrence Live: Runteldat,2002-08-01,2002,08 Aug,3) Other months,3000000.0,19184015.0,16184015.0,6.3946716666666665,1.0,1,Q1 (lowest),,5.0,1,0.295226
261,Cat on a Hot Tin Roof,1958-02-17,1958,02 Feb,3) Other months,3000000.0,17570324.0,14570324.0,5.8567746666666665,1.0,1,Q1 (lowest),4) 7.0 and above,7.6,165,16.553594
1685,Beneath the Planet of the Apes,1970-05-01,1970,05 May,1) Summer (May-Jul),3000000.0,18999718.0,15999718.0,6.333239333333333,1.0,1,Q1 (lowest),3) 6.0-6.9,6.2,361,24.393296
20737,Air Bud,1997-08-01,1997,08 Aug,3) Other months,3000000.0,23144499.0,20144499.0,7.714833,1.0,1,Q1 (lowest),2) 5.0-5.9,5.3,106,11.241802
10991,Pokémon: Spell of the Unknown,2000-07-08,2000,07 Jul,1) Summer (May-Jul),16000000.0,68411275.0,52411275.0,4.2757046875,1.0,1,Q2,2) 5.0-5.9,5.9,137,9.18885
10225,Friday the 13th Part VI: Jason Lives,1986-08-01,1986,08 Aug,3) Other months,3000000.0,19472057.0,16472057.0,6.490685666666667,1.0,1,Q1 (lowest),2) 5.0-5.9,5.7,216,11.158167
826,The Bridge on the River Kwai,1957-10-02,1957,10 Oct,3) Other months,3000000.0,33300000.0,30300000.0,11.1,1.0,1,Q1 (lowest),4) 7.0 and above,7.7,542,23.109959
34086,Spaced Invaders,1990-04-27,1990,04 Apr,3) Other months,3000000.0,15369573.0,12369573.0,5.123191,1.0,1,Q1 (lowest),1) Below 5.0,4.7,25,1.586598
5854,Family Plot,1976-04-09,1976,04 Apr,3) Other months,2000000.0,7900000.0,5900000.0,3.95,1.0,1,Q1 (lowest),3) 6.0-6.9,6.7,86,3.832858
284,The Apartment,1960-06-15,1960,06 Jun,1) Summer (May-Jul),3000000.0,25000000.0,22000000.0,8.333333333333334,1.0,1,Q1 (lowest),4) 7.0 and above,8.1,483,22.889294
10285,Jason Goes to Hell: The Final Friday,1993-08-13,1993,08 Aug,3) Other months,3000000.0,15938065.0,12938065.0,5.312688333333333,1.0,1,Q1 (lowest),1) Below 5.0,4.2,193,10.341982
5780,Torn Curtain,1966-07-13,1966,07 Jul,1) Summer (May-Jul),3000000.0,13000000.0,10000000.0,4.333333333333333,1.0,1,Q1 (lowest),3) 6.0-6.9,6.4,120,7.924982
292,Dave Chappelle's Block Party,2005-09-12,2005,09 Sep,3) Other months,3000000.0,11718595.0,8718595.0,3.906198333333333,1.0,1,Q1 (lowest),3) 6.0-6.9,6.4,28,1.697846
223485,Slow West,2015-04-16,2015,04 Apr,3) Other months,,229094.0,,,,0,,3) 6.0-6.9,6.6,367,14.936661
29463,Krush Groove,1985-10-25,1985,10 Oct,3) Other months,3000000.0,,,,,0,,4) 7.0 and above,7.0,11,0.720091
18065,Next Day Air,2009-02-06,2009,02 Feb,3) Other months,,,,,,0,,2) 5.0-5.9,5.3,36,2.747402
22013,Elmer Gantry,1960-06-19,1960,06 Jun,1) Summer (May-Jul),3000000.0,10400000.0,7400000.0,3.466666666666667,1.0,1,Q1 (lowest),4) 7.0 and above,7.3,41,6.734965
821,Judgment at Nuremberg,1961-12-01,1961,12 Dec,2) Holiday (Nov-Dec),3000000.0,10000000.0,7000000.0,3.3333333333333335,1.0,1,Q1 (lowest),4) 7.0 and above,7.6,155,13.338539
53862,Trippin',1999-05-12,1999,05 May,1) Summer (May-Jul),,9016377.0,,,,0,,,4.5,4,0.185373
3089,Red River,1948-08-26,1948,08 Aug,3) Other months,3000000.0,9012000.0,6012000.0,3.004,1.0,1,Q1 (lowest),4) 7.0 and above,7.3,82,5.344815
30139,Phat Girlz,2006-01-01,2006,01 Jan,3) Other months,,,,,,0,,1) Below 5.0,3.7,10,0.982624
132344,Before Midnight,2013-04-05,2013,04 Apr,3) Other months,3000000.0,11176469.0,8176469.0,3.725489666666667,1.0,1,Q1 (lowest),4) 7.0 and above,7.4,568,23.299907
15582,Teen Wolf Too,1987-11-20,1987,11 Nov,2) Holiday (Nov-Dec),,,,,,0,,1) Below 5.0,3.8,46,4.103764
15158,Phantasm II,1988-07-08,1988,07 Jul,1) Summer (May-Jul),3000000.0,7282851.0,4282851.0,2.427617,1.0,1,Q1 (lowest),3) 6.0-6.9,6.3,94,5.003615
44634,Woman Thou Art Loosed,2004-09-30,2004,09 Sep,3) Other months,3000000.0,6804016.0,3804016.0,2.2680053333333334,1.0,1,Q1 (lowest),,5.0,3,0.019984
30309,Real Women Have Curves,2002-01-01,2002,01 Jan,3) Other months,,,,,,0,,2) 5.0-5.9,5.8,19,1.026243
7509,Water,2005-09-08,2005,09 Sep,3) Other months,,10422387.0,,,,0,,3) 6.0-6.9,6.8,34,2.787375
10557,East Is East,1999-05-14,1999,05 May,1) Summer (May-Jul),3800000.0,28200000.0,24400000.0,7.421052631578948,1.0,1,Q1 (lowest),3) 6.0-6.9,6.5,59,3.667372
23531,Whipped,2000-09-01,2000,09 Sep,3) Other months,3000000.0,,,,,0,,1) Below 5.0,3.1,11,2.144354
28005,Kama Sutra - A Tale of Love,1996-09-11,1996,09 Sep,3) Other months,3000000.0,4109095.0,1109095.0,1.3696983333333332,1.0,1,Q1 (lowest),2) 5.0-5.9,5.7,35,3.937939
40247,Please Give,2010-01-22,2010,01 Jan,3) Other months,3000000.0,,,,,0,,3) 6.0-6.9,6.0,57,5.325156
252,Willy Wonka & the Chocolate Factory,1971-06-29,1971,06 Jun,1) Summer (May-Jul),3000000.0,4000000.0,1000000.0,1.3333333333333333,1.0,1,Q1 (lowest),4) 7.0 and above,7.4,798,23.981601
24126,Warlock: The Armageddon,1993-05-01,1993,05 May,1) Summer (May-Jul),,,,,,0,,2) 5.0-5.9,5.2,38,3.107149
13982,8 Heads in a Duffel Bag,1997-04-18,1997,04 Apr,3) Other months,,,,,,0,,2) 5.0-5.9,5.4,39,5.016607
16642,Days of Heaven,1978-09-13,1978,09 Sep,3) Other months,,,,,,0,,4) 7.0 and above,7.6,234,13.857194
17734,Thirteen Conversations About One Thing,2001-09-02,2001,09 Sep,3) Other months,,,,,,0,,3) 6.0-6.9,6.4,25,6.997495
18892,Jawbreaker,1999-01-30,1999,01 Jan,3) Other months,3000000.0,3076820.0,76820.0,1.0256066666666668,1.0,1,Q1 (lowest),2) 5.0-5.9,5.9,90,4.337685
549,Basquiat,1996-08-09,1996,08 Aug,3) Other months,2962051.0,3011195.0,49144.0,1.016591206565991,1.0,1,Q1 (lowest),3) 6.0-6.9,6.6,94,3.636634
121986,Frances Ha,2013-05-17,2013,05 May,1) Summer (May-Jul),,4069826.0,,,,0,,4) 7.0 and above,7.2,345,15.492257
868,Tsotsi,2005-08-18,2005,08 Aug,3) Other months,3000000.0,9879971.0,6879971.0,3.2933236666666668,1.0,1,Q1 (lowest),3) 6.0-6.9,6.9,94,2.504169
10683,Happiness,1998-10-16,1998,10 Oct,3) Other months,3000000.0,2807390.0,-192610.0,0.9357966666666667,0.0,1,Q1 (lowest),4) 7.0 and above,7.4,194,10.757539
17995,DysFunktional Family,2003-04-04,2003,04 Apr,3) Other months,,,,,,0,,,6.1,4,1.580027
246403,Tusk,2014-09-19,2014,09 Sep,3) Other months,2800000.0,1826705.0,-973295.0,0.6523946428571429,0.0,1,Q1 (lowest),2) 5.0-5.9,5.1,366,15.754614
670,Oldboy,2003-01-01,2003,01 Jan,3) Other months,3000000.0,14980005.0,11980005.0,4.993335,1.0,1,Q1 (lowest),4) 7.0 and above,8.0,1945,56.76349
35691,Letters to God,2010-04-09,2010,04 Apr,3) Other months,,,,,,0,,3) 6.0-6.9,6.5,37,3.644872
49010,Hobo with a Shotgun,2011-05-06,2011,05 May,1) Summer (May-Jul),3000000.0,748453.0,-2251547.0,0.24948433333333334,0.0,1,Q1 (lowest),2) 5.0-5.9,5.7,211,16.900433
317930,Compadres,2016-03-31,2016,03 Mar,3) Other months,3000000.0,,,,,0,,2) 5.0-5.9,5.2,17,1.569246
11229,Freeway,1996-08-23,1996,08 Aug,3) Other months,3000000.0,,,,,0,,3) 6.0-6.9,6.5,95,4.682881
22488,Love's Abiding Joy,2006-10-06,2006,10 Oct,3) Other months,,,,,,0,,2) 5.0-5.9,5.8,12,1.128559
24469,Fish Tank,2009-05-14,2009,05 May,1) Summer (May-Jul),3000000.0,2357852.0,-642148.0,0.7859506666666667,0.0,1,Q1 (lowest),3) 6.0-6.9,6.9,250,12.68672
82533,Damsels in Distress,2012-04-06,2012,04 Apr,3) Other months,,,,,,0,,2) 5.0-5.9,5.6,67,3.750338
50942,Creature,1998-05-17,1998,05 May,1) Summer (May-Jul),,,,,,0,,1) Below 5.0,4.0,21,2.857848
84174,Bachelorette,2012-08-06,2012,08 Aug,3) Other months,3000000.0,11947954.0,8947954.0,3.9826513333333335,1.0,1,Q1 (lowest),2) 5.0-5.9,5.3,444,20.95282
34099,Brave New Girl,2004-04-25,2004,04 Apr,3) Other months,,,,,,0,,,3.7,3,0.18094
79940,Tim and Eric's Billion Dollar Movie,2012-03-02,2012,03 Mar,3) Other months,,,,,,0,,2) 5.0-5.9,5.2,34,1.75311
342,Summer Storm,2004-09-02,2004,09 Sep,3) Other months,2700000.0,,,,,0,,3) 6.0-6.9,6.7,59,3.120747
281230,Fort McCoy,2014-01-01,2014,01 Jan,3) Other months,,,,,,0,,,6.3,2,0.384496
38033,Chain Letter,2010-10-01,2010,10 Oct,3) Other months,,,,,,0,,1) Below 5.0,3.9,37,2.504156
100975,Just Looking,1999-10-21,1999,10 Oct,3) Other months,3000000.0,,,,,0,,,5.8,5,0.431332
38541,The Divide,2011-03-13,2011,03 Mar,3) Other months,3000000.0,22000.0,-2978000.0,0.007333333333333333,0.0,1,Q1 (lowest),2) 5.0-5.9,5.7,197,11.882563
39563,The Eclipse,2009-04-24,2009,04 Apr,3) Other months,,,,,,0,,3) 6.0-6.9,6.1,15,9.342465
234212,Demonic,2015-02-12,2015,02 Feb,3) Other months,3000000.0,3387000.0,387000.0,1.129,1.0,1,Q1 (lowest),1) Below 5.0,4.9,148,12.564554
27404,My Big Fat Independent Movie,2005-03-04,2005,03 Mar,3) Other months,,,,,,0,,,3.0,5,0.68822
170480,The Deported,2010-06-15,2010,06 Jun,1) Summer (May-Jul),,,,,,0,,,,0,0.194848
71866,Tanner Hall,2009-09-14,2009,09 Sep,3) Other months,,,,,,0,,2) 5.0-5.9,5.4,32,2.015525
192210,Open Road,2013-04-12,2013,04 Apr,3) Other months,3000000.0,,,,,0,,2) 5.0-5.9,5.2,18,2.680629
180296,They Came Together,2014-06-27,2014,06 Jun,1) Summer (May-Jul),,,,,,0,,2) 5.0-5.9,5.3,171,12.036888
157058,30 Nights of Paranormal Activity With the Devil Inside the Girl With the Dragon Tattoo,2013-01-14,2013,01 Jan,3) Other months,,,,,,0,,1) Below 5.0,2.9,28,1.737032
70006,Never Back Down 2: The Beatdown,2011-09-13,2011,09 Sep,3) Other months,3000000.0,,,,,0,,2) 5.0-5.9,5.8,136,9.249229
26039,Point Blank,1967-08-30,1967,08 Aug,3) Other months,2500000.0,3200000.0,700000.0,1.28,1.0,1,Q1 (lowest),4) 7.0 and above,7.1,95,5.164423
79587,Four Single Fathers,2009-01-15,2009,01 Jan,3) Other months,3.0,,,,,0,,,,0,0.008263
176077,Enter the Dangerous Mind,2013-03-11,2013,03 Mar,3) Other months,,,,,,0,,1) Below 5.0,4.8,14,1.998826
260947,Something Wicked,2014-04-04,2014,04 Apr,3) Other months,3000000.0,,,,,0,,1) Below 5.0,4.6,16,1.968679
342502,AWOL-72,2015-08-07,2015,08 Aug,3) Other months,3000000.0,,,,,0,,1) Below 5.0,2.8,10,1.141463
191229,Iguana,1988-04-01,1988,04 Apr,3) Other months,,,,,,0,,,6.0,1,0.214704
43213,Chicago Overcoat,2009-10-10,2009,10 Oct,3) Other months,3200000.0,,,,,0,,,6.1,5,1.034844
44594,Barry Munday,2010-03-13,2010,03 Mar,3) Other months,,,,,,0,,3) 6.0-6.9,6.3,22,1.975941
666,Central Station,1998-01-16,1998,01 Jan,3) Other months,2900000.0,5596708.0,2696708.0,1.9298993103448276,1.0,1,Q1 (lowest),4) 7.0 and above,7.6,126,5.928937
248,Pocketful of Miracles,1961-12-18,1961,12 Dec,2) Holiday (Nov-Dec),2900000.0,5000000.0,2100000.0,1.7241379310344827,1.0,1,Q1 (lowest),4) 7.0 and above,7.3,25,3.370225
325173,Close Range,2015-12-11,2015,12 Dec,2) Holiday (Nov-Dec),,,,,,0,,1) Below 5.0,4.9,54,5.485217
55831,Boynton Beach Club,2005-08-05,2005,08 Aug,3) Other months,,,,,,0,,,6.8,3,0.18887
351043,Amnesiac,2015-08-14,2015,08 Aug,3) Other months,3000000.0,,,,,0,,1) Below 5.0,4.1,52,3.077885
43942,Freakonomics,2010-10-01,2010,10 Oct,3) Other months,3000000.0,103735.0,-2896265.0,0.034578333333333336,0.0,1,Q1 (lowest),3) 6.0-6.9,6.6,36,1.781462
10226,High Tension,2003-06-18,2003,06 Jun,1) Summer (May-Jul),,,,,,0,,3) 6.0-6.9,6.6,271,4.952983
66942,Griff the Invisible,2011-08-19,2011,08 Aug,3) Other months,2902660.0,,,,,0,,3) 6.0-6.9,6.1,34,1.35088
356483,Unnatural,2015-10-16,2015,10 Oct,3) Other months,,,,,,0,,1) Below 5.0,4.3,12,0.687656
10476,Hustle & Flow,2005-07-22,2005,07 Jul,1) Summer (May-Jul),8000000.0,23563727.0,15563727.0,2.945465875,1.0,1,Q1 (lowest),3) 6.0-6.9,6.9,99,6.39503
239,Some Like It Hot,1959-03-18,1959,03 Mar,3) Other months,2883848.0,25000000.0,22116152.0,8.668972844615944,1.0,1,Q1 (lowest),4) 7.0 and above,8.0,808,39.30982
10281,Friday the 13th Part VII: The New Blood,1988-05-13,1988,05 May,1) Summer (May-Jul),2800000.0,19170001.0,16370001.0,6.846428928571428,1.0,1,Q1 (lowest),2) 5.0-5.9,5.3,192,9.070842
630,The Wizard of Oz,1939-08-15,1939,08 Aug,3) Other months,2777000.0,33754967.0,30977967.0,12.15519157364062,1.0,1,Q1 (lowest),4) 7.0 and above,7.4,1642,67.417542
3034,Young Frankenstein,1974-12-15,1974,12 Dec,2) Holiday (Nov-Dec),2800000.0,86273333.0,83473333.0,30.811904642857144,1.0,1,Q1 (lowest),4) 7.0 and above,7.7,854,36.444894
13025,Diary of the Dead,2007-09-08,2007,09 Sep,3) Other months,2000000.0,5364858.0,3364858.0,2.682429,1.0,1,Q1 (lowest),2) 5.0-5.9,5.4,190,15.351412
21461,Lage Raho Munna Bhai,2006-01-01,2006,01 Jan,3) Other months,,,,,,0,,4) 7.0 and above,7.6,44,2.436019
55306,Ulee's Gold,1997-06-13,1997,06 Jun,1) Summer (May-Jul),,,,,,0,,3) 6.0-6.9,6.5,19,0.93392
17264,The Black Stallion,1979-10-17,1979,10 Oct,3) Other months,2700000.0,37799643.0,35099643.0,13.999867777777778,1.0,1,Q1 (lowest),4) 7.0 and above,7.0,59,11.35972
346081,Sardaarji,2015-06-26,2015,06 Jun,1) Summer (May-Jul),,,,,,0,,,9.5,2,0.296981
16016,Journey to Saturn,2008-09-26,2008,09 Sep,3) Other months,,,,,,0,,1) Below 5.0,4.9,10,1.776624
15875,Donovan's Reef,1963-06-12,1963,06 Jun,1) Summer (May-Jul),2686000.0,6600000.0,3914000.0,2.4571854058078926,1.0,1,Q1 (lowest),3) 6.0-6.9,6.0,30,1.897263
5900,The Dress,1996-03-21,1996,03 Mar,3) Other months,,,,,,0,,,7.0,3,0.144031
43306,A Guy Named Joe,1944-03-01,1944,03 Mar,3) Other months,2627000.0,5363000.0,2736000.0,2.041492196421774,1.0,1,Q1 (lowest),,6.0,8,0.531444
11072,Blazing Saddles,1974-02-07,1974,02 Feb,3) Other months,2600000.0,119500000.0,116900000.0,45.96153846153846,1.0,1,Q1 (lowest),4) 7.0 and above,7.2,609,22.793929
9730,Friday the 13th: The Final Chapter,1984-04-13,1984,04 Apr,3) Other months,2600000.0,32980880.0,30380880.0,12.684953846153846,1.0,1,Q1 (lowest),2) 5.0-5.9,5.9,237,14.013414
209274,Ida,2013-10-25,2013,10 Oct,3) Other months,2159280.0,10700000.0,8540720.0,4.955355488866659,1.0,1,Q1 (lowest),4) 7.0 and above,7.1,260,13.265432
26371,Maurice,1987-09-18,1987,09 Sep,3) Other months,,,,,,0,,4) 7.0 and above,7.1,61,11.552247
14137,Beer League,2006-09-15,2006,09 Sep,3) Other months,,,,,,0,,2) 5.0-5.9,5.3,22,1.73892
291,Riding Giants,2004-07-09,2004,07 Jul,1) Summer (May-Jul),2600000.0,3166000.0,566000.0,1.2176923076923076,1.0,1,Q1 (lowest),4) 7.0 and above,7.6,23,0.895946
14139,Timecrimes,2007-09-20,2007,09 Sep,3) Other months,2600000.0,553198.0,-2046802.0,0.21276846153846155,0.0,1,Q1 (lowest),4) 7.0 and above,7.0,308,19.02965
33106,Silver Medalist,2009-01-20,2009,01 Jan,3) Other months,,,,,,0,,4) 7.0 and above,7.4,13,0.406645
8875,Timber Falls,2007-12-07,2007,12 Dec,2) Holiday (Nov-Dec),2600000.0,,,,,0,,2) 5.0-5.9,5.2,38,3.687574
872,Singin' in the Rain,1952-04-10,1952,04 Apr,3) Other months,2540800.0,7200000.0,4659200.0,2.8337531486146097,1.0,1,Q1 (lowest),4) 7.0 and above,7.8,727,36.556954
72914,"Fat, Sick & Nearly Dead",2010-04-16,2010,04 Apr,3) Other months,,,,,,0,,4) 7.0 and above,7.1,47,0.545825
139038,A Haunted House,2013-01-11,2013,01 Jan,3) Other months,2500000.0,60141683.0,57641683.0,24.0566732,1.0,1,Q1 (lowest),2) 5.0-5.9,5.4,516,18.661541
126509,2016: Obama's America,2012-07-13,2012,07 Jul,1) Summer (May-Jul),2500000.0,33400000.0,30900000.0,13.36,1.0,1,Q1 (lowest),1) Below 5.0,4.6,19,0.973582
9591,That Thing You Do!,1996-10-04,1996,10 Oct,3) Other months,,34585416.0,,,,0,,3) 6.0-6.9,6.8,225,14.885388
10676,Halloween III: Season of the Witch,1982-10-22,1982,10 Oct,3) Other months,2500000.0,14400000.0,11900000.0,5.76,1.0,1,Q1 (lowest),2) 5.0-5.9,5.0,229,12.030456
1687,Escape from the Planet of the Apes,1971-05-20,1971,05 May,1) Summer (May-Jul),2500000.0,12348905.0,9848905.0,4.939562,1.0,1,Q1 (lowest),3) 6.0-6.9,6.3,264,18.30961
24748,Hud,1963-05-29,1963,05 May,1) Summer (May-Jul),2500000.0,10000000.0,7500000.0,4.0,1.0,1,Q1 (lowest),4) 7.0 and above,7.5,66,6.82919
181330,Kevin Hart: Let Me Explain,2013-07-03,2013,07 Jul,1) Summer (May-Jul),,32230907.0,,,,0,,4) 7.0 and above,7.1,95,9.799357
468,My Own Private Idaho,1991-10-17,1991,10 Oct,3) Other months,2500000.0,,,,,0,,4) 7.0 and above,7.1,212,10.363642
401,Garden State,2004-07-28,2004,07 Jul,1) Summer (May-Jul),2500000.0,26781723.0,24281723.0,10.7126892,1.0,1,Q1 (lowest),4) 7.0 and above,7.1,618,30.583959
76,Before Sunrise,1995-01-27,1995,01 Jan,3) Other months,2500000.0,5535405.0,3035405.0,2.214162,1.0,1,Q1 (lowest),4) 7.0 and above,7.7,959,23.672571
50538,Evil Words,2003-10-03,2003,10 Oct,3) Other months,,,,,,0,,,6.9,8,0.205034
25636,Jesus' Son,1999-09-05,1999,09 Sep,3) Other months,,,,,,0,,3) 6.0-6.9,6.7,22,5.581743
19316,Saving Face,2004-09-12,2004,09 Sep,3) Other months,,,,,,0,,3) 6.0-6.9,6.8,32,2.487255
21074,Brick Lane,2007-11-16,2007,11 Nov,2) Holiday (Nov-Dec),,,,,,0,,2) 5.0-5.9,5.2,15,0.262135
84329,Robot & Frank,2012-08-16,2012,08 Aug,3) Other months,2500000.0,3325038.0,825038.0,1.3300152,1.0,1,Q1 (lowest),3) 6.0-6.9,6.8,450,23.419061
20,My Life Without Me,2003-03-07,2003,03 Mar,3) Other months,,9726954.0,,,,0,,4) 7.0 and above,7.2,77,7.958831
157386,The Spectacular Now,2013-08-02,2013,08 Aug,3) Other months,2500000.0,6854611.0,4354611.0,2.7418444,1.0,1,Q1 (lowest),3) 6.0-6.9,6.8,1048,25.722747
13007,Religulous,2008-10-01,2008,10 Oct,3) Other months,,,,,,0,,4) 7.0 and above,7.2,197,9.774126
13518,Fuel,2008-11-14,2008,11 Nov,2) Holiday (Nov-Dec),,,,,,0,,,7.0,3,0.197469
116584,Valley of the Heart's Delight,2006-04-24,2006,04 Apr,3) Other months,,,,,,0,,,7.0,1,0.142255
46849,Eye of the Dolphin,2007-08-24,2007,08 Aug,3) Other months,2500000.0,71904.0,-2428096.0,0.0287616,0.0,1,Q1 (lowest),,7.1,7,0.301884
40428,8: The Mormon Proposition,2010-01-01,2010,01 Jan,3) Other months,,,,,,0,,,5.5,6,0.424957
17334,The Other End of the Line,2008-10-29,2008,10 Oct,3) Other months,14000000.0,,,,,0,,3) 6.0-6.9,6.1,50,3.393648
1698,Anatomy,2000-02-03,2000,02 Feb,3) Other months,,,,,,0,,3) 6.0-6.9,6.1,61,5.025938
20764,Sleep Dealer,2008-12-10,2008,12 Dec,2) Holiday (Nov-Dec),2500000.0,107559.0,-2392441.0,0.0430236,0.0,1,Q1 (lowest),3) 6.0-6.9,6.0,40,4.624691
45132,Super,2010-09-09,2010,09 Sep,3) Other months,2500000.0,324138.0,-2175862.0,0.1296552,0.0,1,Q1 (lowest),3) 6.0-6.9,6.6,441,12.204569
76706,Christmas Mail,2010-12-01,2010,12 Dec,2) Holiday (Nov-Dec),,,,,,0,,2) 5.0-5.9,5.0,15,0.630226
254472,Stung,2015-07-03,2015,07 Jul,1) Summer (May-Jul),2500000.0,,,,,0,,1) Below 5.0,4.9,63,4.270489
332285,Antibirth,2016-09-02,2016,09 Sep,3) Other months,35000000.0,,,,,0,,1) Below 5.0,4.8,40,3.674294
49471,Get on the Bus,1996-10-16,1996,10 Oct,3) Other months,2400000.0,5731103.0,3331103.0,2.387959583333333,1.0,1,Q1 (lowest),4) 7.0 and above,7.0,11,4.623059
13569,Thr3e,2006-12-01,2006,12 Dec,2) Holiday (Nov-Dec),,,,,,0,,1) Below 5.0,4.8,21,1.946715
7512,Idiocracy,2006-09-01,2006,09 Sep,3) Other months,30000000.0,495303.0,-29504697.0,0.0165101,0.0,1,Q3,3) 6.0-6.9,6.3,664,27.940093
356216,The Rise of the Krays,2015-08-29,2015,08 Aug,3) Other months,2500000.0,,,,,0,,1) Below 5.0,4.5,19,1.759506
11798,This Is England,2006-09-12,2006,09 Sep,3) Other months,2380000.0,8176544.0,5796544.0,3.43552268907563,1.0,1,Q1 (lowest),4) 7.0 and above,7.4,363,8.395624
146631,U.F.O.,2012-12-14,2012,12 Dec,2) Holiday (Nov-Dec),2500000.0,,,,,0,,1) Below 5.0,3.1,47,8.248149
43546,Bathing Beauty,1944-07-01,1944,07 Jul,1) Summer (May-Jul),2361000.0,6892000.0,4531000.0,2.919102075391783,1.0,1,Q1 (lowest),,7.0,4,0.628051
61038,Go for It!,2011-05-13,2011,05 May,1) Summer (May-Jul),2450000.0,,,,,0,,,4.6,5,0.500753
78373,"Dancer, Texas Pop. 81",1998-05-01,1998,05 May,1) Summer (May-Jul),,565592.0,,,,0,,,10.0,1,0.376662
17820,Show Boat,1951-07-13,1951,07 Jul,1) Summer (May-Jul),2300000.0,11000000.0,8700000.0,4.782608695652174,1.0,1,Q1 (lowest),3) 6.0-6.9,6.9,18,1.606314
74457,Redemption Road,2011-08-26,2011,08 Aug,3) Other months,,,,,,0,,,4.7,6,0.197264
283384,The Calling,2014-08-05,2014,08 Aug,3) Other months,,,,,,0,,2) 5.0-5.9,5.6,88,5.759493
19933,The Brave Little Toaster,1987-07-09,1987,07 Jul,1) Summer (May-Jul),2000000.0,,,,,0,,3) 6.0-6.9,6.7,93,6.86302
756,Fantasia,1940-11-13,1940,11 Nov,2) Holiday (Nov-Dec),2280000.0,83320000.0,81040000.0,36.54385964912281,1.0,1,Q1 (lowest),4) 7.0 and above,7.2,808,32.875469
433715,8 Days,2014-06-15,2014,06 Jun,1) Summer (May-Jul),,,,,,0,,,,0,0.015295
9728,Friday the 13th Part III,1982-08-13,1982,08 Aug,3) Other months,4000000.0,36690067.0,32690067.0,9.17251675,1.0,1,Q1 (lowest),2) 5.0-5.9,5.7,254,14.206525
9731,Friday the 13th: A New Beginning,1985-03-22,1985,03 Mar,3) Other months,2200000.0,21930418.0,19730418.0,9.968371818181819,1.0,1,Q1 (lowest),2) 5.0-5.9,5.1,196,12.639469
9916,The Last Sin Eater,2007-02-09,2007,02 Feb,3) Other months,,,,,,0,,3) 6.0-6.9,6.2,11,2.371477
309425,Do You Believe?,2015-03-20,2015,03 Mar,3) Other months,,,,,,0,,3) 6.0-6.9,6.6,48,2.470443
14156,Impact Point,2008-06-13,2008,06 Jun,1) Summer (May-Jul),,,,,,0,,,5.7,5,1.532518
43610,The Valley of Decision,1945-06-01,1945,06 Jun,1) Summer (May-Jul),2160000.0,9132000.0,6972000.0,4.227777777777778,1.0,1,Q1 (lowest),,5.8,4,0.1813
360339,Eden,2015-10-22,2015,10 Oct,3) Other months,2300000.0,,,,,0,,2) 5.0-5.9,5.6,19,2.713171
31163,Chicken Tikka Masala,2005-04-22,2005,04 Apr,3) Other months,,,,,,0,,,3.5,5,0.258413
297621,There's Always Woodstock,2014-11-14,2014,11 Nov,2) Holiday (Nov-Dec),,,,,,0,,2) 5.0-5.9,5.4,12,2.025701
16205,Jack Brooks: Monster Slayer,2007-10-09,2007,10 Oct,3) Other months,,,,,,0,,2) 5.0-5.9,5.7,59,2.659804
887,The Best Years of Our Lives,1946-12-25,1946,12 Dec,2) Holiday (Nov-Dec),2100000.0,23650000.0,21550000.0,11.261904761904763,1.0,1,Q1 (lowest),4) 7.0 and above,7.6,143,8.38717
9517,Bully,2001-06-15,2001,06 Jun,1) Summer (May-Jul),,480811.0,,,,0,,3) 6.0-6.9,6.7,125,6.677093
6007,Elling,2001-03-16,2001,03 Mar,3) Other months,,,,,,0,,4) 7.0 and above,7.0,51,2.526356
364083,Mi America,2015-10-16,2015,10 Oct,3) Other months,2100000.0,3330.0,,,,0,,,,0,0.039007
8329,[REC],2007-04-10,2007,04 Apr,3) Other months,1500000.0,30448000.0,28948000.0,20.298666666666666,1.0,1,Q1 (lowest),4) 7.0 and above,7.1,934,31.691617
69640,Lies in Plain Sight,2010-10-03,2010,10 Oct,3) Other months,,,,,,0,,,4.5,4,0.47909
371085,Sharkskin,2015-01-01,2015,01 Jan,3) Other months,,,,,,0,,,,0,0.027801
347548,Containment,2015-07-09,2015,07 Jul,1) Summer (May-Jul),,,,,,0,,2) 5.0-5.9,5.1,36,2.122451
322443,The Timber,2015-02-27,2015,02 Feb,3) Other months,,,,,,0,,1) Below 5.0,4.1,15,0.803761
657,From Russia with Love,1963-10-11,1963,10 Oct,3) Other months,2000000.0,78898765.0,76898765.0,39.4493825,1.0,1,Q1 (lowest),3) 6.0-6.9,6.9,760,41.298723
28165,The Toxic Avenger Part II,1989-02-24,1989,02 Feb,3) Other months,,,,,,0,,2) 5.0-5.9,5.3,39,1.791331
11561,Sleeper,1973-12-17,1973,12 Dec,2) Holiday (Nov-Dec),2000000.0,18344729.0,16344729.0,9.1723645,1.0,1,Q1 (lowest),4) 7.0 and above,7.0,200,10.664202
270303,It Follows,2015-02-04,2015,02 Feb,3) Other months,2000000.0,14674076.0,12674076.0,7.337038,1.0,1,Q1 (lowest),3) 6.0-6.9,6.6,1832,100.876794
11624,Everything You Always Wanted to Know About Sex *But Were Afraid to Ask,1972-08-06,1972,08 Aug,3) Other months,2000000.0,18016290.0,16016290.0,9.008145,1.0,1,Q1 (lowest),3) 6.0-6.9,6.6,215,13.223111
595,To Kill a Mockingbird,1962-12-25,1962,12 Dec,2) Holiday (Nov-Dec),2000000.0,13129846.0,11129846.0,6.564923,1.0,1,Q1 (lowest),4) 7.0 and above,8.0,657,22.139842
8810,Mad Max 2: The Road Warrior,1981-12-24,1981,12 Dec,2) Holiday (Nov-Dec),2000000.0,24600832.0,22600832.0,12.300416,1.0,1,Q1 (lowest),4) 7.0 and above,7.3,957,37.117362
12207,The Legend of Drunken Master,1994-02-03,1994,02 Feb,3) Other months,,,,,,0,,4) 7.0 and above,7.2,242,15.046612
226,Boys Don't Cry,1999-09-02,1999,09 Sep,3) Other months,2000000.0,11540607.0,9540607.0,5.7703035,1.0,1,Q1 (lowest),4) 7.0 and above,7.2,353,15.557144
92182,Silent House,2011-01-21,2011,01 Jan,3) Other months,2000000.0,13101672.0,11101672.0,6.550836,1.0,1,Q1 (lowest),2) 5.0-5.9,5.2,125,11.66632
582,The Lives of Others,2006-03-15,2006,03 Mar,3) Other months,2000000.0,70000000.0,68000000.0,35.0,1.0,1,Q1 (lowest),4) 7.0 and above,7.9,958,34.938177
72213,Courageous,2011-09-30,2011,09 Sep,3) Other months,1000000.0,34522221.0,33522221.0,34.522221,1.0,1,Q1 (lowest),3) 6.0-6.9,6.8,77,5.961119
990,The Hustler,1961-09-25,1961,09 Sep,3) Other months,2000000.0,7600000.0,5600000.0,3.8,1.0,1,Q1 (lowest),4) 7.0 and above,7.6,240,17.639478
55604,Boom Town,1940-08-30,1940,08 Aug,3) Other months,2000000.0,9172000.0,7172000.0,4.586,1.0,1,Q1 (lowest),,6.5,8,1.867004
9662,The Triplets of Belleville,2003-06-11,2003,06 Jun,1) Summer (May-Jul),8000000.0,1477676.0,-6522324.0,0.1847095,0.0,1,Q1 (lowest),4) 7.0 and above,7.3,231,13.944645
20862,Smoke Signals,1998-01-16,1998,01 Jan,3) Other months,,,,,,0,,3) 6.0-6.9,6.6,24,2.304552
2771,American Splendor,2003-08-15,2003,08 Aug,3) Other months,,6003587.0,,,,0,,4) 7.0 and above,7.1,120,7.792851
80,Before Sunset,2004-02-10,2004,02 Feb,3) Other months,2700000.0,15992615.0,13292615.0,5.923190740740741,1.0,1,Q1 (lowest),4) 7.0 and above,7.6,718,14.799323
55,Amores perros,2000-06-16,2000,06 Jun,1) Summer (May-Jul),2000000.0,20908467.0,18908467.0,10.4542335,1.0,1,Q1 (lowest),4) 7.0 and above,7.6,521,23.281616
11023,Thirteen,2003-08-20,2003,08 Aug,3) Other months,2000000.0,4601043.0,2601043.0,2.3005215,1.0,1,Q1 (lowest),3) 6.0-6.9,6.7,339,20.331593
33667,Gentleman's Agreement,1947-11-11,1947,11 Nov,2) Holiday (Nov-Dec),2000000.0,7800000.0,5800000.0,3.9,1.0,1,Q1 (lowest),3) 6.0-6.9,6.8,47,5.381536
39013,Winter's Bone,2010-06-11,2010,06 Jun,1) Summer (May-Jul),2000000.0,13831503.0,11831503.0,6.9157515,1.0,1,Q1 (lowest),3) 6.0-6.9,6.8,565,20.834883
11194,Touching the Void,2003-09-05,2003,09 Sep,3) Other months,,13885802.0,,,,0,,4) 7.0 and above,7.6,138,14.045887
43839,Alexander's Ragtime Band,1938-05-24,1938,05 May,1) Summer (May-Jul),2000000.0,4000000.0,2000000.0,2.0,1.0,1,Q1 (lowest),,4.8,6,0.483974
1382,Me and You and Everyone We Know,2005-06-17,2005,06 Jun,1) Summer (May-Jul),,,,,,0,,4) 7.0 and above,7.0,107,9.719094
44639,Inside Job,2010-10-08,2010,10 Oct,3) Other months,2000000.0,7871522.0,5871522.0,3.935761,1.0,1,Q1 (lowest),4) 7.0 and above,7.7,286,16.930914
301351,We Are Your Friends,2015-08-26,2015,08 Aug,3) Other months,6000000.0,11122090.0,5122090.0,1.8536816666666667,1.0,1,Q1 (lowest),3) 6.0-6.9,6.3,658,28.819424
4816,Ghost Dog: The Way of the Samurai,1999-09-13,1999,09 Sep,3) Other months,,,,,,0,,4) 7.0 and above,7.2,298,18.223139
7873,Harsh Times,2005-09-11,2005,09 Sep,3) Other months,2000000.0,5967038.0,3967038.0,2.983519,1.0,1,Q1 (lowest),3) 6.0-6.9,6.3,197,12.999023
331190,Captive,2015-09-17,2015,09 Sep,3) Other months,2000000.0,2801508.0,801508.0,1.400754,1.0,1,Q1 (lowest),2) 5.0-5.9,5.6,92,6.728882
15186,Full Frontal,2002-08-02,2002,08 Aug,3) Other months,2000000.0,2506446.0,506446.0,1.253223,1.0,1,Q1 (lowest),1) Below 5.0,4.8,26,1.95686
17994,Witchboard,1986-12-31,1986,12 Dec,2) Holiday (Nov-Dec),,,,,,0,,2) 5.0-5.9,5.9,58,7.151154
1378,Shortbus,2006-05-20,2006,05 May,1) Summer (May-Jul),2000000.0,5179037.0,3179037.0,2.5895185,1.0,1,Q1 (lowest),3) 6.0-6.9,6.3,140,14.846001
8885,Waltz with Bashir,2008-06-25,2008,06 Jun,1) Summer (May-Jul),2000000.0,11125849.0,9125849.0,5.5629245,1.0,1,Q1 (lowest),4) 7.0 and above,7.8,291,14.08251
48382,"The Book of Mormon Movie, Volume 1: The Journey",2003-09-12,2003,09 Sep,3) Other months,2000000.0,1672730.0,-327270.0,0.836365,0.0,1,Q1 (lowest),,5.0,2,0.031947
12901,No End in Sight,2007-07-27,2007,07 Jul,1) Summer (May-Jul),2000000.0,1431623.0,-568377.0,0.7158115,0.0,1,Q1 (lowest),4) 7.0 and above,7.2,23,2.283796
250124,The Diary of a Teenage Girl,2015-08-07,2015,08 Aug,3) Other months,2000000.0,1477002.0,-522998.0,0.738501,0.0,1,Q1 (lowest),3) 6.0-6.9,6.8,279,18.224326
14284,In the Shadow of the Moon,2007-01-19,2007,01 Jan,3) Other months,2000000.0,,,,,0,,4) 7.0 and above,7.6,31,3.43159
57120,Meek's Cutoff,2010-09-05,2010,09 Sep,3) Other months,,876302.0,,,,0,,3) 6.0-6.9,6.5,77,4.749885
12228,Inside Deep Throat,2005-02-11,2005,02 Feb,3) Other months,2000000.0,653621.0,-1346379.0,0.3268105,0.0,1,Q1 (lowest),3) 6.0-6.9,6.8,31,3.980072
22617,Dinner Rush,2000-09-01,2000,09 Sep,3) Other months,,,,,,0,,4) 7.0 and above,7.1,19,1.096355
55561,Clockwatchers,1997-01-01,1997,01 Jan,3) Other months,,,,,,0,,2) 5.0-5.9,5.6,13,1.196943
42889,The Virginity Hit,2010-09-10,2010,09 Sep,3) Other months,2000000.0,563706.0,-1436294.0,0.281853,0.0,1,Q1 (lowest),1) Below 5.0,4.6,19,3.125382
10656,Subway,1985-04-10,1985,04 Apr,3) Other months,2000000.0,390659.0,-1609341.0,0.1953295,0.0,1,Q1 (lowest),3) 6.0-6.9,6.3,86,5.261065
24363,House of D,2005-04-15,2005,04 Apr,3) Other months,,,,,,0,,3) 6.0-6.9,6.1,23,6.337735
13121,Teeth,2007-01-19,2007,01 Jan,3) Other months,,,,,,0,,2) 5.0-5.9,5.2,210,7.359286
24746,Six-String Samurai,1998-09-18,1998,09 Sep,3) Other months,2000000.0,124494.0,-1875506.0,0.062247,0.0,1,Q1 (lowest),2) 5.0-5.9,5.8,36,1.892183
325140,Hum To Mohabbat Karega,2000-05-26,2000,05 May,1) Summer (May-Jul),,,,,,0,,,,0,0.001186
12109,It's All Gone Pete Tong,2004-09-12,2004,09 Sep,3) Other months,2000000.0,120620.0,-1879380.0,0.06031,0.0,1,Q1 (lowest),4) 7.0 and above,7.1,52,3.911445
27023,Saint John of Las Vegas,2009-06-10,2009,06 Jun,1) Summer (May-Jul),3800000.0,111731.0,-3688269.0,0.029402894736842104,0.0,1,Q1 (lowest),2) 5.0-5.9,5.9,18,2.559806
22913,24 7: Twenty Four Seven,1997-08-31,1997,08 Aug,3) Other months,,,,,,0,,3) 6.0-6.9,6.3,10,0.744406
273899,Stonewall,2015-09-18,2015,09 Sep,3) Other months,13500000.0,187674.0,-13312326.0,0.013901777777777779,0.0,1,Q2,2) 5.0-5.9,5.2,32,5.16023
20653,Roadside Romeo,2008-10-24,2008,10 Oct,3) Other months,7000000.0,1100000.0,-5900000.0,0.15714285714285714,0.0,1,Q1 (lowest),,6.7,3,0.253595
67373,This Thing of Ours,2005-01-01,2005,01 Jan,3) Other months,,,,,,0,,,5.0,1,0.046868
171759,The Lost Medallion: The Adventures of Billy Stone,2013-03-01,2013,03 Mar,3) Other months,,,,,,0,,2) 5.0-5.9,5.6,13,2.952932
206296,The Last Five Years,2014-11-03,2014,11 Nov,2) Holiday (Nov-Dec),,,,,,0,,2) 5.0-5.9,5.5,143,5.563068
35219,The Missing Person,2009-01-16,2009,01 Jan,3) Other months,,,,,,0,,,6.4,9,1.161034
28260,Return of the Living Dead 3,1993-10-01,1993,10 Oct,3) Other months,2000000.0,54207.0,-1945793.0,0.0271035,0.0,1,Q1 (lowest),2) 5.0-5.9,5.9,88,7.502934
7515,London,2005-02-10,2005,02 Feb,3) Other months,,,,,,0,,3) 6.0-6.9,6.1,96,5.350423
13075,Sherrybaby,2006-09-08,2006,09 Sep,3) Other months,2000000.0,622806.0,-1377194.0,0.311403,0.0,1,Q1 (lowest),3) 6.0-6.9,6.3,41,4.261509
335866,Circle,2015-10-02,2015,10 Oct,3) Other months,,,,,,0,,3) 6.0-6.9,6.0,333,6.752141
13510,Eden Lake,2008-09-12,2008,09 Sep,3) Other months,,3983997.0,,,,0,,3) 6.0-6.9,6.7,406,20.362373
215881,Plush,2013-09-13,2013,09 Sep,3) Other months,,,,,,0,,2) 5.0-5.9,5.4,40,5.099368
18238,Lesbian Vampire Killers,2009-03-16,2009,03 Mar,3) Other months,,,,,,0,,2) 5.0-5.9,5.3,124,6.632891
22600,Gangster's Paradise: Jerusalema,2008-02-11,2008,02 Feb,3) Other months,,,,,,0,,3) 6.0-6.9,6.8,16,1.717376
12612,Freeze Frame,2004-05-01,2004,05 May,1) Summer (May-Jul),,,,,,0,,3) 6.0-6.9,6.9,18,4.922397
50698,Grave Encounters,2011-09-09,2011,09 Sep,3) Other months,1000000.0,,,,,0,,3) 6.0-6.9,6.1,381,13.222268
115210,Stitches,2012-05-19,2012,05 May,1) Summer (May-Jul),100000.0,95000.0,-5000.0,0.95,0.0,1,Q1 (lowest),2) 5.0-5.9,5.5,92,7.447714
34335,Nine Dead,2010-01-01,2010,01 Jan,3) Other months,2000000.0,,,,,0,,2) 5.0-5.9,5.2,84,9.68793
459488,"To Be Frank, Sinatra at 100",2015-12-12,2015,12 Dec,2) Holiday (Nov-Dec),2.0,,,,,0,,,,0,0.050625
11302,Bananas,1971-04-28,1971,04 Apr,3) Other months,2000000.0,11833696.0,9833696.0,5.916848,1.0,1,Q1 (lowest),3) 6.0-6.9,6.7,165,5.941852
119458,Supercapitalist,2012-08-10,2012,08 Aug,3) Other months,,,,,,0,,,3.5,2,0.174311
20406,Rockaway,2007-07-07,2007,07 Jul,1) Summer (May-Jul),,,,,,0,,,5.8,2,0.361554
3766,The Lady from Shanghai,1947-12-24,1947,12 Dec,2) Holiday (Nov-Dec),2300000.0,,,,,0,,4) 7.0 and above,7.2,102,8.055084
18616,No Man's Land: The Rise of Reeker,2008-05-01,2008,05 May,1) Summer (May-Jul),2000000.0,,,,,0,,1) Below 5.0,4.4,27,4.346271
18808,Highway,2002-01-01,2002,01 Jan,3) Other months,14000000.0,,,,,0,,2) 5.0-5.9,5.6,37,3.419685
95755,Small Apartments,2012-03-10,2012,03 Mar,3) Other months,2000000.0,,,,,0,,2) 5.0-5.9,5.7,50,5.100741
198062,Coffee Town,2013-07-09,2013,07 Jul,1) Summer (May-Jul),,,,,,0,,3) 6.0-6.9,6.7,45,2.253589
188652,The Ghastly Love of Johnny X,2013-04-26,2013,04 Apr,3) Other months,,,,,,0,,,6.6,8,0.209475
174311,All Is Bright,2013-09-10,2013,09 Sep,3) Other months,,,,,,0,,2) 5.0-5.9,5.3,36,3.613577
12602,The Torture Chamber of Dr. Sadism,1967-10-05,1967,10 Oct,3) Other months,,,,,,0,,3) 6.0-6.9,6.3,12,1.296784
153795,Straight A's,2013-01-16,2013,01 Jan,3) Other months,7000000.0,,,,,0,,2) 5.0-5.9,5.2,46,4.50829
17768,A Funny Thing Happened on the Way to the Forum,1966-10-16,1966,10 Oct,3) Other months,,,,,,0,,3) 6.0-6.9,6.1,24,8.902102
13516,Slacker Uprising,2007-09-27,2007,09 Sep,3) Other months,,,,,,0,,2) 5.0-5.9,5.9,10,1.619635
98549,The Legend of Hell's Gate: An American Conspiracy,2011-03-03,2011,03 Mar,3) Other months,,,,,,0,,,3.9,8,1.002585
312793,The Walking Deceased,2015-03-20,2015,03 Mar,3) Other months,,,,,,0,,1) Below 5.0,4.2,35,1.332804
309919,The Curse of Downers Grove,2015-08-21,2015,08 Aug,3) Other months,2000000.0,,,,,0,,1) Below 5.0,4.4,24,2.00163
299553,Shark Lake,2015-10-02,2015,10 Oct,3) Other months,2000000.0,,,,,0,,1) Below 5.0,4.4,19,1.187764
21309,River's Edge,1986-08-27,1986,08 Aug,3) Other months,19000000.0,,,,,0,,3) 6.0-6.9,6.7,59,6.463806
32235,Northfork,2003-01-01,2003,01 Jan,3) Other months,,,,,,0,,3) 6.0-6.9,6.7,24,1.980265
329540,The Marine 4: Moving Target,2015-04-10,2015,04 Apr,3) Other months,1950000.0,,,,,0,,2) 5.0-5.9,5.8,49,3.696123
26388,Buried,2010-09-24,2010,09 Sep,3) Other months,1987650.0,19152480.0,17164830.0,9.635740698815184,1.0,1,Q1 (lowest),3) 6.0-6.9,6.6,827,32.841229
49020,Submarine,2011-03-18,2011,03 Mar,3) Other months,,864659.0,,,,0,,4) 7.0 and above,7.4,443,8.518866
159037,The Square,2013-06-07,2013,06 Jun,1) Summer (May-Jul),,,,,,0,,4) 7.0 and above,7.8,55,4.892203
12838,One to Another,2006-07-21,2006,07 Jul,1) Summer (May-Jul),,,,,,0,,2) 5.0-5.9,5.8,12,4.665026
157293,ABCD (Any Body Can Dance),2013-02-07,2013,02 Feb,3) Other months,,222000.0,,,,0,,2) 5.0-5.9,5.6,10,1.294967
14048,Man on Wire,2008-07-25,2008,07 Jul,1) Summer (May-Jul),,2957978.0,,,,0,,4) 7.0 and above,7.5,275,14.331992
356987,Abandoned,2015-08-30,2015,08 Aug,3) Other months,,,,,,0,,2) 5.0-5.9,5.8,27,3.068463
295886,Brotherly Love,2015-04-24,2015,04 Apr,3) Other months,1900000.0,,,,,0,,3) 6.0-6.9,6.9,21,1.367751
38358,The Last Exorcism,2010-08-27,2010,08 Aug,3) Other months,1800000.0,67738090.0,65938090.0,37.63227222222222,1.0,1,Q1 (lowest),2) 5.0-5.9,5.6,328,14.838986
33511,Nowhere Boy,2009-12-25,2009,12 Dec,2) Holiday (Nov-Dec),,,,,,0,,4) 7.0 and above,7.2,244,1.950959
702,A Streetcar Named Desire,1951-09-18,1951,09 Sep,3) Other months,1800000.0,8000000.0,6200000.0,4.444444444444445,1.0,1,Q1 (lowest),4) 7.0 and above,7.6,281,14.884756
935,Dr. Strangelove or: How I Learned to Stop Worrying and Love the Bomb,1964-01-29,1964,01 Jan,3) Other months,1800000.0,9440272.0,7640272.0,5.244595555555556,1.0,1,Q1 (lowest),4) 7.0 and above,8.0,1442,41.996783
542,The Crime of Padre Amaro,2002-10-01,2002,10 Oct,3) Other months,1800000.0,,,,,0,,3) 6.0-6.9,6.2,36,2.179428
84175,Beasts of the Southern Wild,2012-06-29,2012,06 Jun,1) Summer (May-Jul),1800000.0,21107746.0,19307746.0,11.726525555555556,1.0,1,Q1 (lowest),3) 6.0-6.9,6.8,403,12.471239
1705,Battle for the Planet of the Apes,1973-06-15,1973,06 Jun,1) Summer (May-Jul),1700000.0,8844595.0,7144595.0,5.2027029411764705,1.0,1,Q1 (lowest),2) 5.0-5.9,5.5,215,13.315383
62677,Songcatcher,2001-03-01,2001,03 Mar,3) Other months,,,,,,0,,,5.6,9,3.363321
50875,Higher Ground,2011-08-26,2011,08 Aug,3) Other months,2000000.0,841733.0,-1158267.0,0.4208665,0.0,1,Q1 (lowest),2) 5.0-5.9,5.3,14,1.699101
260778,Vaalu,2015-08-14,2015,08 Aug,3) Other months,,,,,,0,,,6.7,5,0.320387
58492,The Greatest Movie Ever Sold,2011-04-22,2011,04 Apr,3) Other months,,621951.0,,,,0,,3) 6.0-6.9,6.4,88,0.692497
44562,Ed and His Dead Mother,1993-06-04,1993,06 Jun,1) Summer (May-Jul),,,,,,0,,2) 5.0-5.9,5.5,12,0.023436
37232,Travellers and Magicians,2003-09-09,2003,09 Sep,3) Other months,,,,,,0,,,6.8,9,0.749699
4929,Hang 'em High,1968-07-31,1968,07 Jul,1) Summer (May-Jul),1800000.0,6800000.0,5000000.0,3.7777777777777777,1.0,1,Q1 (lowest),3) 6.0-6.9,6.7,192,11.756943
36334,Deadline - U.S.A.,1952-03-14,1952,03 Mar,3) Other months,,,,,,0,,3) 6.0-6.9,6.9,17,0.225627
9783,Sublime,2007-06-15,2007,06 Jun,1) Summer (May-Jul),,,,,,0,,2) 5.0-5.9,5.3,33,6.833164
386826,A Beginner's Guide to Snuff,2016-03-04,2016,03 Mar,3) Other months,,,,,,0,,,,0,0.060127
205126,Independence Daysaster,2013-06-27,2013,06 Jun,1) Summer (May-Jul),1800000.0,,,,,0,,1) Below 5.0,4.2,22,1.959405
98557,Dysfunctional Friends,2012-02-03,2012,02 Feb,3) Other months,1800000.0,,,,,0,,,5.0,4,0.21544
104,Run Lola Run,1998-08-20,1998,08 Aug,3) Other months,1530000.0,7267585.0,5737585.0,4.750055555555556,1.0,1,Q1 (lowest),4) 7.0 and above,7.2,664,27.36562
10894,May,2002-01-13,2002,01 Jan,3) Other months,500000.0,150277.0,-349723.0,0.300554,0.0,1,Q1 (lowest),3) 6.0-6.9,6.3,152,8.650779
246449,Against the Wild,2013-12-29,2013,12 Dec,2) Holiday (Nov-Dec),1493619.0,,,,,0,,1) Below 5.0,4.9,19,2.492747
32579,Under the Same Moon,2008-03-20,2008,03 Mar,3) Other months,,23311391.0,,,,0,,4) 7.0 and above,7.0,28,2.756435
1688,Conquest of the Planet of the Apes,1972-06-29,1972,06 Jun,1) Summer (May-Jul),1700000.0,9700000.0,8000000.0,5.705882352941177,1.0,1,Q1 (lowest),3) 6.0-6.9,6.1,236,18.828683
1999,In the Bedroom,2001-11-23,2001,11 Nov,2) Holiday (Nov-Dec),1700000.0,,,,,0,,3) 6.0-6.9,6.4,89,6.979638
43947,I Spit on Your Grave,2010-06-17,2010,06 Jun,1) Summer (May-Jul),2000000.0,572809.0,-1427191.0,0.2864045,0.0,1,Q1 (lowest),3) 6.0-6.9,6.3,519,26.281839
24066,"Happy, Texas",1999-12-03,1999,12 Dec,2) Holiday (Nov-Dec),1700000.0,1943649.0,243649.0,1.1433229411764705,1.0,1,Q1 (lowest),2) 5.0-5.9,5.5,39,2.079125
9709,My Summer of Love,2004-08-20,2004,08 Aug,3) Other months,,,,,,0,,3) 6.0-6.9,6.0,59,3.939753
191714,The Lunchbox,2013-09-19,2013,09 Sep,3) Other months,1000000.0,4235151.0,3235151.0,4.235151,1.0,1,Q1 (lowest),4) 7.0 and above,7.3,221,14.017809
25312,Yes,2005-08-05,2005,08 Aug,3) Other months,,,,,,0,,,5.9,7,3.677831
34106,You Can't Take It With You,1938-08-23,1938,08 Aug,3) Other months,1644736.0,7433101.0,5788365.0,4.5193277218957935,1.0,1,Q1 (lowest),4) 7.0 and above,7.2,79,3.426314
11426,From Here to Eternity,1953-08-04,1953,08 Aug,3) Other months,1650000.0,30500000.0,28850000.0,18.484848484848484,1.0,1,Q1 (lowest),4) 7.0 and above,7.2,133,6.915201
13909,She Wore a Yellow Ribbon,1949-10-22,1949,10 Oct,3) Other months,1600000.0,5400000.0,3800000.0,3.375,1.0,1,Q1 (lowest),4) 7.0 and above,7.1,61,8.535178
206284,Grace Unplugged,2013-10-04,2013,10 Oct,3) Other months,,,,,,0,,3) 6.0-6.9,6.0,24,2.160586
27455,Foolish,1999-04-09,1999,04 Apr,3) Other months,,6033999.0,,,,0,,,6.3,3,0.796009
66468,N-Secure,2010-10-15,2010,10 Oct,3) Other months,,2592808.0,,,,0,,,4.3,4,0.13456
7973,Caramel,2007-07-01,2007,07 Jul,1) Summer (May-Jul),,,,,,0,,3) 6.0-6.9,6.8,52,4.554574
283686,Out of the Dark,2014-08-27,2014,08 Aug,3) Other months,,,,,,0,,1) Below 5.0,4.6,55,3.215465
15976,The Bubble,2006-06-06,2006,06 Jun,1) Summer (May-Jul),,,,,,0,,4) 7.0 and above,7.6,20,1.49436
592,The Conversation,1974-04-07,1974,04 Apr,3) Other months,1600000.0,4420000.0,2820000.0,2.7625,1.0,1,Q1 (lowest),4) 7.0 and above,7.5,372,20.810292
74084,Dil Jo Bhi Kahey...,2006-12-07,2006,12 Dec,2) Holiday (Nov-Dec),,,,,,0,,,,0,0.122704
1651,Mississippi Mermaid,1969-06-18,1969,06 Jun,1) Summer (May-Jul),,,,,,0,,3) 6.0-6.9,6.7,32,3.654018
25428,I Love Your Work,2003-10-05,2003,10 Oct,3) Other months,,,,,,0,,,6.5,2,3.313339
298584,Cabin Fever,2016-02-12,2016,02 Feb,3) Other months,,,,,,0,,1) Below 5.0,4.4,111,5.379319
10758,Waitress,2007-05-25,2007,05 May,1) Summer (May-Jul),2000000.0,22179430.0,20179430.0,11.089715,1.0,1,Q1 (lowest),3) 6.0-6.9,6.7,129,9.67299
11690,Bloodsport,1988-02-26,1988,02 Feb,3) Other months,1500000.0,11806119.0,10306119.0,7.870746,1.0,1,Q1 (lowest),3) 6.0-6.9,6.6,363,17.49699
3083,Mr. Smith Goes to Washington,1939-10-19,1939,10 Oct,3) Other months,1500000.0,9600000.0,8100000.0,6.4,1.0,1,Q1 (lowest),4) 7.0 and above,7.9,241,12.2624
9344,Kids,1995-07-28,1995,07 Jul,1) Summer (May-Jul),1500000.0,7412216.0,5912216.0,4.941477333333333,1.0,1,Q1 (lowest),3) 6.0-6.9,6.8,279,13.291991
10707,The Squid and the Whale,2005-10-05,2005,10 Oct,3) Other months,1500000.0,11098131.0,9598131.0,7.398754,1.0,1,Q1 (lowest),3) 6.0-6.9,6.9,226,13.788054
15647,Kissing Jessica Stein,2001-04-21,2001,04 Apr,3) Other months,1000000.0,10013424.0,9013424.0,10.013424,1.0,1,Q1 (lowest),2) 5.0-5.9,5.9,48,3.990215
308529,Kickboxer: Vengeance,2016-07-14,2016,07 Jul,1) Summer (May-Jul),17000000.0,,,,,0,,1) Below 5.0,4.5,99,6.526588
4174,Spellbound,1945-12-28,1945,12 Dec,2) Holiday (Nov-Dec),1500000.0,7000000.0,5500000.0,4.666666666666667,1.0,1,Q1 (lowest),4) 7.0 and above,7.3,160,11.145915
20156,Exotica,1994-09-24,1994,09 Sep,3) Other months,,,,,,0,,3) 6.0-6.9,6.5,64,5.446832
9464,Buffalo '66,1998-01-20,1998,01 Jan,3) Other months,1500000.0,2375097.0,875097.0,1.583398,1.0,1,Q1 (lowest),4) 7.0 and above,7.1,166,10.009994
49018,Insidious,2010-09-13,2010,09 Sep,3) Other months,1500000.0,97009150.0,95509150.0,64.67276666666666,1.0,1,Q1 (lowest),3) 6.0-6.9,6.8,1737,58.594852
13820,Repo Man,1984-02-20,1984,02 Feb,3) Other months,1500000.0,2300000.0,800000.0,1.5333333333333334,1.0,1,Q1 (lowest),3) 6.0-6.9,6.7,144,11.35344
18079,Nine Queens,2000-08-31,2000,08 Aug,3) Other months,1500000.0,,,,,0,,4) 7.0 and above,7.4,153,8.589355
127918,The Gatekeepers,2012-07-09,2012,07 Jul,1) Summer (May-Jul),,,,,,0,,3) 6.0-6.9,6.5,39,2.828303
17113,The Ballad of Jack and Rose,2005-03-25,2005,03 Mar,3) Other months,1500000.0,712294.0,-787706.0,0.47486266666666666,0.0,1,Q1 (lowest),3) 6.0-6.9,6.5,43,3.618646
129139,The To Do List,2013-07-24,2013,07 Jul,1) Summer (May-Jul),1500000.0,3566225.0,2066225.0,2.377483333333333,1.0,1,Q1 (lowest),2) 5.0-5.9,5.5,342,15.017068
507,Killing Zoe,1993-10-01,1993,10 Oct,3) Other months,1500000.0,418961.0,-1081039.0,0.27930733333333335,0.0,1,Q1 (lowest),3) 6.0-6.9,6.1,111,5.817519
4012,The Believer,2001-01-19,2001,01 Jan,3) Other months,1500000.0,416925.0,-1083075.0,0.27795,0.0,1,Q1 (lowest),3) 6.0-6.9,6.8,151,9.856826
14054,Snow Angels,2008-03-07,2008,03 Mar,3) Other months,,414404.0,,,,0,,3) 6.0-6.9,6.5,48,4.262374
323271,Unsullied,2015-08-28,2015,08 Aug,3) Other months,,,,,,0,,,3.0,1,0.06124
10972,Session 9,2001-08-10,2001,08 Aug,3) Other months,1500000.0,373967.0,-1126033.0,0.24931133333333333,0.0,1,Q1 (lowest),3) 6.0-6.9,6.2,251,11.064228
13066,I Want Someone to Eat Cheese With,2006-01-01,2006,01 Jan,3) Other months,,,,,,0,,2) 5.0-5.9,5.7,12,1.742383
66025,Mooz-lum,2011-02-11,2011,02 Feb,3) Other months,,330048.0,,,,0,,,4.5,3,0.414754
11908,Hatchet,2006-04-27,2006,04 Apr,3) Other months,,,,,,0,,2) 5.0-5.9,5.7,159,12.677016
3082,Modern Times,1936-02-05,1936,02 Feb,3) Other months,1.0,8500000.0,,,,0,,4) 7.0 and above,8.1,856,28.27648
39541,Stolen Summer,2002-03-22,2002,03 Mar,3) Other months,,,,,,0,,,6.4,9,0.87066
1961,My Name Is Bruce,2007-10-01,2007,10 Oct,3) Other months,1500000.0,173066.0,-1326934.0,0.11537733333333333,0.0,1,Q1 (lowest),2) 5.0-5.9,5.9,107,7.5591
51820,The Salon,2005-01-13,2005,01 Jan,3) Other months,1500000.0,,,,,0,,,3.5,1,2.02817
291362,Road Hard,2015-03-06,2015,03 Mar,3) Other months,1500000.0,,,,,0,,,6.6,8,0.859014
30082,Forty Shades of Blue,2005-12-07,2005,12 Dec,2) Holiday (Nov-Dec),1500000.0,,,,,0,,,6.0,2,0.071377
72913,Amigo,2010-07-14,2010,07 Jul,1) Summer (May-Jul),1200000.0,,,,,0,,,6.0,2,0.193172
23963,Pontypool,2009-03-06,2009,03 Mar,3) Other months,1500000.0,32000.0,-1468000.0,0.021333333333333333,0.0,1,Q1 (lowest),3) 6.0-6.9,6.6,183,4.680206
29406,Trucker,2008-04-24,2008,04 Apr,3) Other months,2000000.0,,,,,0,,3) 6.0-6.9,6.8,16,1.20173
361505,Me You and Five Bucks,2015-07-07,2015,07 Jul,1) Summer (May-Jul),1.0,,,,,0,,,10.0,2,0.094105
104755,The Lords of Salem,2012-09-10,2012,09 Sep,3) Other months,1500000.0,1165882.0,-334118.0,0.7772546666666666,0.0,1,Q1 (lowest),2) 5.0-5.9,5.1,242,14.504326
253306,Housebound,2014-09-04,2014,09 Sep,3) Other months,,,,,,0,,3) 6.0-6.9,6.5,358,10.322858
29595,Wal-Mart: The High Cost of Low Price,2005-11-04,2005,11 Nov,2) Holiday (Nov-Dec),,,,,,0,,3) 6.0-6.9,6.9,24,1.404175
46729,Fetching Cody,2005-10-01,2005,10 Oct,3) Other months,1.0,,,,,0,,,6.8,6,0.077876
294600,Last I Heard,2013-01-01,2013,01 Jan,3) Other months,,,,,,0,,,6.0,1,0.35819
137347,Closer to the Moon,2013-11-29,2013,11 Nov,2) Holiday (Nov-Dec),9000000.0,,,,,0,,3) 6.0-6.9,6.4,13,9.159265
290370,Mutant World,2014-09-27,2014,09 Sep,3) Other months,,1500000.0,,,,0,,,2.6,9,1.893697
426469,Growing Up Smith,2017-02-03,2017,02 Feb,3) Other months,,,,,,0,,,7.4,7,0.71087
356841,Checkmate,2015-07-03,2015,07 Jul,1) Summer (May-Jul),,,,,,0,,1) Below 5.0,4.2,13,1.105357
301325,#Horror,2015-11-20,2015,11 Nov,2) Holiday (Nov-Dec),1500000.0,,,,,0,,1) Below 5.0,3.3,52,2.815228
347755,Wind Walkers,2016-01-28,2016,01 Jan,3) Other months,,,,,,0,,,7.5,6,0.446858
408,Snow White and the Seven Dwarfs,1937-12-20,1937,12 Dec,2) Holiday (Nov-Dec),1488423.0,184925486.0,183437063.0,124.24256142239135,1.0,1,Q1 (lowest),3) 6.0-6.9,6.9,1914,80.171283
44413,The Holy Girl,2004-05-06,2004,05 May,1) Summer (May-Jul),1400000.0,,,,,0,,3) 6.0-6.9,6.8,10,0.684881
39209,Shalako,1968-11-06,1968,11 Nov,2) Holiday (Nov-Dec),1455000.0,2620000.0,1165000.0,1.8006872852233677,1.0,1,Q1 (lowest),2) 5.0-5.9,5.4,12,3.598457
48463,Incident at Loch Ness,2004-12-17,2004,12 Dec,2) Holiday (Nov-Dec),1.0,,,,,0,,2) 5.0-5.9,5.9,18,1.452152
394047,The Dog Lover,2016-07-08,2016,07 Jul,1) Summer (May-Jul),2000000.0,,,,,0,,,5.3,6,1.193219
312791,GirlHouse,2014-10-16,2014,10 Oct,3) Other months,3150000.0,,,,,0,,2) 5.0-5.9,5.2,97,8.039223
266034,The Blue Room,2014-05-16,2014,05 May,1) Summer (May-Jul),,,,,,0,,3) 6.0-6.9,6.2,32,2.486992
280381,House at the End of the Drive,2014-01-11,2014,01 Jan,3) Other months,,,,,,0,,,,0,0.43049
2661,Batman,1966-07-30,1966,07 Jul,1) Summer (May-Jul),1377800.0,,,,,0,,3) 6.0-6.9,6.1,203,9.815394
100,"Lock, Stock and Two Smoking Barrels",1998-03-05,1998,03 Mar,3) Other months,1350000.0,3897569.0,2547569.0,2.8870881481481483,1.0,1,Q1 (lowest),4) 7.0 and above,7.5,1648,16.032594
218500,The Ballad of Gregorio Cortez,1983-08-19,1983,08 Aug,3) Other months,,,,,,0,,,,0,0.592821
309,The Celebration,1998-05-20,1998,05 May,1) Summer (May-Jul),1300000.0,,,,,0,,4) 7.0 and above,7.7,207,10.240917
27845,Trees Lounge,1996-10-11,1996,10 Oct,3) Other months,,,,,,0,,3) 6.0-6.9,6.7,51,3.443916
25784,Journey from the Fall,2006-02-22,2006,02 Feb,3) Other months,1300000.0,639000.0,-661000.0,0.49153846153846154,0.0,1,Q1 (lowest),,5.0,1,0.072066
52790,The Basket,2000-05-05,2000,05 May,1) Summer (May-Jul),,619042.0,,,,0,,,6.5,6,0.430758
100275,Eddie: The Sleepwalking Cannibal,2012-04-22,2012,04 Apr,3) Other months,,1632.0,,,,0,,3) 6.0-6.9,6.1,30,0.143784
295914,Queen of the Mountains,2014-08-22,2014,08 Aug,3) Other months,,,,,,0,,,,0,0.077873
42033,Def-Con 4,1985-03-15,1985,03 Mar,3) Other months,,,,,,0,,1) Below 5.0,2.8,10,0.319792
19187,The Hebrew Hammer,2003-01-01,2003,01 Jan,3) Other months,1000000.0,,,,,0,,2) 5.0-5.9,5.9,18,1.600797
46415,Neal 'n' Nikki,2005-12-09,2005,12 Dec,2) Holiday (Nov-Dec),,,,,,0,,,2.3,4,0.285131
38570,The 41–Year–Old Virgin Who Knocked Up Sarah Marshall and Felt Superbad About It,2010-06-08,2010,06 Jun,1) Summer (May-Jul),,,,,,0,,1) Below 5.0,3.2,34,5.628399
27588,Forget Me Not,2009-10-22,2009,10 Oct,3) Other months,,,,,,0,,2) 5.0-5.9,5.0,66,5.065752
223,Rebecca,1940-04-12,1940,04 Apr,3) Other months,1288000.0,6000000.0,4712000.0,4.658385093167702,1.0,1,Q1 (lowest),4) 7.0 and above,7.7,336,18.426825
9725,Friday the 13th Part 2,1981-05-01,1981,05 May,1) Summer (May-Jul),1250000.0,21722776.0,20472776.0,17.3782208,1.0,1,Q1 (lowest),3) 6.0-6.9,6.0,315,16.517777
28580,The Lost Weekend,1945-11-25,1945,11 Nov,2) Holiday (Nov-Dec),1250000.0,11000000.0,9750000.0,8.8,1.0,1,Q1 (lowest),4) 7.0 and above,7.4,112,6.903314
23730,C.H.U.D.,1984-08-31,1984,08 Aug,3) Other months,1250000.0,3412497.0,2162497.0,2.7299976,1.0,1,Q1 (lowest),2) 5.0-5.9,5.3,62,4.45544
84197,Filly Brown,2013-04-19,2013,04 Apr,3) Other months,,,,,,0,,2) 5.0-5.9,5.9,10,0.106949
46256,The Lion of Judah,2011-06-03,2011,06 Jun,1) Summer (May-Jul),15000000.0,,,,,0,,,5.8,2,0.165909
19997,Niagara,1953-01-21,1953,01 Jan,3) Other months,1250000.0,8500000.0,7250000.0,6.8,1.0,1,Q1 (lowest),3) 6.0-6.9,6.7,79,9.903992
43266,How Green Was My Valley,1941-10-28,1941,10 Oct,3) Other months,1250000.0,6000000.0,4750000.0,4.8,1.0,1,Q1 (lowest),3) 6.0-6.9,6.8,72,7.70019
278316,Da Sweet Blood of Jesus,2014-06-22,2014,06 Jun,1) Summer (May-Jul),,,,,,0,,1) Below 5.0,4.1,13,4.480579
1412,"Sex, Lies, and Videotape",1989-08-18,1989,08 Aug,3) Other months,1200000.0,,,,,0,,3) 6.0-6.9,6.7,185,10.869492
176,Saw,2004-10-01,2004,10 Oct,3) Other months,1200000.0,103911669.0,102711669.0,86.5930575,1.0,1,Q1 (lowest),4) 7.0 and above,7.2,2184,63.655973
39939,Super Troopers,2001-01-18,2001,01 Jan,3) Other months,3000000.0,18492362.0,15492362.0,6.164120666666666,1.0,1,Q1 (lowest),3) 6.0-6.9,6.6,362,16.312803
357834,The Algerian,2015-08-07,2015,08 Aug,3) Other months,1.0,,,,,0,,,,0,0.025364
215924,The Amazing Catfish,2013-08-10,2013,08 Aug,3) Other months,1300000.0,,,,,0,,2) 5.0-5.9,5.7,17,1.473405
480,Monsoon Wedding,2001-08-30,2001,08 Aug,3) Other months,,,,,,0,,3) 6.0-6.9,6.8,57,8.109958
14295,You Can Count on Me,2000-11-17,2000,11 Nov,2) Holiday (Nov-Dec),,,,,,0,,3) 6.0-6.9,6.8,88,7.142448
11219,The Trouble with Harry,1955-10-03,1955,10 Oct,3) Other months,1200000.0,7000000.0,5800000.0,5.833333333333333,1.0,1,Q1 (lowest),3) 6.0-6.9,6.9,149,6.920873
20770,But I'm a Cheerleader,1999-09-12,1999,09 Sep,3) Other months,,,,,,0,,3) 6.0-6.9,6.5,101,4.826908
176124,Home Run,2013-04-19,2013,04 Apr,3) Other months,1200000.0,2861020.0,1661020.0,2.3841833333333335,1.0,1,Q1 (lowest),3) 6.0-6.9,6.3,24,3.085411
500,Reservoir Dogs,1992-09-02,1992,09 Sep,3) Other months,1200000.0,14661007.0,13461007.0,12.217505833333334,1.0,1,Q1 (lowest),4) 7.0 and above,8.0,3697,66.925866
60400,The Blue Bird,1940-01-19,1940,01 Jan,3) Other months,,,,,,0,,,6.4,8,1.280733
429,"The Good, the Bad and the Ugly",1966-12-23,1966,12 Dec,2) Holiday (Nov-Dec),1200000.0,6000000.0,4800000.0,5.0,1.0,1,Q1 (lowest),4) 7.0 and above,8.1,2311,88.377076
310569,The Second Mother,2015-02-08,2015,02 Feb,3) Other months,,,,,,0,,4) 7.0 and above,7.8,165,9.683622
98369,Blue Like Jazz,2012-04-13,2012,04 Apr,3) Other months,1250000.0,,,,,0,,2) 5.0-5.9,5.8,25,1.6116
114065,Down & Out With The Dolls,2003-03-20,2003,03 Mar,3) Other months,,,,,,0,,,,0,0.002386
89750,"Pink Ribbons, Inc.",2011-09-11,2011,09 Sep,3) Other months,900000.0,25000.0,-875000.0,0.027777777777777776,0.0,1,Q1 (lowest),,6.8,6,0.097913
49951,Certifiably Jonathan,2007-03-01,2007,03 Mar,3) Other months,1200000.0,,,,,0,,,,0,0.047781
86331,Desire,2011-09-14,2011,09 Sep,3) Other months,1344000.0,,,,,0,,1) Below 5.0,4.1,140,20.422246
355629,The Blade of Don Juan,2013-10-27,2013,10 Oct,3) Other months,,,,,,0,,,,0,0.021678
16433,Grand Theft Parsons,2003-06-18,2003,06 Jun,1) Summer (May-Jul),,,,,,0,,3) 6.0-6.9,6.0,11,1.998557
15544,Extreme Movie,2008-12-05,2008,12 Dec,2) Holiday (Nov-Dec),,,,,,0,,1) Below 5.0,3.9,44,8.148187
43884,The Charge of the Light Brigade,1936-10-20,1936,10 Oct,3) Other months,1200000.0,2736000.0,1536000.0,2.28,1.0,1,Q1 (lowest),3) 6.0-6.9,6.8,18,2.968235
107315,Below Zero,2011-10-22,2011,10 Oct,3) Other months,,,,,,0,,1) Below 5.0,4.4,12,1.36514
137955,Crowsnest,2012-01-01,2012,01 Jan,3) Other months,1200000.0,,,,,0,,1) Below 5.0,4.8,12,0.057564
13064,Airborne,1993-09-17,1993,09 Sep,3) Other months,2600000.0,2850263.0,250263.0,1.096255,1.0,1,Q1 (lowest),3) 6.0-6.9,6.1,20,8.001156
59917,Cotton Comes to Harlem,1970-05-27,1970,05 May,1) Summer (May-Jul),1200000.0,,,,,0,,3) 6.0-6.9,6.7,13,1.079125
157422,The Wicked Within,2015-10-16,2015,10 Oct,3) Other months,,,,,,0,,1) Below 5.0,4.2,26,1.906151
310933,Bleeding Hearts,2013-06-01,2013,06 Jun,1) Summer (May-Jul),,,,,,0,,,2.0,1,0.100533
7553,Waiting...,2005-10-07,2005,10 Oct,3) Other months,3000000.0,18637690.0,15637690.0,6.212563333333334,1.0,1,Q1 (lowest),3) 6.0-6.9,6.2,237,10.230583
12877,Dead Man's Shoes,2004-09-29,2004,09 Sep,3) Other months,,,,,,0,,4) 7.0 and above,7.2,151,12.818441
39895,From a Whisper to a Scream,1987-09-25,1987,09 Sep,3) Other months,1100000.0,1400000.0,300000.0,1.2727272727272727,1.0,1,Q1 (lowest),3) 6.0-6.9,6.8,15,1.220072
102840,Sex With Strangers,2002-02-22,2002,02 Feb,3) Other months,,,,,,0,,,5.0,1,0.014406
55616,Dracula: Pages from a Virgin's Diary,2002-02-28,2002,02 Feb,3) Other months,1596010.0,,,,,0,,,6.9,8,0.552361
29697,Faith Like Potatoes,2006-10-27,2006,10 Oct,3) Other months,,,,,,0,,,6.0,9,0.147886
50037,Beyond the Black Rainbow,2010-12-03,2010,12 Dec,2) Holiday (Nov-Dec),1100000.0,,,,,0,,2) 5.0-5.9,5.7,77,7.717237
94329,The Raid,2011-09-08,2011,09 Sep,3) Other months,1100000.0,4105187.0,3005187.0,3.7319881818181817,1.0,1,Q1 (lowest),4) 7.0 and above,7.3,1055,40.285095
53502,The Dead Undead,2010-05-13,2010,05 May,1) Summer (May-Jul),,,,,,0,,,3.1,6,0.249457
202604,The Vatican Exorcisms,2013-05-29,2013,05 May,1) Summer (May-Jul),,,,,,0,,1) Below 5.0,4.4,11,0.447166
289,Casablanca,1942-11-26,1942,11 Nov,2) Holiday (Nov-Dec),878000.0,10462500.0,9584500.0,11.916287015945331,1.0,1,Q1 (lowest),4) 7.0 and above,7.9,1422,43.729123
27374,Lake Mungo,2008-06-17,2008,06 Jun,1) Summer (May-Jul),,,,,,0,,3) 6.0-6.9,6.1,90,4.653047
26815,Rocket Singh: Salesman of the Year,2009-12-11,2009,12 Dec,2) Holiday (Nov-Dec),1250000.0,,,,,0,,4) 7.0 and above,7.0,27,3.000435
811,Silent Running,1972-03-09,1972,03 Mar,3) Other months,1000000.0,,,,,0,,3) 6.0-6.9,6.3,177,11.095414
1366,Rocky,1976-11-21,1976,11 Nov,2) Holiday (Nov-Dec),1000000.0,117235147.0,116235147.0,117.235147,1.0,1,Q1 (lowest),4) 7.0 and above,7.5,1791,72.19808
244776,The Sleepwalker,2014-01-20,2014,01 Jan,3) Other months,,,,,,0,,,4.1,7,0.926084
5769,Tom Jones,1963-10-06,1963,10 Oct,3) Other months,1000000.0,37600000.0,36600000.0,37.6,1.0,1,Q1 (lowest),3) 6.0-6.9,6.1,39,2.833166
277685,Unfriended,2015-04-17,2015,04 Apr,3) Other months,1000000.0,62882090.0,61882090.0,62.88209,1.0,1,Q1 (lowest),2) 5.0-5.9,5.5,1047,41.972329
103,Taxi Driver,1976-02-07,1976,02 Feb,3) Other months,1300000.0,28262574.0,26962574.0,21.74044153846154,1.0,1,Q1 (lowest),4) 7.0 and above,8.0,2535,58.845025
11298,The Howling,1981-04-03,1981,04 Apr,3) Other months,1000000.0,17985893.0,16985893.0,17.985893,1.0,1,Q1 (lowest),3) 6.0-6.9,6.4,161,6.532855
646,Dr. No,1962-10-04,1962,10 Oct,3) Other months,950000.0,59600000.0,58650000.0,62.73684210526316,1.0,1,Q1 (lowest),3) 6.0-6.9,6.9,940,48.901542
93856,Chernobyl Diaries,2012-05-24,2012,05 May,1) Summer (May-Jul),,18112929.0,,,,0,,1) Below 5.0,4.9,483,20.649145
9003,Hellraiser,1987-09-11,1987,09 Sep,3) Other months,1000000.0,14564027.0,13564027.0,14.564027,1.0,1,Q1 (lowest),3) 6.0-6.9,6.9,449,22.583834
347126,God's Not Dead 2,2016-04-01,2016,04 Apr,3) Other months,5000000.0,23507567.0,18507567.0,4.7015134,1.0,1,Q1 (lowest),2) 5.0-5.9,5.7,72,6.96858
10092,Cry_Wolf,2005-09-16,2005,09 Sep,3) Other months,1000000.0,10047674.0,9047674.0,10.047674,1.0,1,Q1 (lowest),2) 5.0-5.9,5.6,126,6.926926
10643,Godzilla 2000,1999-12-11,1999,12 Dec,2) Holiday (Nov-Dec),1000000.0,10037390.0,9037390.0,10.03739,1.0,1,Q1 (lowest),2) 5.0-5.9,5.9,43,3.322721
46705,Blue Valentine,2010-12-27,2010,12 Dec,2) Holiday (Nov-Dec),3500000.0,16566240.0,13066240.0,4.733211428571429,1.0,1,Q1 (lowest),3) 6.0-6.9,6.9,890,26.881611
546,Transamerica,2005-12-23,2005,12 Dec,2) Holiday (Nov-Dec),1000000.0,13350369.0,12350369.0,13.350369,1.0,1,Q1 (lowest),3) 6.0-6.9,6.9,144,9.773398
76487,The Devil Inside,2012-01-06,2012,01 Jan,3) Other months,1000000.0,101758490.0,100758490.0,101.75849,1.0,1,Q1 (lowest),1) Below 5.0,4.6,262,13.152822
5722,Beyond the Valley of the Dolls,1970-07-17,1970,07 Jul,1) Summer (May-Jul),2090000.0,40000000.0,37910000.0,19.138755980861244,1.0,1,Q1 (lowest),3) 6.0-6.9,6.6,53,4.289003
39833,Love Me Tender,1956-11-15,1956,11 Nov,2) Holiday (Nov-Dec),1000000.0,9000000.0,8000000.0,9.0,1.0,1,Q1 (lowest),2) 5.0-5.9,5.5,21,1.444258
1781,An Inconvenient Truth,2006-01-24,2006,01 Jan,3) Other months,1000000.0,46243000.0,45243000.0,46.243,1.0,1,Q1 (lowest),3) 6.0-6.9,6.7,251,14.139004
18712,Sands of Iwo Jima,1949-12-14,1949,12 Dec,2) Holiday (Nov-Dec),1000000.0,7800000.0,6800000.0,7.8,1.0,1,Q1 (lowest),3) 6.0-6.9,6.2,33,3.851
7944,Shine a Light,2008-02-07,2008,02 Feb,3) Other months,,,,,,0,,4) 7.0 and above,7.2,44,2.162522
171424,The Green Inferno,2014-09-04,2014,09 Sep,3) Other months,5000000.0,6833445.0,1833445.0,1.366689,1.0,1,Q1 (lowest),2) 5.0-5.9,5.0,349,17.845161
361475,Departure,2016-05-20,2016,05 May,1) Summer (May-Jul),,,,,,0,,4) 7.0 and above,7.5,12,0.42583
113947,The Sessions,2012-05-02,2012,05 May,1) Summer (May-Jul),1000000.0,9138338.0,8138338.0,9.138338,1.0,1,Q1 (lowest),3) 6.0-6.9,6.6,179,9.115486
18570,"Food, Inc.",2008-09-07,2008,09 Sep,3) Other months,,,,,,0,,4) 7.0 and above,7.4,217,15.017162
83860,October Baby,2011-10-30,2011,10 Oct,3) Other months,,5355847.0,,,,0,,3) 6.0-6.9,6.8,35,1.86221
41469,Next Stop Wonderland,1998-08-21,1998,08 Aug,3) Other months,,,,,,0,,3) 6.0-6.9,6.0,20,1.334481
244772,The Skeleton Twins,2014-01-18,2014,01 Jan,3) Other months,,5284309.0,,,,0,,3) 6.0-6.9,6.7,292,15.699363
50837,Martha Marcy May Marlene,2011-10-21,2011,10 Oct,3) Other months,,3538446.0,,,,0,,3) 6.0-6.9,6.7,277,17.806082
248774,Obvious Child,2014-06-06,2014,06 Jun,1) Summer (May-Jul),,3123963.0,,,,0,,3) 6.0-6.9,6.7,187,10.12895
10183,Frozen River,2008-08-01,2008,08 Aug,3) Other months,,,,,,0,,3) 6.0-6.9,6.7,99,4.805651
159014,20 Feet from Stardom,2013-06-14,2013,06 Jun,1) Summer (May-Jul),1000000.0,,,,,0,,4) 7.0 and above,7.4,85,5.247956
32456,Two Girls and a Guy,1997-09-07,1997,09 Sep,3) Other months,1000000.0,2057193.0,1057193.0,2.057193,1.0,1,Q1 (lowest),2) 5.0-5.9,5.4,24,4.86805
49963,Walking and Talking,1996-07-17,1996,07 Jul,1) Summer (May-Jul),,,,,,0,,,6.6,7,0.367312
13508,Who Killed the Electric Car?,2006-08-04,2006,08 Aug,3) Other months,1000000.0,1678874.0,678874.0,1.678874,1.0,1,Q1 (lowest),4) 7.0 and above,7.2,59,5.323184
22597,The Broken Hearts Club: A Romantic Comedy,2000-02-01,2000,02 Feb,3) Other months,1000000.0,1744858.0,744858.0,1.744858,1.0,1,Q1 (lowest),3) 6.0-6.9,6.3,25,3.424158
9707,Bubba Ho-tep,2002-06-09,2002,06 Jun,1) Summer (May-Jul),1000000.0,,,,,0,,3) 6.0-6.9,6.7,191,9.954848
37532,Slam,1998-10-07,1998,10 Oct,3) Other months,1.0,,,,,0,,,6.7,7,0.29245
26791,Brigham City,2001-03-30,2001,03 Mar,3) Other months,1000000.0,852206.0,-147794.0,0.852206,0.0,1,Q1 (lowest),,7.3,4,0.280083
56666,Fiza,2000-09-08,2000,09 Sep,3) Other months,1000000.0,623791.0,-376209.0,0.623791,0.0,1,Q1 (lowest),,6.1,7,0.043023
8675,Orgazmo,1997-09-06,1997,09 Sep,3) Other months,1000000.0,,,,,0,,3) 6.0-6.9,6.2,115,5.06516
13132,All the Real Girls,2003-08-01,2003,08 Aug,3) Other months,,,,,,0,,2) 5.0-5.9,5.9,30,3.65924
47686,Dream with the Fishes,1997-01-01,1997,01 Jan,3) Other months,,,,,,0,,4) 7.0 and above,7.7,10,0.948316
46989,Blue Car,2002-01-11,2002,01 Jan,3) Other months,1000000.0,464000.0,-536000.0,0.464,0.0,1,Q1 (lowest),3) 6.0-6.9,6.7,13,0.672695
192132,Palo Alto,2014-05-09,2014,05 May,1) Summer (May-Jul),,,,,,0,,3) 6.0-6.9,6.4,348,16.570708
24424,Ajami,2009-09-17,2009,09 Sep,3) Other months,,,,,,0,,3) 6.0-6.9,6.8,27,0.51799
13198,Wristcutters: A Love Story,2006-01-24,2006,01 Jan,3) Other months,,,,,,0,,3) 6.0-6.9,6.7,160,8.542921
244267,I Origins,2014-07-18,2014,07 Jul,1) Summer (May-Jul),,336472.0,,,,0,,4) 7.0 and above,7.5,1063,37.555398
21413,The Battle of Shaker Heights,2003-08-22,2003,08 Aug,3) Other months,1000000.0,,,,,0,,2) 5.0-5.9,5.6,17,5.20209
123678,The Act of Killing,2012-08-31,2012,08 Aug,3) Other months,1000000.0,444575.0,-555425.0,0.444575,0.0,1,Q1 (lowest),4) 7.0 and above,7.5,210,8.887411
13362,Taxi to the Dark Side,2007-04-30,2007,04 Apr,3) Other months,1000000.0,274661.0,-725339.0,0.274661,0.0,1,Q1 (lowest),3) 6.0-6.9,6.6,53,0.748565
39183,Once in a Lifetime: The Extraordinary Story of the New York Cosmos,2006-01-01,2006,01 Jan,3) Other months,1000000.0,,,,,0,,,4.7,3,0.436148
62402,Guiana 1838,2004-09-24,2004,09 Sep,3) Other months,,,,,,0,,,2.8,3,0.030253
206412,Lisa Picard Is Famous,2000-05-14,2000,05 May,1) Summer (May-Jul),,,,,,0,,,4.0,1,0.690089
201132,Antarctica: A Year on Ice,2013-09-05,2013,09 Sep,3) Other months,1000000.0,,,,,0,,4) 7.0 and above,7.2,29,1.883947
251471,A LEGO Brickumentary,2015-07-31,2015,07 Jul,1) Summer (May-Jul),650000.0,,,,,0,,3) 6.0-6.9,6.4,55,1.631274
112456,Hardflip,2012-06-01,2012,06 Jun,1) Summer (May-Jul),1000000.0,,,,,0,,,4.7,5,0.341461
20296,Chocolate: Deep Dark Secrets,2005-09-16,2005,09 Sep,3) Other months,,,,,,0,,,3.4,6,0.887821
25983,The House of the Devil,2009-04-25,2009,04 Apr,3) Other months,,,,,,0,,3) 6.0-6.9,6.0,197,8.628485
66195,The Perfect Host,2010-07-01,2010,07 Jul,1) Summer (May-Jul),,14870.0,,,,0,,3) 6.0-6.9,6.2,135,6.507094
16155,Safe Men,1998-08-17,1998,08 Aug,3) Other months,,,,,,0,,3) 6.0-6.9,6.3,16,1.190729
46727,Speedway Junky,1999-02-11,1999,02 Feb,3) Other months,1000000.0,,,,,0,,,5.2,7,0.340019
55180,The Last Big Thing,1998-09-23,1998,09 Sep,3) Other months,,,,,,0,,,6.0,3,0.678475
29015,The Specials,2000-09-22,2000,09 Sep,3) Other months,,,,,,0,,2) 5.0-5.9,5.5,11,9.055447
91122,16 to Life,2009-09-19,2009,09 Sep,3) Other months,,,,,,0,,,4.4,5,0.108468
18206,Alone With Her,2006-04-28,2006,04 Apr,3) Other months,1000000.0,10018.0,-989982.0,0.010018,0.0,1,Q1 (lowest),3) 6.0-6.9,6.2,20,2.175696
320146,Creative Control,2016-03-11,2016,03 Mar,3) Other months,1000000.0,,,,,0,,2) 5.0-5.9,5.4,25,1.50211
13856,Special,2006-01-30,2006,01 Jan,3) Other months,1000000.0,7202.0,,,,0,,3) 6.0-6.9,6.6,32,1.260314
219716,Sparkler,1999-03-19,1999,03 Mar,3) Other months,,,,,,0,,,0.0,1,0.547654
43630,The Helix... Loaded,2005-01-01,2005,01 Jan,3) Other months,,,,,,0,,,4.8,2,0.0206
56491,In Her Line of Fire,2006-04-21,2006,04 Apr,3) Other months,,,,,,0,,,3.3,9,0.429587
99826,The Jimmy Show,2002-01-16,2002,01 Jan,3) Other months,,,,,,0,,,8.0,1,0.098351
186935,Heli,2013-08-09,2013,08 Aug,3) Other months,1000000.0,,,,,0,,3) 6.0-6.9,6.2,32,3.629777
357441,Karachi se Lahore,2015-07-31,2015,07 Jul,1) Summer (May-Jul),,,,,,0,,,8.0,1,0.060003
19344,Loving Annabelle,2006-03-08,2006,03 Mar,3) Other months,900000.0,,,,,0,,3) 6.0-6.9,6.4,55,7.145832
242083,Hits,2014-01-21,2014,01 Jan,3) Other months,1000000.0,,,,,0,,1) Below 5.0,4.9,23,3.638411
18869,Jimmy and Judy,2006-01-01,2006,01 Jan,3) Other months,,,,,,0,,,5.4,8,1.255771
26673,Frat Party,2009-01-01,2009,01 Jan,3) Other months,,,,,,0,,,3.5,4,0.783842
41830,The Party's Over,1965-04-22,1965,04 Apr,3) Other months,,,,,,0,,,6.1,6,0.118324
37694,Proud,2004-07-02,2004,07 Jul,1) Summer (May-Jul),,,,,,0,,,5.5,3,0.023681
63287,The Poker House,2008-06-20,2008,06 Jun,1) Summer (May-Jul),,,,,,0,,3) 6.0-6.9,6.1,47,2.948576
335874,Childless,2015-04-03,2015,04 Apr,3) Other months,,,,,,0,,,4.5,2,0.243853
34592,ZMD: Zombies of Mass Destruction,2009-01-01,2009,01 Jan,3) Other months,,,,,,0,,1) Below 5.0,4.7,31,1.563711
92635,Snow White: A Deadly Summer,2012-03-16,2012,03 Mar,3) Other months,1000000.0,,,,,0,,1) Below 5.0,4.8,11,0.653495
258755,Hidden Away,2014-10-03,2014,10 Oct,3) Other months,,,,,,0,,4) 7.0 and above,7.6,26,1.233688
96534,My Last Day Without You,2011-06-11,2011,06 Jun,1) Summer (May-Jul),1000000.0,,,,,0,,,5.7,3,0.153625
21283,Steppin: The Movie,2009-05-19,2009,05 May,1) Summer (May-Jul),,,,,,0,,,5.0,4,0.328498
272724,Doc Holliday's Revenge,2014-06-01,2014,06 Jun,1) Summer (May-Jul),1000000.0,,,,,0,,,3.2,3,0.4594
84178,Black Rock,2012-01-21,2012,01 Jan,3) Other months,,,,,,0,,1) Below 5.0,4.9,78,7.207051
101179,Truth or Dare,2012-08-05,2012,08 Aug,3) Other months,,,,,,0,,2) 5.0-5.9,5.7,117,6.679954
52462,The Pet,2006-05-17,2006,05 May,1) Summer (May-Jul),,,,,,0,,,5.3,3,1.284741
269057,Bang Bang Baby,2014-09-08,2014,09 Sep,3) Other months,1000000.0,,,,,0,,,6.6,8,0.973323
287524,Fear Clinic,2014-10-31,2014,10 Oct,3) Other months,1.0,,,,,0,,1) Below 5.0,4.0,42,1.859965
206213,Zombie Hunter,2013-07-25,2013,07 Jul,1) Summer (May-Jul),,,,,,0,,1) Below 5.0,3.5,34,3.418372
248402,A Fine Step,2014-04-16,2014,04 Apr,3) Other months,,,,,,0,,,4.1,7,0.65434
29146,Charly,1968-09-23,1968,09 Sep,3) Other months,950000.0,814666.0,-135334.0,0.8575431578947369,0.0,1,Q1 (lowest),3) 6.0-6.9,6.6,28,0.178689
207769,Banshee Chapter,2013-08-26,2013,08 Aug,3) Other months,950000.0,,,,,0,,2) 5.0-5.9,5.7,92,7.310879
271185,Ask Me Anything,2014-04-19,2014,04 Apr,3) Other months,950000.0,,,,,0,,2) 5.0-5.9,5.5,155,8.976128
29731,And Then Came Love,2007-01-01,2007,01 Jan,3) Other months,,,,,,0,,,5.0,1,0.280829
292539,Food Chains,2014-04-26,2014,04 Apr,3) Other months,913000.0,,,,,0,,,7.4,8,0.795698
654,On the Waterfront,1954-06-22,1954,06 Jun,1) Summer (May-Jul),910000.0,9600000.0,8690000.0,10.54945054945055,1.0,1,Q1 (lowest),4) 7.0 and above,8.0,357,16.015599
91070,L!fe Happens,2011-06-18,2011,06 Jun,1) Summer (May-Jul),930000.0,30905.0,-899095.0,0.03323118279569892,0.0,1,Q1 (lowest),2) 5.0-5.9,5.3,66,5.974156
2009,"4 Months, 3 Weeks and 2 Days",2007-08-24,2007,08 Aug,3) Other months,852510.0,1185783.0,333273.0,1.3909314846746665,1.0,1,Q1 (lowest),4) 7.0 and above,7.3,156,9.270133
323270,The Horror Network Vol. 1,2015-10-27,2015,10 Oct,3) Other months,,,,,,0,,,5.0,2,0.392658
2652,Hard Candy,2005-01-14,2005,01 Jan,3) Other months,950000.0,7022209.0,6072209.0,7.391798947368421,1.0,1,Q1 (lowest),3) 6.0-6.9,6.8,701,25.918007
9813,The Quiet,2005-09-12,2005,09 Sep,3) Other months,900000.0,381420.0,-518580.0,0.4238,0.0,1,Q1 (lowest),3) 6.0-6.9,6.1,73,4.0971
60421,Circumstance,2011-08-26,2011,08 Aug,3) Other months,,,,,,0,,4) 7.0 and above,7.4,23,2.34239
157354,Fruitvale Station,2013-07-25,2013,07 Jul,1) Summer (May-Jul),,17385830.0,,,,0,,4) 7.0 and above,7.3,390,20.967146
127867,The Brass Teapot,2012-09-08,2012,09 Sep,3) Other months,,,,,,0,,2) 5.0-5.9,5.8,160,10.639774
3170,Bambi,1942-08-14,1942,08 Aug,3) Other months,858000.0,267447150.0,266589150.0,311.709965034965,1.0,1,Q1 (lowest),3) 6.0-6.9,6.8,1405,47.651878
14014,The Hammer,2007-04-01,2007,04 Apr,3) Other months,,,,,,0,,3) 6.0-6.9,6.5,15,0.957022
15708,Latter Days,2003-07-10,2003,07 Jul,1) Summer (May-Jul),850000.0,819939.0,-30061.0,0.9646341176470589,0.0,1,Q1 (lowest),3) 6.0-6.9,6.7,56,5.424916
146882,Elza,2011-04-11,2011,04 Apr,3) Other months,,,,,,0,,,,0,0.007254
215918,1982,2013-12-31,2013,12 Dec,2) Holiday (Nov-Dec),1000000.0,,,,,0,,,5.0,1,0.175885
84200,"For a Good Time, Call...",2012-08-31,2012,08 Aug,3) Other months,850000.0,1243961.0,393961.0,1.4634835294117647,1.0,1,Q1 (lowest),2) 5.0-5.9,5.8,110,14.238376
84184,Celeste & Jesse Forever,2012-08-03,2012,08 Aug,3) Other months,,3094813.0,,,,0,,3) 6.0-6.9,6.4,163,9.436431
45767,Time Changer,2002-10-25,2002,10 Oct,3) Other months,,,,,,0,,,5.2,9,0.339757
14823,London to Brighton,2006-12-01,2006,12 Dec,2) Holiday (Nov-Dec),,,,,,0,,3) 6.0-6.9,6.5,34,3.060685
367551,American Hero,2015-12-11,2015,12 Dec,2) Holiday (Nov-Dec),,,,,,0,,2) 5.0-5.9,5.0,62,5.023091
343409,Windsor Drive,2015-06-26,2015,06 Jun,1) Summer (May-Jul),,,,,,0,,,2.0,1,0.504251
60243,A Separation,2011-03-15,2011,03 Mar,3) Other months,800000.0,,,,,0,,4) 7.0 and above,7.7,469,12.049373
57294,Crying with Laughter,2009-06-01,2009,06 Jun,1) Summer (May-Jul),,,,,,0,,,7.0,1,0.108135
11446,Welcome to the Dollhouse,1995-05-24,1995,05 May,1) Summer (May-Jul),,,,,,0,,3) 6.0-6.9,6.9,103,5.870319
47889,Ruby in Paradise,1993-10-08,1993,10 Oct,3) Other months,800000.0,1001437.0,201437.0,1.25179625,1.0,1,Q1 (lowest),2) 5.0-5.9,5.6,10,0.59424
25461,Raising Victor Vargas,2002-05-16,2002,05 May,1) Summer (May-Jul),800000.0,2816116.0,2016116.0,3.520145,1.0,1,Q1 (lowest),4) 7.0 and above,7.8,13,3.643662
905,Pandora's Box,1929-01-30,1929,01 Jan,3) Other months,,,,,,0,,4) 7.0 and above,7.6,45,1.824184
279759,Harrison Montgomery,2008-01-01,2008,01 Jan,3) Other months,,,,,,0,,,,0,0.006943
78705,Live-In Maid,2004-09-21,2004,09 Sep,3) Other months,,,,,,0,,,7.8,3,0.038706
25212,Deterrence,2000-03-10,2000,03 Mar,3) Other months,,,,,,0,,,6.1,7,2.171288
26899,The Mudge Boy,2003-01-17,2003,01 Jan,3) Other months,800000.0,62852.0,-737148.0,0.078565,0.0,1,Q1 (lowest),4) 7.0 and above,7.3,23,5.292536
146269,The Young Unknowns,2000-03-12,2000,03 Mar,3) Other months,,,,,,0,,,,0,0.004922
292483,Not Cool,2014-09-23,2014,09 Sep,3) Other months,,,,,,0,,1) Below 5.0,3.7,25,1.186971
14451,Dead Snow,2009-01-09,2009,01 Jan,3) Other months,800000.0,1984662.0,1184662.0,2.4808275,1.0,1,Q1 (lowest),3) 6.0-6.9,6.1,311,11.205726
10105,Saints and Soldiers,2003-09-11,2003,09 Sep,3) Other months,780000.0,,,,,0,,3) 6.0-6.9,6.6,98,6.003418
211557,Vessel,2012-10-28,2012,10 Oct,3) Other months,,,,,,0,,,5.9,8,0.322553
838,American Graffiti,1973-08-01,1973,08 Aug,3) Other months,777000.0,140000000.0,139223000.0,180.18018018018017,1.0,1,Q1 (lowest),3) 6.0-6.9,6.9,324,19.326115
40862,Iraq for Sale: The War Profiteers,2006-01-01,2006,01 Jan,3) Other months,,,,,,0,,,8.0,6,1.517771
13158,Aqua Teen Hunger Force Colon Movie Film for Theaters,2007-04-13,2007,04 Apr,3) Other months,,,,,,0,,3) 6.0-6.9,6.5,35,1.453146
84332,Safety Not Guaranteed,2012-06-08,2012,06 Jun,1) Summer (May-Jul),750000.0,4007792.0,3257792.0,5.343722666666666,1.0,1,Q1 (lowest),3) 6.0-6.9,6.8,556,25.186002
74510,Kevin Hart: Laugh at My Pain,2011-09-09,2011,09 Sep,3) Other months,,,,,,0,,4) 7.0 and above,7.7,43,5.498834
74725,Kill List,2011-09-02,2011,09 Sep,3) Other months,500000.0,171760.0,-328240.0,0.34352,0.0,1,Q1 (lowest),3) 6.0-6.9,6.0,210,12.203041
58428,The Innkeepers,2011-12-01,2011,12 Dec,2) Holiday (Nov-Dec),750000.0,78396.0,-671604.0,0.104528,0.0,1,Q1 (lowest),2) 5.0-5.9,5.4,219,14.386807
8416,The Conformist,1970-10-21,1970,10 Oct,3) Other months,750000.0,,,,,0,,4) 7.0 and above,7.6,127,8.429295
36584,Interview with the Assassin,2002-05-09,2002,05 May,1) Summer (May-Jul),500000.0,,,,,0,,,5.6,5,0.471264
13429,Donkey Punch,2008-07-18,2008,07 Jul,1) Summer (May-Jul),,,,,,0,,1) Below 5.0,4.5,52,3.283886
9022,All the Boys Love Mandy Lane,2008-02-15,2008,02 Feb,3) Other months,750000.0,,,,,0,,2) 5.0-5.9,5.7,209,12.284939
22530,Bled,2008-01-01,2008,01 Jan,3) Other months,,,,,,0,,,3.8,4,1.039149
288,High Noon,1952-03-27,1952,03 Mar,3) Other months,730000.0,8000000.0,7270000.0,10.95890410958904,1.0,1,Q1 (lowest),4) 7.0 and above,7.6,334,18.644023
14275,Hoop Dreams,1994-09-12,1994,09 Sep,3) Other months,700000.0,7830611.0,7130611.0,11.186587142857142,1.0,1,Q1 (lowest),4) 7.0 and above,7.7,87,9.188431
2287,Rize,2005-01-15,2005,01 Jan,3) Other months,,,,,,0,,2) 5.0-5.9,5.9,13,1.623769
18734,L.I.E.,2001-01-20,2001,01 Jan,3) Other months,700000.0,1667192.0,967192.0,2.3817028571428573,1.0,1,Q1 (lowest),3) 6.0-6.9,6.7,31,7.731064
206197,The Sisterhood of Night,2015-04-10,2015,04 Apr,3) Other months,,,,,,0,,3) 6.0-6.9,6.5,31,2.868942
26837,B-Girl,2009-07-29,2009,07 Jul,1) Summer (May-Jul),,,,,,0,,,5.5,7,0.631571
7859,Half Nelson,2006-08-11,2006,08 Aug,3) Other months,700000.0,4911725.0,4211725.0,7.01675,1.0,1,Q1 (lowest),3) 6.0-6.9,6.5,240,12.378031
302579,Naturally Native,1999-10-08,1999,10 Oct,3) Other months,700000.0,10508.0,-689492.0,0.015011428571428571,0.0,1,Q1 (lowest),,,0,0.578798
51955,Hav Plenty,1997-09-11,1997,09 Sep,3) Other months,,,,,,0,,,,0,0.003142
376004,Adulterers,2016-01-05,2016,01 Jan,3) Other months,750000.0,,,,,0,,2) 5.0-5.9,5.2,16,1.471139
158752,Escape from Tomorrow,2013-10-11,2013,10 Oct,3) Other months,650.0,,,,,0,,1) Below 5.0,4.8,87,1.352222
40658,Starsuckers,2009-09-30,2009,09 Sep,3) Other months,,,,,,0,,,6.2,5,0.429083
296943,The Hadza:  Last of the First,2014-10-31,2014,10 Oct,3) Other months,,,,,,0,,,,0,0.045648
118612,After,2012-08-27,2012,08 Aug,3) Other months,,,,,,0,,2) 5.0-5.9,5.6,63,4.596157
138976,Treachery,2013-05-16,2013,05 May,1) Summer (May-Jul),625000.0,,,,,0,,,4.8,5,0.283059
323967,Walter,2015-03-13,2015,03 Mar,3) Other months,700000.0,,,,,0,,2) 5.0-5.9,5.3,26,2.659006
3080,Top Hat,1935-09-06,1935,09 Sep,3) Other months,609000.0,3202000.0,2593000.0,5.257799671592775,1.0,1,Q1 (lowest),4) 7.0 and above,7.4,59,3.898498
2667,The Blair Witch Project,1999-07-14,1999,07 Jul,1) Summer (May-Jul),60000.0,248000000.0,247940000.0,4133.333333333333,1.0,1,Q1 (lowest),3) 6.0-6.9,6.3,1055,41.690578
9459,Woodstock,1970-03-26,1970,03 Mar,3) Other months,600000.0,34505110.0,33905110.0,57.508516666666665,1.0,1,Q1 (lowest),4) 7.0 and above,7.1,66,3.409764
11598,The Kentucky Fried Movie,1977-08-10,1977,08 Aug,3) Other months,600000.0,,,,,0,,3) 6.0-6.9,6.4,66,10.861167
26916,Mercy Streets,2000-10-31,2000,10 Oct,3) Other months,,,,,,0,,,5.5,2,0.099902
181940,Carousel of Revenge,2007-07-20,2007,07 Jul,1) Summer (May-Jul),,,,,,0,,,,0,0.006069
125263,Broken Vessels,1998-04-18,1998,04 Apr,3) Other months,,,,,,0,,,6.0,2,0.069277
263503,Water & Power,2014-05-02,2014,05 May,1) Summer (May-Jul),,,,,,0,,,3.0,1,0.350557
324322,They Will Have to Kill Us First,2015-10-13,2015,10 Oct,3) Other months,522360.0,,,,,0,,,5.0,1,0.071349
331493,Light from the Darkroom,2014-01-01,2014,01 Jan,3) Other months,,,,,,0,,,,0,0.012942
375950,The Country Doctor,2016-03-23,2016,03 Mar,3) Other months,,,,,,0,,3) 6.0-6.9,6.0,63,2.651304
278348,The Maid's Room,2014-08-08,2014,08 Aug,3) Other months,,,,,,0,,,4.8,4,1.501688
704,A Hard Day's Night,1964-07-06,1964,07 Jul,1) Summer (May-Jul),560000.0,12299668.0,11739668.0,21.963692857142856,1.0,1,Q1 (lowest),4) 7.0 and above,7.3,168,10.730056
70875,The Harvest (La Cosecha),2011-07-29,2011,07 Jul,1) Summer (May-Jul),56000.0,,,,,0,,,,0,0.010909
75986,Love Letters,1983-04-01,1983,04 Apr,3) Other months,550000.0,,,,,0,,,4.6,4,0.001586
385636,Juliet and Alfa Romeo,2015-09-17,2015,09 Sep,3) Other months,,,,,,0,,,6.0,1,0.061248
14438,Fireproof,2008-09-26,2008,09 Sep,3) Other months,500000.0,33456317.0,32956317.0,66.912634,1.0,1,Q1 (lowest),4) 7.0 and above,7.0,100,6.093989
211086,Faith Connections,2013-11-21,2013,11 Nov,2) Holiday (Nov-Dec),550000.0,,,,,0,,,4.2,3,0.48088
23069,Benji,1974-10-17,1974,10 Oct,3) Other months,,,,,,0,,3) 6.0-6.9,6.1,35,2.651418
83,Open Water,2004-08-06,2004,08 Aug,3) Other months,130000.0,54667954.0,54537954.0,420.52272307692306,1.0,1,Q1 (lowest),2) 5.0-5.9,5.4,315,15.611857
89857,High Road,2012-03-06,2012,03 Mar,3) Other months,,,,,,0,,2) 5.0-5.9,5.8,22,1.292948
30315,Kingdom of the Spiders,1977-08-24,1977,08 Aug,3) Other months,500000.0,17000000.0,16500000.0,34.0,1.0,1,Q1 (lowest),2) 5.0-5.9,5.7,30,2.537032
14358,Mad Hot Ballroom,2005-05-13,2005,05 May,1) Summer (May-Jul),,,,,,0,,,7.2,8,0.772668
2056,The Station Agent,2003-01-26,2003,01 Jan,3) Other months,500000.0,8679814.0,8179814.0,17.359628,1.0,1,Q1 (lowest),4) 7.0 and above,7.4,210,11.578545
41144,To Save A Life,2009-11-05,2009,11 Nov,2) Holiday (Nov-Dec),,,,,,0,,3) 6.0-6.9,6.2,21,0.05021
35199,Wordplay,2006-06-26,2006,06 Jun,1) Summer (May-Jul),,,,,,0,,4) 7.0 and above,7.3,10,0.906096
14271,Beyond the Mat,1999-10-22,1999,10 Oct,3) Other months,2053648.0,500000.0,-1553648.0,0.24346918264473755,0.0,1,Q1 (lowest),4) 7.0 and above,7.8,17,2.778633
16653,The Singles Ward,2002-01-30,2002,01 Jan,3) Other months,,,,,,0,,,7.5,4,0.920591
14757,Osama,2003-05-20,2003,05 May,1) Summer (May-Jul),46000.0,,,,,0,,3) 6.0-6.9,6.3,32,1.447734
84401,Sholem Aleichem: Laughing In The Darkness,2012-02-24,2012,02 Feb,3) Other months,500000.0,845188.0,345188.0,1.690376,1.0,1,Q1 (lowest),,7.0,2,0.109579
23655,Groove,2000-06-08,2000,06 Jun,1) Summer (May-Jul),,,,,,0,,,5.6,6,1.09454
36825,The R.M.,2003-01-31,2003,01 Jan,3) Other months,,,,,,0,,,4.8,4,0.082978
33430,Twin Falls Idaho,1999-07-30,1999,07 Jul,1) Summer (May-Jul),,,,,,0,,4) 7.0 and above,7.0,11,0.619136
12281,Mean Creek,2004-01-15,2004,01 Jan,3) Other months,500000.0,603943.0,103943.0,1.207886,1.0,1,Q1 (lowest),3) 6.0-6.9,6.9,106,8.519202
125052,Hurricane Streets,1997-01-21,1997,01 Jan,3) Other months,,,,,,0,,,4.8,4,0.36447
96238,Never Again,2002-07-12,2002,07 Jul,1) Summer (May-Jul),,,,,,0,,,4.0,3,0.039077
30246,Civil Brand,2003-08-29,2003,08 Aug,3) Other months,,,,,,0,,,5.3,4,0.665512
7301,Lonesome Jim,2005-11-16,2005,11 Nov,2) Holiday (Nov-Dec),,,,,,0,,3) 6.0-6.9,6.4,26,3.433625
172533,Drinking Buddies,2013-08-23,2013,08 Aug,3) Other months,,343341.0,,,,0,,3) 6.0-6.9,6.0,356,17.378455
180383,Deceptive Practice: The Mysteries and Mentors of Ricky Jay,2012-10-04,2012,10 Oct,3) Other months,500000.0,,,,,0,,4) 7.0 and above,7.1,17,0.425195
346,Seven Samurai,1954-04-26,1954,04 Apr,3) Other months,2000000.0,271841.0,-1728159.0,0.1359205,0.0,1,Q1 (lowest),4) 7.0 and above,8.2,878,39.756748
84318,The Other Dream Team,2012-09-28,2012,09 Sep,3) Other months,,,,,,0,,,6.9,7,0.388401
45145,Johnny Suede,1991-08-18,1991,08 Aug,3) Other months,500000.0,,,,,0,,1) Below 5.0,4.7,13,1.354816
13983,Finishing The Game,2007-01-21,2007,01 Jan,3) Other months,,,,,,0,,,4.9,8,0.459625
45649,Rubber,2010-07-09,2010,07 Jul,1) Summer (May-Jul),500000.0,98017.0,-401983.0,0.196034,0.0,1,Q1 (lowest),2) 5.0-5.9,5.7,251,9.108949
19844,Kiss the Bride,2007-01-01,2007,01 Jan,3) Other months,,,,,,0,,1) Below 5.0,4.2,11,1.65426
21801,The Slaughter Rule,2002-01-01,2002,01 Jan,3) Other months,,,,,,0,,,6.2,9,1.390909
43933,Monsters,2010-06-18,2010,06 Jun,1) Summer (May-Jul),500000.0,4242978.0,3742978.0,8.485956,1.0,1,Q1 (lowest),3) 6.0-6.9,6.2,587,26.406001
73511,The Californians,2005-10-21,2005,10 Oct,3) Other months,,,,,,0,,,4.0,1,0.218736
43653,The Living Wake,2007-01-01,2007,01 Jan,3) Other months,,,,,,0,,,5.0,1,0.383442
139715,Detention of the Dead,2012-04-27,2012,04 Apr,3) Other months,500000.0,,,,,0,,1) Below 5.0,4.5,34,2.391847
45380,Crazy Stone,2006-01-01,2006,01 Jan,3) Other months,,,,,,0,,3) 6.0-6.9,6.9,22,1.68502
30867,Scott Walker: 30 Century Man,2006-10-31,2006,10 Oct,3) Other months,,,,,,0,,,7.0,8,0.607782
81220,Everything Put Together,2001-11-02,2001,11 Nov,2) Holiday (Nov-Dec),500000.0,,,,,0,,,5.0,2,0.046903
253626,Good Kill,2015-04-09,2015,04 Apr,3) Other months,,316472.0,,,,0,,2) 5.0-5.9,5.9,208,10.924273
294550,The Outrageous Sophie Tucker,2014-05-02,2014,05 May,1) Summer (May-Jul),,,,,,0,,,,0,0.021419
90369,Now Is Good,2012-05-25,2012,05 May,1) Summer (May-Jul),,,,,,0,,4) 7.0 and above,7.3,371,14.142073
117942,Girls Gone Dead,2012-03-28,2012,03 Mar,3) Other months,500000.0,,,,,0,,1) Below 5.0,3.5,14,1.600171
380097,America Is Still the Place,,,,,,,,,,0,,,,0,0.0
322194,Subconscious,2015-03-10,2015,03 Mar,3) Other months,,,,,,0,,,3.4,4,0.397323
98568,Enter Nowhere,2011-10-22,2011,10 Oct,3) Other months,,,,,,0,,3) 6.0-6.9,6.5,49,3.637857
119657,El Rey de Najayo,2012-03-01,2012,03 Mar,3) Other months,500.0,,,,,0,,,,0,0.080105
380733,Fight to the Finish,2016-02-02,2016,02 Feb,3) Other months,,,,,,0,,,5.2,3,0.251828
285743,Alleluia! The Devil's Carnival,2016-03-29,2016,03 Mar,3) Other months,,,,,,0,,,6.0,2,0.674398
362765,The Sound and the Shadow,2014-10-19,2014,10 Oct,3) Other months,,,,,,0,,,,0,0.072359
379532,Rodeo Girl,2016-01-05,2016,01 Jan,3) Other months,,,,,,0,,,5.5,1,0.087574
253261,Born to Fly: Elizabeth Streb vs. Gravity,2014-03-08,2014,03 Mar,3) Other months,,,,,,0,,,5.0,1,0.069244
297100,The Little Ponderosa Zoo,2014-09-11,2014,09 Sep,3) Other months,500000.0,,,,,0,,,2.0,1,0.073079
15239,The Toxic Avenger,1984-05-01,1984,05 May,1) Summer (May-Jul),,,,,,0,,3) 6.0-6.9,6.3,113,6.672008
94072,Straight Out of Brooklyn,1991-06-13,1991,06 Jun,1) Summer (May-Jul),,,,,,0,,,4.3,4,0.161517
4107,Bloody Sunday,2002-01-16,2002,01 Jan,3) Other months,,773228.0,,,,0,,4) 7.0 and above,7.2,53,7.330691
325579,Diamond Ruff,2015-01-01,2015,01 Jan,3) Other months,,,,,,0,,,2.4,4,0.165257
15624,Conversations with Other Women,2006-06-07,2006,06 Jun,1) Summer (May-Jul),450000.0,973525.0,523525.0,2.163388888888889,1.0,1,Q1 (lowest),3) 6.0-6.9,6.2,38,4.442355
17287,Poultrygeist: Night of the Chicken Dead,2006-12-26,2006,12 Dec,2) Holiday (Nov-Dec),,,,,,0,,2) 5.0-5.9,5.9,41,3.905877
198370,Mutual Friends,2014-04-15,2014,04 Apr,3) Other months,,,,,,0,,,,0,0.136721
3062,42nd Street,1933-02-02,1933,02 Feb,3) Other months,439000.0,2281000.0,1842000.0,5.195899772209567,1.0,1,Q1 (lowest),3) 6.0-6.9,6.1,37,1.933366
328307,Rise of the Entrepreneur: The Search for a Better Way,2014-11-20,2014,11 Nov,2) Holiday (Nov-Dec),,,,,,0,,,8.0,1,0.052942
15389,Metropolitan,1990-08-03,1990,08 Aug,3) Other months,225000.0,,,,,0,,4) 7.0 and above,7.0,38,1.014966
464,As It Is in Heaven,2004-09-03,2004,09 Sep,3) Other months,,,,,,0,,3) 6.0-6.9,6.9,42,4.321249
308467,Roadside,2013-03-01,2013,03 Mar,3) Other months,,,,,,0,,,4.2,5,0.160234
8193,Napoleon Dynamite,2004-06-11,2004,06 Jun,1) Summer (May-Jul),400000.0,46118097.0,45718097.0,115.2952425,1.0,1,Q1 (lowest),3) 6.0-6.9,6.7,554,23.603514
188166,Blue Ruin,2014-04-25,2014,04 Apr,3) Other months,,258384.0,,,,0,,3) 6.0-6.9,6.9,462,25.349758
23827,Paranormal Activity,2007-09-14,2007,09 Sep,3) Other months,15000.0,193355800.0,193340800.0,12890.386666666667,1.0,1,Q1 (lowest),2) 5.0-5.9,5.9,1316,47.456823
1282,Dogtown and Z-Boys,2001-01-18,2001,01 Jan,3) Other months,,,,,,0,,4) 7.0 and above,7.2,52,3.291609
762,Monty Python and the Holy Grail,1975-03-13,1975,03 Mar,3) Other months,400000.0,5028948.0,4628948.0,12.57237,1.0,1,Q1 (lowest),4) 7.0 and above,7.8,1708,64.782984
64499,Quinceañera,2006-06-05,2006,06 Jun,1) Summer (May-Jul),,,,,,0,,,7.0,7,0.034135
281189,Gory Gory Hallelujah,2003-11-05,2003,11 Nov,2) Holiday (Nov-Dec),,,,,,0,,,1.0,1,0.033883
1435,Tarnation,2003-10-19,2003,10 Oct,3) Other months,218.0,1162014.0,,,,0,,4) 7.0 and above,7.5,22,1.063439
47546,I Want Your Money,2010-07-06,2010,07 Jul,1) Summer (May-Jul),,,,,,0,,,3.8,5,0.084344
189711,Love in the Time of Monsters,2014-03-08,2014,03 Mar,3) Other months,,,,,,0,,,5.0,2,0.133619
19204,The Beyond,1981-04-22,1981,04 Apr,3) Other months,,,,,,0,,3) 6.0-6.9,6.6,117,8.022122
9029,What Happens in Vegas,2008-05-07,2008,05 May,1) Summer (May-Jul),35000000.0,170000000.0,135000000.0,4.857142857142857,1.0,1,Q3,2) 5.0-5.9,5.8,923,38.100488
18045,The Dark Hours,2005-03-11,2005,03 Mar,3) Other months,500000.0,,,,,0,,2) 5.0-5.9,5.5,22,1.428483
11240,My Beautiful Laundrette,1985-09-07,1985,09 Sep,3) Other months,860000.0,2451545.0,1591545.0,2.8506337209302326,1.0,1,Q1 (lowest),3) 6.0-6.9,6.6,51,3.703005
43743,Fabled,2002-01-01,2002,01 Jan,3) Other months,,,,,,0,,,,0,0.003352
157909,Show Me,2004-09-23,2004,09 Sep,3) Other months,,,,,,0,,,5.6,4,0.231297
10238,Cries and Whispers,1972-12-21,1972,12 Dec,2) Holiday (Nov-Dec),,,,,,0,,4) 7.0 and above,7.8,115,11.347855
3059,Intolerance,1916-09-04,1916,09 Sep,3) Other months,385907.0,8394751.0,8008844.0,21.75330066570443,1.0,1,Q1 (lowest),4) 7.0 and above,7.4,60,3.232447
15800,Trekkies,1997-10-18,1997,10 Oct,3) Other months,,,,,,0,,3) 6.0-6.9,6.3,22,2.77754
65203,The Broadway Melody,1929-02-08,1929,02 Feb,3) Other months,379000.0,4358000.0,3979000.0,11.49868073878628,1.0,1,Q1 (lowest),2) 5.0-5.9,5.0,19,0.968865
764,The Evil Dead,1981-10-15,1981,10 Oct,3) Other months,350000.0,29400000.0,29050000.0,84.0,1.0,1,Q1 (lowest),4) 7.0 and above,7.3,894,35.037625
103620,Maniac,2012-12-26,2012,12 Dec,2) Holiday (Nov-Dec),6000000.0,31081.0,-5968919.0,0.005180166666666666,0.0,1,Q1 (lowest),3) 6.0-6.9,6.0,316,19.331884
319069,Censored Voices,2015-01-24,2015,01 Jan,3) Other months,,,,,,0,,,5.1,8,0.59458
14278,Murderball,2005-07-22,2005,07 Jul,1) Summer (May-Jul),300000.0,1750211.0,1450211.0,5.834036666666667,1.0,1,Q1 (lowest),3) 6.0-6.9,6.9,23,1.085909
25678,American Ninja 2: The Confrontation,1987-05-01,1987,05 May,1) Summer (May-Jul),,,,,,0,,1) Below 5.0,4.9,49,5.061107
79161,51 Birch Street,2006-10-18,2006,10 Oct,3) Other months,,,,,,0,,,6.8,6,0.049921
371690,Rotor DR1,2015-10-20,2015,10 Oct,3) Other months,350000.0,,,,,0,,,4.7,3,0.249561
389,12 Angry Men,1957-03-25,1957,03 Mar,3) Other months,350000.0,1000000.0,650000.0,2.857142857142857,1.0,1,Q1 (lowest),4) 7.0 and above,8.2,2078,59.259204
52032,My Dog Tulip,2009-01-01,2009,01 Jan,3) Other months,,246574.0,,,,0,,,7.6,9,1.170257
3078,It Happened One Night,1934-02-22,1934,02 Feb,3) Other months,325000.0,4500000.0,4175000.0,13.846153846153847,1.0,1,Q1 (lowest),4) 7.0 and above,7.7,275,11.871424
38810,Dogtooth,2009-06-01,2009,06 Jun,1) Summer (May-Jul),,110197.0,,,,0,,3) 6.0-6.9,6.9,332,28.858238
21525,Tupac: Resurrection,2003-01-23,2003,01 Jan,3) Other months,300000.0,7808524.0,7508524.0,26.028413333333333,1.0,1,Q1 (lowest),4) 7.0 and above,8.0,26,1.314576
55123,Tumbleweeds,1999-11-28,1999,11 Nov,2) Holiday (Nov-Dec),312000.0,1281176.0,969176.0,4.106333333333334,1.0,1,Q1 (lowest),3) 6.0-6.9,6.2,11,1.505703
11980,The Prophecy,1995-09-01,1995,09 Sep,3) Other months,8.0,16.0,,,,0,,3) 6.0-6.9,6.4,138,11.818333
11956,When the Cat's Away,1996-04-03,1996,04 Apr,3) Other months,,,,,,0,,3) 6.0-6.9,6.1,16,1.410387
1550,Pieces of April,2003-01-19,2003,01 Jan,3) Other months,300000.0,,,,,0,,3) 6.0-6.9,6.4,64,4.270596
162396,The Big Swap,1998-06-11,1998,06 Jun,1) Summer (May-Jul),,,,,,0,,,,0,0.627763
26518,Old Joy,2006-01-01,2006,01 Jan,3) Other months,300000.0,,,,,0,,3) 6.0-6.9,6.3,36,1.673208
8942,Wendy and Lucy,2008-05-22,2008,05 May,1) Summer (May-Jul),200000.0,,,,,0,,3) 6.0-6.9,6.4,64,0.713906
68412,3 Backyards,2010-01-01,2010,01 Jan,3) Other months,,,,,,0,,,4.8,4,0.17817
2786,Pierrot le Fou,1965-08-29,1965,08 Aug,3) Other months,300000.0,,,,,0,,4) 7.0 and above,7.6,127,7.791898
87943,Sisters in Law,2005-09-03,2005,09 Sep,3) Other months,,,,,,0,,,7.3,2,0.025211
73981,Ayurveda: Art of Being,2001-09-20,2001,09 Sep,3) Other months,300000.0,2074000.0,1774000.0,6.913333333333333,1.0,1,Q1 (lowest),,5.5,3,0.055868
91721,Nothing But a Man,1964-01-01,1964,01 Jan,3) Other months,,,,,,0,,,7.0,2,0.008453
118452,"First Love, Last Rites",1998-08-07,1998,08 Aug,3) Other months,300000.0,40542.0,-259458.0,0.13514,0.0,1,Q1 (lowest),,3.0,1,0.374291
47534,Fighting Tommy Riley,2005-05-06,2005,05 May,1) Summer (May-Jul),,,,,,0,,,5.3,4,0.045429
40914,Royal Kill,2009-04-10,2009,04 Apr,3) Other months,,,,,,0,,,2.8,6,1.088501
365052,The Looking Glass,2015-10-23,2015,10 Oct,3) Other months,,,,,,0,,,7.0,1,0.062979
13282,Death Race 2000,1975-04-27,1975,04 Apr,3) Other months,300000.0,8000000.0,7700000.0,26.666666666666668,1.0,1,Q1 (lowest),2) 5.0-5.9,5.9,124,6.473667
250184,Locker 13,2014-03-29,2014,03 Mar,3) Other months,,,,,,0,,,6.8,3,1.905197
426067,Midnight Cabaret,1990-01-01,1990,01 Jan,3) Other months,,,,,,0,,,,0,0.001389
324352,Anderson's Cross,2010-05-20,2010,05 May,1) Summer (May-Jul),300000.0,,,,,0,,,,0,0.006323
318040,Bizarre,2015-02-07,2015,02 Feb,3) Other months,,,,,,0,,3) 6.0-6.9,6.2,11,0.583446
27420,Graduation Day,1981-05-01,1981,05 May,1) Summer (May-Jul),,,,,,0,,2) 5.0-5.9,5.0,22,1.452199
80468,Some Guy Who Kills People,2011-04-14,2011,04 Apr,3) Other months,300000.0,,,,,0,,2) 5.0-5.9,5.7,45,2.733725
84188,Compliance,2012-08-23,2012,08 Aug,3) Other months,,319285.0,,,,0,,3) 6.0-6.9,6.3,221,8.942203
2255,Chasing Amy,1997-04-04,1997,04 Apr,3) Other months,250000.0,12021272.0,11771272.0,48.085088,1.0,1,Q1 (lowest),3) 6.0-6.9,6.7,433,20.601483
50035,Lovely & Amazing,2001-08-31,2001,08 Aug,3) Other months,250000.0,4186931.0,3936931.0,16.747724,1.0,1,Q1 (lowest),3) 6.0-6.9,6.3,23,1.45917
300327,Death Calls,2010-09-01,2010,09 Sep,3) Other months,,,,,,0,,,,0,0.005883
14290,Better Luck Tomorrow,2002-01-12,2002,01 Jan,3) Other months,,,,,,0,,3) 6.0-6.9,6.5,27,3.877036
29371,The Incredibly True Adventure of Two Girls In Love,1995-06-16,1995,06 Jun,1) Summer (May-Jul),,,,,,0,,2) 5.0-5.9,5.7,13,1.70819
44490,Chuck & Buck,2000-01-21,2000,01 Jan,3) Other months,,,,,,0,,2) 5.0-5.9,5.7,16,0.812855
32222,American Desi,2001-01-01,2001,01 Jan,3) Other months,250000.0,,,,,0,,,5.0,4,0.126304
378237,Amidst the Devil's Wings,2014-12-01,2014,12 Dec,2) Holiday (Nov-Dec),300000.0,,,,,0,,,,0,0.018087
431,Cube,1997-09-09,1997,09 Sep,3) Other months,250000.0,501818.0,251818.0,2.007272,1.0,1,Q1 (lowest),3) 6.0-6.9,6.9,1069,44.656151
76996,Love and Other Catastrophes,1996-08-01,1996,08 Aug,3) Other months,,,,,,0,,,5.8,9,0.619348
51942,I Married a Strange Person!,1998-08-28,1998,08 Aug,3) Other months,250.0,203.0,,,,0,,4) 7.0 and above,7.5,12,0.293649
1424,November,2004-07-22,2004,07 Jul,1) Summer (May-Jul),,,,,,0,,1) Below 5.0,4.9,11,5.742359
60420,Like Crazy,2011-10-28,2011,10 Oct,3) Other months,250000.0,3542353.0,3292353.0,14.169412,1.0,1,Q1 (lowest),3) 6.0-6.9,6.4,381,21.825564
325123,Teeth and Blood,2015-03-10,2015,03 Mar,3) Other months,,,,,,0,,,3.0,1,0.055325
142132,Sugar Town,1999-09-17,1999,09 Sep,3) Other months,,,,,,0,,,5.5,2,0.375423
20520,The Motel,2005-01-01,2005,01 Jan,3) Other months,,,,,,0,,,7.0,3,0.120505
109729,The Canyons,2013-07-29,2013,07 Jul,1) Summer (May-Jul),250000.0,56825.0,-193175.0,0.2273,0.0,1,Q1 (lowest),1) Below 5.0,4.1,75,6.978907
78307,On the Outs,2004-09-11,2004,09 Sep,3) Other months,,,,,,0,,,5.9,6,0.493223
12247,Shotgun Stories,2007-10-01,2007,10 Oct,3) Other months,,,,,,0,,3) 6.0-6.9,6.9,57,5.251143
29917,Exam,2009-06-19,2009,06 Jun,1) Summer (May-Jul),,,,,,0,,3) 6.0-6.9,6.6,523,20.265518
70687,The Sticky Fingers of Time,1997-06-06,1997,06 Jun,1) Summer (May-Jul),250000.0,,,,,0,,,4.8,3,0.130169
60463,Sunday School Musical,2008-10-21,2008,10 Oct,3) Other months,,,,,,0,,,5.5,4,0.46049
46252,Rust,2010-10-07,2010,10 Oct,3) Other months,,,,,,0,,,,0,0.399491
24869,Ink,2009-01-23,2009,01 Jan,3) Other months,250000.0,,,,,0,,3) 6.0-6.9,6.4,101,5.217002
77934,The Christmas Bunny,2010-11-28,2010,11 Nov,2) Holiday (Nov-Dec),250000.0,,,,,0,,,5.7,7,0.065103
34697,Butterfly,1982-02-05,1982,02 Feb,3) Other months,,,,,,0,,2) 5.0-5.9,5.0,12,1.063615
320435,UnDivided,2013-02-01,2013,02 Feb,3) Other months,,,,,,0,,,,0,0.010607
150211,The Frozen,2012-10-10,2012,10 Oct,3) Other months,,,,,,0,,1) Below 5.0,4.2,14,1.084387
306667,Horse Camp,2015-01-10,2015,01 Jan,3) Other months,,,,,,0,,,5.5,2,0.172299
274758,Give Me Shelter,2014-06-24,2014,06 Jun,1) Summer (May-Jul),,,,,,0,,,,0,0.278981
3060,The Big Parade,1925-11-05,1925,11 Nov,2) Holiday (Nov-Dec),245000.0,22000000.0,21755000.0,89.79591836734694,1.0,1,Q1 (lowest),4) 7.0 and above,7.0,21,0.785744
40963,Little Big Top,2006-01-01,2006,01 Jan,3) Other months,,,,,,0,,,10.0,1,0.0921
173224,Along the Roadside,2013-02-28,2013,02 Feb,3) Other months,250.0,,,,,0,,,7.7,3,0.166655
18533,Bronson,2008-10-09,2008,10 Oct,3) Other months,230000.0,2260712.0,2030712.0,9.829182608695652,1.0,1,Q1 (lowest),3) 6.0-6.9,6.9,733,18.450613
376010,Western Religion,2015-10-09,2015,10 Oct,3) Other months,,,,,,0,,,,0,0.58954
139948,Burn,2012-11-01,2012,11 Nov,2) Holiday (Nov-Dec),225000.0,111300.0,-113700.0,0.49466666666666664,0.0,1,Q1 (lowest),,6.9,6,0.126676
77332,Urbania,2000-01-24,2000,01 Jan,3) Other months,,,,,,0,,2) 5.0-5.9,5.2,10,0.065155
70478,The Stewardesses,1969-07-25,1969,07 Jul,1) Summer (May-Jul),100000.0,27000000.0,26900000.0,270.0,1.0,1,Q1 (lowest),,4.3,5,1.183892
35073,"The Beast from 20,000 Fathoms",1953-06-13,1953,06 Jun,1) Summer (May-Jul),210000.0,5000000.0,4790000.0,23.80952380952381,1.0,1,Q1 (lowest),3) 6.0-6.9,6.7,41,2.043661
9659,Mad Max,1979-04-12,1979,04 Apr,3) Other months,400000.0,100000000.0,99600000.0,250.0,1.0,1,Q1 (lowest),3) 6.0-6.9,6.6,1213,33.142185
10218,Swingers,1996-10-18,1996,10 Oct,3) Other months,200000.0,4505922.0,4305922.0,22.52961,1.0,1,Q1 (lowest),3) 6.0-6.9,6.8,253,13.971674
391,A Fistful of Dollars,1964-09-12,1964,09 Sep,3) Other months,200000.0,14500000.0,14300000.0,72.5,1.0,1,Q1 (lowest),4) 7.0 and above,7.6,883,38.771062
43595,She Done Him Wrong,1933-02-09,1933,02 Feb,3) Other months,200000.0,2200000.0,2000000.0,11.0,1.0,1,Q1 (lowest),2) 5.0-5.9,5.1,27,0.622752
194588,Short Cut to Nirvana: Kumbh Mela,2004-05-11,2004,05 May,1) Summer (May-Jul),,,,,,0,,,,0,0.004998
54897,The Grace Card,2011-02-25,2011,02 Feb,3) Other months,200000.0,2295733.0,2095733.0,11.478665,1.0,1,Q1 (lowest),3) 6.0-6.9,6.5,10,0.616283
83588,Middle of Nowhere,2012-10-12,2012,10 Oct,3) Other months,,,,,,0,,,6.6,7,2.836537
53256,Three,2010-12-23,2010,12 Dec,2) Holiday (Nov-Dec),,2611555.0,,,,0,,3) 6.0-6.9,6.3,31,5.937602
40920,The Business of Fancydancing,2002-01-14,2002,01 Jan,3) Other months,200000.0,,,,,0,,,8.0,2,0.06104
287815,Call + Response,2008-10-10,2008,10 Oct,3) Other months,,,,,,0,,,8.0,1,0.062089
54702,Malevolence,2004-09-10,2004,09 Sep,3) Other months,450000.0,,,,,0,,1) Below 5.0,4.9,14,1.077321
176074,Reality Show,2015-01-01,2015,01 Jan,3) Other months,,,,,,0,,,5.5,2,0.472123
69270,Super Hybrid,2010-01-01,2010,01 Jan,3) Other months,13000000.0,,,,,0,,1) Below 5.0,4.6,24,4.009379
5759,Baghead,2008-01-21,2008,01 Jan,3) Other months,,,,,,0,,2) 5.0-5.9,5.8,23,3.299345
402515,American Beast,2014-10-21,2014,10 Oct,3) Other months,,,,,,0,,,,0,0.018716
126141,The Case of the Grinning Cat,2004-12-05,2004,12 Dec,2) Holiday (Nov-Dec),,,,,,0,,,7.7,3,0.092562
48035,Ordet,1955-01-09,1955,01 Jan,3) Other months,,,,,,0,,4) 7.0 and above,7.8,65,3.225189
14758,Good Dick,2008-10-03,2008,10 Oct,3) Other months,,,,,,0,,3) 6.0-6.9,6.1,34,1.948435
13363,The Man from Earth,2007-06-10,2007,06 Jun,1) Summer (May-Jul),,,,,,0,,4) 7.0 and above,7.7,687,31.339015
37985,The Trials Of Darryl Hunt,2007-06-15,2007,06 Jun,1) Summer (May-Jul),,,,,,0,,,6.8,4,0.15066
25786,Samantha: An American Girl Holiday,2004-11-23,2004,11 Nov,2) Holiday (Nov-Dec),,,,,,0,,,4.6,9,4.980585
36549,Yesterday Was a Lie,2008-01-01,2008,01 Jan,3) Other months,,,,,,0,,,6.0,4,0.145014
361398,Theresa Is a Mother,2015-09-25,2015,09 Sep,3) Other months,,,,,,0,,,,0,0.036532
289180,H.,2014-08-28,2014,08 Aug,3) Other months,,,,,,0,,,6.5,4,1.045623
288927,Archaeology of a Woman,2014-09-12,2014,09 Sep,3) Other months,,,,,,0,,,,0,0.254659
21334,Children of Heaven,1997-08-01,1997,08 Aug,3) Other months,180000.0,900000.0,720000.0,5.0,1.0,1,Q1 (lowest),4) 7.0 and above,7.8,112,7.072118
79120,Weekend,2011-09-22,2011,09 Sep,3) Other months,8000.0,469947.0,,,,0,,4) 7.0 and above,7.4,163,1.041254
27995,She's Gotta Have It,1986-08-08,1986,08 Aug,3) Other months,,,,,,0,,3) 6.0-6.9,6.1,25,6.722213
253290,Butterfly Girl,2014-03-10,2014,03 Mar,3) Other months,,,,,,0,,,,0,0.015189
344466,The World Is Mine,2015-06-05,2015,06 Jun,1) Summer (May-Jul),,,,,,0,,,,0,0.327622
55420,Another Earth,2011-07-22,2011,07 Jul,1) Summer (May-Jul),100000.0,1776935.0,1676935.0,17.76935,1.0,1,Q1 (lowest),3) 6.0-6.9,6.8,527,25.402697
5822,Sweet Sweetback's Baadasssss Song,1971-04-23,1971,04 Apr,3) Other months,150000.0,15200000.0,15050000.0,101.33333333333333,1.0,1,Q1 (lowest),1) Below 5.0,4.6,18,0.132878
408429,Perfect Cowboy,2014-07-13,2014,07 Jul,1) Summer (May-Jul),200.0,,,,,0,,,5.0,1,0.050978
39141,Tadpole,2002-11-01,2002,11 Nov,2) Holiday (Nov-Dec),150000.0,2891288.0,2741288.0,19.275253333333332,1.0,1,Q1 (lowest),2) 5.0-5.9,5.5,19,8.570328
5723,Once,2007-03-23,2007,03 Mar,3) Other months,160000.0,20710513.0,20550513.0,129.44070625,1.0,1,Q1 (lowest),4) 7.0 and above,7.3,453,19.052179
28666,The Woman Chaser,1999-10-08,1999,10 Oct,3) Other months,,,,,,0,,,4.9,4,0.619979
30979,The Horse Boy,2009-11-25,2009,11 Nov,2) Holiday (Nov-Dec),,,,,,0,,,5.5,2,0.465404
50497,When the Lights Went Out,2012-01-31,2012,01 Jan,3) Other months,,,,,,0,,2) 5.0-5.9,5.8,49,2.805351
354624,Heroes of Dirt,2015-09-04,2015,09 Sep,3) Other months,,,,,,0,,,,0,0.076647
13187,A Charlie Brown Christmas,1965-12-09,1965,12 Dec,2) Holiday (Nov-Dec),,,,,,0,,4) 7.0 and above,7.5,153,8.701183
335244,Antarctic Edge: 70° South,2015-04-17,2015,04 Apr,3) Other months,,,,,,0,,,,0,0.021392
178862,Aroused,2013-02-20,2013,02 Feb,3) Other months,,,,,,0,,4) 7.0 and above,7.2,11,2.557258
331745,Top Spin,2014-11-15,2014,11 Nov,2) Holiday (Nov-Dec),,,,,,0,,,6.8,6,0.523122
1779,Roger & Me,1989-09-01,1989,09 Sep,3) Other months,160000.0,6706368.0,6546368.0,41.9148,1.0,1,Q1 (lowest),4) 7.0 and above,7.4,90,3.284903
282128,An American in Hollywood,2014-07-18,2014,07 Jul,1) Summer (May-Jul),,,,,,0,,,,0,0.015697
86812,Sound of My Voice,2011-01-22,2011,01 Jan,3) Other months,,,,,,0,,3) 6.0-6.9,6.3,108,6.192383
38786,The Blood of My Brother: A Story of Death in Iraq,2005-11-25,2005,11 Nov,2) Holiday (Nov-Dec),,,,,,0,,,,0,0.005256
84355,Your Sister's Sister,2011-09-11,2011,09 Sep,3) Other months,125000.0,3200000.0,3075000.0,25.6,1.0,1,Q1 (lowest),3) 6.0-6.9,6.5,137,12.833247
18632,A Dog's Breakfast,2007-03-03,2007,03 Mar,3) Other months,120000.0,,,,,0,,2) 5.0-5.9,5.9,24,2.213889
40652,The Married Woman,1964-12-04,1964,12 Dec,2) Holiday (Nov-Dec),120000.0,,,,,0,,4) 7.0 and above,7.1,20,1.112792
339408,The Birth of a Nation,2016-09-09,2016,09 Sep,3) Other months,8500000.0,15861566.0,7361566.0,1.866066588235294,1.0,1,Q1 (lowest),3) 6.0-6.9,6.5,178,9.452808
266857,The Work and The Story,2003-01-01,2003,01 Jan,3) Other months,,,,,,0,,,,0,0.002388
18925,Facing the Giants,2006-09-29,2006,09 Sep,3) Other months,100000.0,10178331.0,10078331.0,101.78331,1.0,1,Q1 (lowest),3) 6.0-6.9,6.6,64,4.563698
299245,The Gallows,2015-07-10,2015,07 Jul,1) Summer (May-Jul),100000.0,42664410.0,42564410.0,426.6441,1.0,1,Q1 (lowest),1) Below 5.0,4.9,361,18.045782
985,Eraserhead,1977-03-19,1977,03 Mar,3) Other months,10000.0,7000000.0,6990000.0,700.0,1.0,1,Q1 (lowest),4) 7.0 and above,7.5,485,20.399578
34101,Hollywood Shuffle,1987-03-20,1987,03 Mar,3) Other months,,,,,,0,,2) 5.0-5.9,5.7,19,2.353483
9821,The Mighty,1998-10-23,1998,10 Oct,3) Other months,,,,,,0,,4) 7.0 and above,7.1,51,5.497682
65448,Penitentiary,1979-12-01,1979,12 Dec,2) Holiday (Nov-Dec),,,,,,0,,,4.9,8,0.001117
18841,The Lost Skeleton of Cadavra,2001-09-12,2001,09 Sep,3) Other months,,,,,,0,,3) 6.0-6.9,6.5,30,1.680525
272726,Dude Where's My Dog?,2014-06-12,2014,06 Jun,1) Summer (May-Jul),,,,,,0,,,,0,0.28397
175291,Cheap Thrills,2013-03-08,2013,03 Mar,3) Other months,,,,,,0,,3) 6.0-6.9,6.3,155,10.826253
80215,Indie Game: The Movie,2012-05-18,2012,05 May,1) Summer (May-Jul),,,,,,0,,4) 7.0 and above,7.4,203,7.676677
13538,Straightheads,2007-04-27,2007,04 Apr,3) Other months,,,,,,0,,2) 5.0-5.9,5.2,40,8.302951
51130,Open Secret,1948-02-14,1948,02 Feb,3) Other months,,,,,,0,,,7.0,2,0.186401
270554,Echo Dr.,2013-11-08,2013,11 Nov,2) Holiday (Nov-Dec),,,,,,0,,,5.0,1,0.053755
72086,The Night Visitor,1971-01-01,1971,01 Jan,3) Other months,,,,,,0,,,7.3,6,0.074005
268917,The Past Is a Grotesque Animal,2014-06-15,2014,06 Jun,1) Summer (May-Jul),100.0,,,,,0,,,5.5,2,0.394575
64973,"Peace, Propaganda & the Promised Land",2005-01-28,2005,01 Jan,3) Other months,,,,,,0,,,6.4,4,0.020168
473,Pi,1998-07-10,1998,07 Jul,1) Summer (May-Jul),60000.0,3221152.0,3161152.0,53.68586666666667,1.0,1,Q1 (lowest),4) 7.0 and above,7.1,586,27.788067
90414,"I Love You, Don't Touch Me!",1997-01-21,1997,01 Jan,3) Other months,,,,,,0,,,6.0,1,0.020839
111794,20 Dates,1998-01-01,1998,01 Jan,3) Other months,,,,,,0,,,3.7,3,0.408073
360188,Queen Crab,2015-09-29,2015,09 Sep,3) Other months,75000.0,,,,,0,,,3.3,3,0.140989
9372,Super Size Me,2004-01-17,2004,01 Jan,3) Other months,65000.0,28575078.0,28510078.0,439.6165846153846,1.0,1,Q1 (lowest),3) 6.0-6.9,6.6,506,10.400603
85860,The FP,2011-03-13,2011,03 Mar,3) Other months,,,,,,0,,1) Below 5.0,4.5,11,0.838957
244534,Happy Christmas,2014-06-26,2014,06 Jun,1) Summer (May-Jul),,,,,,0,,2) 5.0-5.9,5.2,58,7.052422
33468,The Brain That Wouldn't Die,1962-02-25,1962,02 Feb,3) Other months,62000.0,,,,,0,,1) Below 5.0,4.4,32,2.407048
294086,Tiger Orange,2014-07-26,2014,07 Jul,1) Summer (May-Jul),,,,,,0,,,6.4,4,0.176377
139998,Supporting Characters,2012-01-23,2012,01 Jan,3) Other months,,,,,,0,,3) 6.0-6.9,6.7,10,0.620554
74777,Absentia,2011-03-03,2011,03 Mar,3) Other months,70000.0,,,,,0,,2) 5.0-5.9,5.8,121,6.328665
16388,The Brothers McMullen,1995-08-09,1995,08 Aug,3) Other months,,,,,,0,,3) 6.0-6.9,6.3,23,1.578903
159770,The Dirties,2013-10-04,2013,10 Oct,3) Other months,,,,,,0,,3) 6.0-6.9,6.0,42,0.833937
42109,Gabriela,1983-03-24,1983,03 Mar,3) Other months,,,,,,0,,,6.0,2,0.557602
47607,Tiny Furniture,2010-11-12,2010,11 Nov,2) Holiday (Nov-Dec),65000.0,416498.0,351498.0,6.4076615384615385,1.0,1,Q1 (lowest),2) 5.0-5.9,5.6,59,2.380332
193603,Hayride,2012-10-13,2012,10 Oct,3) Other months,60000.0,,,,,0,,,5.1,6,0.412342
84659,The Naked Ape,2006-09-16,2006,09 Sep,3) Other months,,,,,,0,,,5.0,1,0.077577
322745,Counting,2015-02-09,2015,02 Feb,3) Other months,50000.0,,,,,0,,,8.3,3,0.293587
20981,The Call of Cthulhu,2005-01-01,2005,01 Jan,3) Other months,50000.0,,,,,0,,3) 6.0-6.9,6.9,41,1.777148
174362,Bending Steel,2013-04-20,2013,04 Apr,3) Other months,,,,,,0,,,5.0,1,0.048726
242095,The Signal,2014-03-15,2014,03 Mar,3) Other months,4000000.0,600896.0,-3399104.0,0.150224,0.0,1,Q1 (lowest),2) 5.0-5.9,5.8,631,27.662696
250902,The Image Revolution,2013-11-21,2013,11 Nov,2) Holiday (Nov-Dec),50000.0,,,,,0,,,5.7,3,0.54562
158895,This Is Martin Bonner,2013-06-28,2013,06 Jun,1) Summer (May-Jul),,,,,,0,,,6.6,4,0.76368
222250,A True Story,2013-09-20,2013,09 Sep,3) Other months,,,,,,0,,,6.8,2,0.970351
18292,George Washington,2000-10-01,2000,10 Oct,3) Other months,,,,,,0,,3) 6.0-6.9,6.4,36,2.058834
125537,Smiling Fish & Goat On Fire,1999-09-16,1999,09 Sep,3) Other months,,,,,,0,,,7.0,1,0.00734
326576,Dawn of the Crescent Moon,2014-04-05,2014,04 Apr,3) Other months,,,,,,0,,,2.0,1,0.049469
228550,Raymond Did It,2011-03-27,2011,03 Mar,3) Other months,,,,,,0,,,3.2,8,0.160779
13963,The Last Waltz,1978-05-01,1978,05 May,1) Summer (May-Jul),,321952.0,,,,0,,4) 7.0 and above,7.9,64,3.277287
290391,"Run, Hide, Die",2015-09-01,2015,09 Sep,3) Other months,50000.0,,,,,0,,,3.5,2,0.595809
44770,The Exploding Girl,2009-04-22,2009,04 Apr,3) Other months,,,,,,0,,3) 6.0-6.9,6.4,15,0.611081
69382,The Legend of God's Gun,2007-07-08,2007,07 Jul,1) Summer (May-Jul),,,,,,0,,,,0,0.003582
40769,Mutual Appreciation,2005-03-01,2005,03 Mar,3) Other months,500000.0,,,,,0,,,6.1,8,0.123068
220490,Her Cry: La Llorona Investigation,2013-04-19,2013,04 Apr,3) Other months,,,,,,0,,,,0,0.056459
42151,Down Terrace,2009-09-01,2009,09 Sep,3) Other months,31192.0,10000.0,-21192.0,0.32059502436522186,0.0,1,Q1 (lowest),3) 6.0-6.9,6.3,26,1.330379
2292,Clerks,1994-09-13,1994,09 Sep,3) Other months,27000.0,3151130.0,3124130.0,116.70851851851852,1.0,1,Q1 (lowest),4) 7.0 and above,7.4,755,19.748658
42497,Pink Narcissus,1971-01-01,1971,01 Jan,3) Other months,27000.0,,,,,0,,,6.0,9,0.027811
33693,Funny Ha Ha,2002-09-20,2002,09 Sep,3) Other months,,76901.0,,,,0,,,6.3,8,0.362633
14585,In the Company of Men,1997-01-19,1997,01 Jan,3) Other months,,,,,,0,,3) 6.0-6.9,6.8,44,2.634007
185465,Manito,2002-01-15,2002,01 Jan,3) Other months,,,,,,0,,,5.5,2,0.039264
38780,Rampage,2009-08-14,2009,08 Aug,3) Other months,,,,,,0,,3) 6.0-6.9,6.0,131,7.101197
14022,Slacker,1990-07-27,1990,07 Jul,1) Summer (May-Jul),,,,,,0,,3) 6.0-6.9,6.4,77,3.320622
366967,Dutch Kills,2015-10-02,2015,10 Oct,3) Other months,,,,,,0,,,,0,0.038143
255266,Dry Spell,2013-02-14,2013,02 Feb,3) Other months,22000.0,,,,,0,,,6.0,1,0.048948
17345,Flywheel,2003-01-01,2003,01 Jan,3) Other months,,,,,,0,,3) 6.0-6.9,6.8,19,1.048524
226458,Backmask,2015-01-16,2015,01 Jan,3) Other months,,,,,,0,,1) Below 5.0,4.7,79,3.619167
24055,The Puffy Chair,2005-01-17,2005,01 Jan,3) Other months,,,,,,0,,3) 6.0-6.9,6.2,15,1.243955
287625,Stories of Our Lives,2014-09-05,2014,09 Sep,3) Other months,,,,,,0,,,,0,0.327794
44990,Breaking Upwards,2009-03-14,2009,03 Mar,3) Other months,,,,,,0,,2) 5.0-5.9,5.6,12,0.67457
86304,All Superheroes Must Die,2011-10-26,2011,10 Oct,3) Other months,,,,,,0,,1) Below 5.0,4.2,13,3.545991
692,Pink Flamingos,1972-03-12,1972,03 Mar,3) Other months,12000.0,6000000.0,5988000.0,500.0,1.0,1,Q1 (lowest),3) 6.0-6.9,6.2,110,4.553644
39851,Clean,2004-09-01,2004,09 Sep,3) Other months,,,,,,0,,3) 6.0-6.9,6.7,17,1.464566
13898,The Circle,2000-09-08,2000,09 Sep,3) Other months,,,,,,0,,3) 6.0-6.9,6.6,17,1.193779
157185,Tin Can Man,2007-01-01,2007,01 Jan,3) Other months,13.0,,,,,0,,,2.0,1,0.332679
36095,Cure,1997-11-06,1997,11 Nov,2) Holiday (Nov-Dec),20000.0,99000.0,79000.0,4.95,1.0,1,Q1 (lowest),4) 7.0 and above,7.4,63,0.212443
182291,On The Downlow,2004-04-11,2004,04 Apr,3) Other months,,,,,,0,,,6.0,2,0.029757
286939,Sanctuary: Quite a Conundrum,2012-01-20,2012,01 Jan,3) Other months,,,,,,0,,,,0,0.166513
124606,Bang,1995-09-09,1995,09 Sep,3) Other months,,,,,,0,,,6.0,1,0.918116
14337,Primer,2004-10-08,2004,10 Oct,3) Other months,7000.0,424760.0,,,,0,,3) 6.0-6.9,6.9,658,23.307949
67238,Cavite,2005-03-12,2005,03 Mar,3) Other months,,,,,,0,,,7.5,2,0.022173
9367,El Mariachi,1992-09-04,1992,09 Sep,3) Other months,220000.0,2040920.0,1820920.0,9.276909090909092,1.0,1,Q1 (lowest),3) 6.0-6.9,6.6,238,14.269792
72766,Newlyweds,2011-12-26,2011,12 Dec,2) Holiday (Nov-Dec),9000.0,,,,,0,,,5.9,5,0.642552
231617,"Signed, Sealed, Delivered",2013-10-13,2013,10 Oct,3) Other months,,,,,,0,,,7.0,6,1.444476
126186,Shanghai Calling,2012-05-03,2012,05 May,1) Summer (May-Jul),,,,,,0,,,5.7,7,0.857008
25975,My Date with Drew,2005-08-05,2005,08 Aug,3) Other months,,,,,,0,,3) 6.0-6.9,6.3,16,1.929883
